0,-40,62,-0.77
1,-38,40,-0.72
2,-36,19,0.3
3,-34,6,0.32
5,-32,0,0.34
6,-31,-15,0.36
7,-29,-16,-2.6
8,-27,-14,-2.56
10,-26,-35,-2.52
11,-25,-12,-2.48
12,-24,-8,0.5
13,-23,-9,0.48
15,-22,43,0.46
16,-22,35,0.44
17,-21,24,-1.54
18,-21,16,-1.52
20,-21,6,-1.5
21,-21,-8,-1.48
22,-22,-3,-5.43
23,-22,-15,-5.38
25,-22,-41,-5.33
26,-23,-35,-5.28
27,-23,-25,-0.27
28,-23,-26,-0.26
30,-23,20,-0.25
31,-24,17,-0.24
32,-24,25,-2.22
33,-24,22,-2.2
35,-24,16,-2.18
36,-23,16,-2.16
37,-23,5,-0.16
38,-23,3,-0.16
40,-23,-29,-0.16
41,-22,-24,-0.16
42,-22,-18,-4.15
43,-21,-13,-4.14
45,-20,26,-4.13
46,-19,21,-4.12
47,-18,11,-4.08
48,-16,22,-4.04
50,-15,14,-4
51,-13,2,-3.96
52,-12,-2,-1.91
53,-10,-7,-1.86
55,-9,-31,-1.81
56,-7,-23,-1.76
57,-6,-22,-0.75
58,-5,-15,-0.74
60,-3,28,-0.73
61,-2,21,-0.72
62,-1,24,-6.62
63,0,17,-6.52
65,0,12,-6.42
66,1,10,-6.32
67,2,0,-0.33
68,3,2,-0.34
70,4,-33,-0.35
71,5,-25,-0.36
72,6,-16,-2.3
73,7,-19,-2.24
75,7,30,-2.18
76,8,22,-2.12
77,8,26,-2.06
78,8,23,-2
80,8,9,-1.94
81,8,4,-1.88
82,8,-1,-4.79
83,7,-12,-4.7
85,7,-45,-4.61
86,6,-34,-4.52
87,5,-23,-4.47
88,4,-10,-4.42
90,3,17,-4.37
91,2,17,-4.32
92,1,15,-3.25
93,0,13,-3.18
95,-1,11,-3.11
96,-2,2,-3.04
97,-4,1,-2
98,-5,-2,-1.96
100,-7,-41,-1.92
101,-9,-27,-1.88
102,-10,-21,-3.83
103,-12,-22,-3.78
105,-14,25,-3.73
106,-17,18,-3.68
107,-18,16,-3.62
108,-20,15,-3.56
110,-22,8,-3.5
111,-23,5,-3.44
112,-25,2,-4.36
113,-27,-7,-4.28
115,-28,-42,-4.2
116,-30,-29,-4.12
117,-32,-25,-1.07
118,-34,-32,-1.02
120,-36,22,-0.97
121,-37,21,-0.92
122,-39,20,0.11
123,-41,22,0.14
125,-43,16,0.17
126,-44,11,0.2
127,-46,5,-0.75
128,-47,-63,-0.7
130,-49,-48,-0.65
131,-50,-29,-0.6
132,-51,-28,-6.52
133,-53,-19,-6.44
135,-54,-13,-6.36
136,-56,-3,-6.28
137,-58,12,-5.18
138,-61,52,-5.08
140,-65,-2,-4.98
141,-69,-1,-4.88
142,-73,3,-2.82
143,-78,3,-2.76
145,-84,-10,-2.7
146,-90,-9,-2.64
147,-97,1,-2.62
148,-104,0,-2.6
150,-111,-1,-2.58
151,-119,1,-2.56
152,-125,1,-3.48
153,-131,4,-3.4
155,-136,15,-3.32
156,-140,11,-3.24
157,-141,10,-3.18
158,-141,14,-3.12
160,-139,8,-3.06
161,-136,5,-3
162,-129,-3,-3.91
163,-118,-2,-3.82
165,-105,-5,-3.73
166,-89,-7,-3.64
167,-71,5,-2.6
168,-51,-1,-2.56
170,-30,5,-2.52
171,-8,-8,-2.48
172,14,2,0.53
173,38,-5,0.54
175,63,4,0.55
176,88,-2,0.56
177,113,-7,-1.39
178,139,-7,-1.34
180,164,34,-1.29
181,188,-13,-1.24
182,213,30,-0.19
183,238,25,-0.14
185,263,20,-0.09
186,287,16,-0.04
187,308,8,-2.03
188,326,7,-2.02
190,342,-31,-2.01
191,356,-29,-2
192,366,-18,-3.91
193,372,-20,-3.82
195,376,26,-3.73
196,378,23,-3.64
197,375,22,-5.55
198,369,21,-5.46
200,360,15,-5.37
201,350,10,-5.28
202,336,7,-3.21
203,319,-42,-3.14
205,301,-25,-3.07
206,281,-12,-3
207,259,-8,1
208,237,2,1
210,214,47,1
211,191,34,1
212,167,21,-2.96
213,143,3,-2.92
215,119,-23,0.09
216,95,-83,0.1
217,72,-106,0.12
218,49,-104,0.14
220,28,-82,-2.81
221,7,-54,-2.76
222,-12,5,-2.7
223,-30,44,-2.64
225,-47,57,-2.58
226,-63,64,2.43
227,-77,74,2.42
228,-89,64,2.41
230,-100,49,2.4
231,-110,35,2.39
232,-119,29,-2.57
233,-127,39,-2.53
235,-133,-2,-2.49
236,-139,-4,-2.45
237,-143,-3,-4.4
238,-147,-9,-4.35
240,-150,53,-4.3
241,-152,39,-4.25
242,-154,40,-1.2
243,-155,19,-1.15
245,-156,4,-1.1
246,-156,-8,-1.05
247,-156,-19,-3.96
248,-156,-24,-3.87
250,-155,-57,-3.78
251,-154,-56,-3.69
252,-153,-54,-5.59
253,-152,-39,-5.49
255,-151,-19,-5.39
256,-150,4,-5.29
257,-150,39,-7.23
258,-149,4,-7.17
260,-148,3,-7.11
261,-147,-10,-7.05
262,-146,-6,-4.01
263,-145,-10,-3.97
265,-144,-15,-3.93
266,-144,-21,-3.89
267,-143,0,-5.81
268,-142,-5,-5.73
270,-141,-2,-5.65
271,-139,9,-5.57
272,-138,9,-8.46
273,-137,17,-8.35
275,-137,17,-8.24
276,-136,19,-8.13
277,-135,14,-8.03
278,-135,25,-7.93
280,-135,17,-7.83
281,-135,12,-7.73
282,-135,7,-3.67
283,-135,5,-3.61
285,-136,7,-3.55
286,-136,1,-3.49
287,-137,1,-4.43
288,-138,-2,-4.37
290,-139,-1,-4.31
291,-140,0,-4.25
292,-141,-1,-5.17
293,-142,-2,-5.09
295,-144,0,-5.01
296,-145,-2,-4.93
297,-147,2,-7.79
298,-149,2,-7.65
300,-151,42,-7.51
301,-153,27,-7.37
302,-156,19,-8.24
303,-159,13,-8.11
305,-161,1,-7.98
306,-164,0,-7.85
307,-167,-9,-7.71
308,-170,-11,-7.57
310,-173,-51,-7.43
311,-175,-31,-7.29
312,-178,-29,-6.18
313,-180,-17,-6.07
315,-182,16,-5.96
316,-183,20,-7.83
317,-185,17,-7.72
318,-186,15,-7.61
320,-187,13,-8.49
321,-187,-16,-8.37
322,-187,-24,-8.27
323,-187,-18,-8.17
325,-186,-19,-4.11
326,-185,-8,-4.05
327,-184,31,-3.97
328,-182,31,-3.89
330,-180,15,-3.81
331,-179,17,-6.7
332,-177,7,-6.55
333,-175,9,-6.4
335,-173,6,-6.25
336,-171,-3,-6.1
337,-168,4,-6.98
338,-166,-40,-6.86
340,-164,-24,-6.71
341,-162,-22,-6.56
342,-160,-14,-4.43
343,-158,-17,-4.3
345,-156,30,-4.2
346,-154,30,-4.1
347,-152,26,-4.99
348,-150,20,-4.88
350,-148,15,-4.77
351,-147,9,-4.61
352,-145,6,-6.43
353,-144,-3,-6.25
355,-143,-35,-6.07
356,-142,-24,-5.89
357,-142,-20,-3.78
358,-142,-5,-3.67
360,-142,33,-3.56
361,-142,24,-3.45
362,-143,12,-3.36
363,-143,18,-3.27
365,-144,8,-3.18
366,-144,2,-3.09
367,-145,-8,-4.95
368,-146,-12,-4.81
370,-146,-39,-4.67
371,-146,-27,-4.53
372,-147,-23,-5.41
373,-147,-16,-5.29
375,-147,16,-5.17
376,-148,11,-5.05
377,-148,-29,-6.93
378,-148,20,-6.81
380,-149,-27,-6.69
381,-149,-24,-6.57
382,-150,-22,-5.48
383,-150,-9,-5.39
385,-151,-15,-5.3
386,-152,-3,-5.21
387,-153,2,-3.11
388,-154,7,-3.01
390,-155,3,-2.91
391,-155,3,-2.81
392,-156,11,-3.72
393,-157,0,-3.63
395,-157,8,-3.54
396,-158,7,-3.45
397,-159,-1,-2.4
398,-159,3,-2.35
400,-160,5,-2.3
401,-160,0,-2.25
402,-160,11,-6.16
403,-160,-6,-6.07
405,-159,3,-5.98
406,-159,3,-5.89
407,-158,10,-1.8
408,-157,6,-1.71
410,-156,6,-1.62
411,-155,6,-1.53
412,-153,7,-2.44
413,-152,1,-2.35
415,-151,2,-2.26
416,-149,1,-2.17
417,-148,1,-1.1
418,-147,-1,-1.03
420,-146,-7,-0.96
421,-145,33,-0.89
422,-144,22,-1.84
423,-143,25,-1.79
425,-142,12,-1.74
426,-141,10,-1.69
427,-140,8,-1.65
428,-138,-2,-1.61
430,-136,-44,-1.57
431,-134,-33,-1.53
432,-132,-24,-3.47
433,-130,-17,-3.41
435,-128,20,-3.35
436,-125,17,-3.29
437,-123,15,2.72
438,-121,24,2.73
440,-120,12,2.74
441,-118,5,2.73
442,-116,0,0.74
443,-115,-4,0.75
445,-113,-36,0.75
446,-111,-31,0.75
447,-109,-24,-0.24
448,-107,-18,-0.23
450,-104,23,-0.18
451,-101,18,-3.1
452,-99,18,-3.02
453,-95,13,-2.94
455,-93,8,-0.88
456,-90,-39,-0.85
457,-87,-62,-0.82
458,-85,-47,-0.79
460,-82,-31,-2.74
461,-80,-27,-2.69
462,-78,36,-2.65
463,-76,28,-2.61
465,-75,28,-2.57
466,-73,10,-0.55
467,-72,5,-0.51
468,-70,-66,-0.47
470,-69,-46,-0.43
471,-68,-32,-0.39
472,-67,-2,-0.36
473,-66,34,-0.33
475,-65,59,-0.3
476,-64,55,-0.27
477,-63,59,1.72
478,-63,34,1.71
480,-62,49,1.7
481,-61,-6,1.69
482,-60,8,0.71
483,-59,-1,0.73
485,-57,-6,0.75
486,-56,-9,0.77
487,-54,-3,2.77
488,-51,-5,2.77
490,-49,-46,2.77
491,-46,-23,2.77
492,-43,-8,0.77
493,-40,-10,0.77
495,-37,33,0.77
496,-35,28,0.77
497,-32,26,1.75
498,-29,23,1.73
500,-26,8,1.71
501,-24,8,1.69
502,-21,-49,2.64
503,-19,-45,2.59
505,-17,-26,2.54
506,-14,-21,2.49
507,-12,-7,1.46
508,-10,-3,1.43
510,-8,7,1.4
511,-6,12,1.37
512,-5,5,-0.62
513,-4,-4,-0.61
515,-3,11,-0.6
516,-2,10,-0.59
517,-1,1,2.38
518,-1,2,2.35
520,-1,9,2.32
521,-1,4,2.29
522,-1,4,-1.69
523,-1,-6,-1.67
525,-1,-11,-1.65
526,-1,-12,-1.63
527,-1,-2,-3.63
528,-1,-4,-3.63
530,-1,-1,-3.63
531,0,-7,-3.63
532,0,3,-1.61
533,0,-3,-1.59
535,0,-5,-1.57
536,0,-11,-1.55
537,0,-7,1.43
538,0,-12,1.41
540,1,37,1.39
541,1,32,1.37
542,1,29,-4.58
543,1,20,-4.53
545,2,17,-4.48
546,2,7,-4.43
547,2,2,-2.41
548,3,-4,-2.39
550,3,-59,-2.37
551,4,-49,-2.35
552,4,-45,-2.33
553,4,-35,-2.31
555,4,31,-2.29
556,4,34,-2.27
557,4,28,-0.29
558,4,31,-0.31
560,4,20,-1.32
561,4,13,-1.33
562,4,-53,-1.28
563,4,-51,-1.23
565,4,-29,-1.18
566,4,-37,-1.13
567,5,-3,-1.1
568,5,39,-1.07
570,5,38,-1.04
571,6,41,-2
572,6,27,-1.97
573,6,22,-1.94
575,5,16,-1.91
576,5,6,-1.91
577,5,0,-1.91
578,4,1,-1.91
580,2,-59,-1.89
581,1,-43,-1.87
582,0,-35,-3.83
583,-2,-37,-3.79
585,-4,34,-3.77
586,-6,31,-3.75
587,-8,33,-1.75
588,-10,33,-1.75
590,-12,22,-1.75
591,-13,17,-1.73
592,-14,-53,-2.7
593,-15,-50,-2.67
595,-16,-38,-2.64
596,-16,-23,-2.61
597,-17,-21,-5.55
598,-18,-5,-5.49
600,-19,50,-5.43
601,-20,51,-5.37
602,-20,42,-1.33
603,-21,28,-1.29
605,-22,17,-1.25
606,-23,14,-1.21
607,-24,1,-3.16
608,-25,-6,-3.11
610,-25,-54,-3.06
611,-26,-43,-3.01
612,-26,-39,-3.93
613,-27,-31,-3.85
615,-27,36,-3.77
616,-28,38,-3.69
617,-28,30,-2.64
618,-28,35,-2.59
620,-28,29,-2.54
621,-28,24,-2.49
622,-28,12,-4.41
623,-27,1,-4.33
625,-27,-47,-4.25
626,-26,-36,-4.17
627,-25,-33,-2.1
628,-23,-16,-2.03
630,-22,-9,-1.96
631,-20,42,-1.89
632,-19,35,-4.8
633,-17,2,-4.71
635,-16,5,-4.62
636,-14,1,-4.53
637,-13,7,-1.49
638,-11,3,-1.45
640,-10,0,-1.41
641,-8,11,-1.37
642,-7,10,-4.27
643,-5,5,-4.17
645,-3,-7,-4.07
646,-1,5,-3.97
647,1,8,-4.9
648,3,5,-4.83
650,6,2,-4.76
651,9,6,-4.69
652,11,2,-2.66
653,14,-1,-2.63
655,17,6,-2.6
656,20,3,-2.57
657,23,1,-3.51
658,25,-2,-3.45
660,28,4,-3.39
661,30,1,-3.33
662,33,1,-3.24
663,35,2,-3.15
665,37,5,-3.06
666,40,3,-2.97
667,42,3,-3.93
668,44,3,-3.89
670,46,2,-3.85
671,48,4,-3.81
672,49,2,-3.75
673,51,-9,-3.69
675,52,50,-3.63
676,53,32,-3.57
677,54,21,-2.52
678,55,21,-2.47
680,55,24,-2.42
681,56,10,-2.37
682,56,-2,-3.29
683,57,-1,-3.21
685,57,-42,-3.14
686,58,-30,-3.07
687,58,-25,-3.99
688,59,-17,-3.91
690,59,27,-3.83
691,60,28,-3.75
692,60,17,-4.66
693,61,23,-4.57
695,61,11,-4.48
696,61,9,-4.4
697,61,-1,-4.32
698,61,-2,-4.24
700,61,-37,-4.16
701,61,-34,-4.08
702,61,-23,-6.97
703,60,-18,-6.86
705,60,26,-6.75
706,59,28,-7.63
707,58,29,-7.53
708,57,22,-7.43
710,56,14,-5.35
711,54,-6,-5.27
712,53,-32,-5.17
713,51,-41,-5.07
715,50,-24,-5.96
716,49,-19,-5.85
717,47,36,-5.75
718,46,30,-5.65
720,44,23,-5.55
721,43,25,-2.48
722,42,-18,-2.44
723,41,-26,-2.4
725,39,-26,-2.36
726,38,-24,-2.32
727,37,-17,-2.24
728,36,-11,-2.16
730,35,-5,-2.08
731,33,1,-2
732,32,-2,-4.91
733,31,-6,-4.82
735,29,37,-4.73
736,28,27,-4.64
737,27,26,-2.58
738,25,13,-2.52
740,23,10,-2.46
741,21,4,-2.4
742,19,-12,-5.3
743,17,-9,-5.2
745,14,-46,-5.1
746,12,-30,-5
747,10,-26,-4.92
748,7,-29,-4.84
750,5,22,-4.76
751,3,17,-4.68
752,1,-17,-4.58
753,-1,29,-4.48
755,-3,-23,-4.38
756,-4,-20,-4.28
757,-6,-8,-5.2
758,-7,-14,-5.12
760,-9,-7,-5.04
761,-10,2,-4.96
762,-11,-1,-3.86
763,-12,1,-3.76
765,-13,2,-3.66
766,-13,-2,-3.56
767,-14,8,-7.45
768,-14,2,-7.34
770,-14,3,-7.23
771,-14,3,-7.12
772,-14,0,-8.01
773,-14,2,-7.9
775,-14,1,-7.79
776,-14,0,-7.68
777,-14,1,-6.56
778,-14,4,-6.44
780,-14,-6,-6.32
781,-14,-1,-6.2
782,-15,4,-5.1
783,-15,-11,-5
785,-16,3,-4.9
786,-17,-1,-4.8
787,-18,5,-3.71
788,-19,6,-3.62
790,-20,6,-3.53
791,-22,7,-3.44
792,-23,7,-4.35
793,-25,2,-4.26
795,-27,3,-4.17
796,-29,38,-4.08
797,-31,28,-3.99
798,-33,22,-3.9
800,-35,14,-3.81
801,-38,6,-3.72
802,-40,4,-7.58
803,-43,0,-7.44
805,-45,-35,-7.3
806,-47,-31,-7.16
807,-49,-24,-8.02
808,-51,-14,-7.88
810,-52,20,-7.74
811,-53,13,-7.6
812,-54,7,-4.5
813,-55,10,-4.4
815,-56,11,-4.3
816,-57,7,-4.2
817,-58,4,-4.11
818,-60,-5,-4.02
820,-62,-39,-3.93
821,-64,-24,-3.84
822,-67,-25,-2.76
823,-71,-8,-2.68
825,-75,16,-2.6
826,-79,27,-2.52
827,-83,24,-5.44
828,-87,23,-5.36
830,-91,19,-7.26
831,-95,3,-7.17
832,-98,-30,-7.08
833,-101,-26,-6.99
835,-103,-26,-3.91
836,-104,-16,-3.83
837,-104,-9,-3.75
838,-103,27,-3.67
840,-101,23,-3.6
841,-97,23,-6.5
842,-91,14,-6.4
843,-83,13,-6.3
845,-74,4,-6.2
846,-64,-1,-6.07
847,-52,2,-0.99
848,-37,-2,-0.91
850,-22,-39,-0.83
851,-5,-30,-0.75
852,11,-15,-7.6
853,29,-17,-7.45
855,47,21,-7.3
856,65,21,-7.15
857,84,20,-6.04
858,104,20,-5.93
860,123,9,-5.82
861,143,6,-5.71
862,162,2,-5.58
863,182,-4,-5.45
865,201,-32,-5.32
866,220,-29,-5.19
867,238,-20,-4.1
868,255,-10,-4.01
870,271,28,-3.92
871,286,28,-3.83
872,298,30,-3.74
873,307,25,-3.65
875,314,22,-3.56
876,319,13,-3.47
877,321,-24,-3.38
878,320,-24,-3.29
880,316,-13,-3.2
881,309,-10,-3.11
882,300,-5,-6
883,289,-3,-5.89
885,275,2,-5.78
886,260,5,-5.67
887,243,5,-1.59
888,225,2,-1.51
890,205,7,-1.43
891,185,9,-1.35
892,164,3,-4.28
893,143,-3,-4.21
895,122,-4,-4.14
896,101,-12,-4.07
897,81,-16,-4.01
898,61,-31,-3.95
900,41,-39,-3.89
901,22,-33,-3.83
902,5,-35,-4.75
903,-11,29,-4.67
905,-26,29,-4.59
906,-41,29,-4.51
907,-54,27,-3.43
908,-65,22,-3.35
910,-76,-26,-3.27
911,-85,-28,-3.19
912,-94,-22,-7.06
913,-101,-12,-6.93
915,-108,-4,-6.8
916,-113,3,-6.67
917,-118,15,-5.56
918,-122,7,-5.45
920,-126,3,-5.34
921,-128,-1,-5.23
922,-130,-8,-8.09
923,-132,-12,-7.95
925,-133,-5,-7.81
926,-134,-7,-7.67
927,-134,-5,-3.61
928,-134,-5,-3.55
930,-134,37,-3.49
931,-133,36,-3.43
932,-133,25,-2.39
933,-132,19,-2.35
935,-131,20,-2.31
936,-130,13,-2.27
937,-129,8,-4.18
938,-129,1,-4.09
940,-128,-26,-4
941,-128,-18,-3.91
942,-128,-15,-5.8
943,-128,-17,-5.69
945,-128,26,-5.58
946,-128,17,-5.47
947,-129,9,-4.36
948,-129,11,-4.25
950,-129,8,-5.13
951,-129,-13,-5.01
952,-129,-36,-4.92
953,-129,-29,-4.83
955,-129,-20,-8.72
956,-129,-6,-8.61
957,-129,27,-8.5
958,-130,24,-8.39
960,-130,7,-8.25
961,-130,21,-8.11
962,-129,-13,-7.97
963,-129,-28,-7.83
965,-128,-18,-7.69
966,-127,-10,-7.58
967,-127,-4,-10.44
968,-126,-3,-10.3
970,-124,-9,-10.16
971,-123,7,-10.02
972,-122,12,-3.89
973,-121,-6,-3.76
975,-120,37,-3.63
976,-118,22,-3.5
977,-117,19,-7.4
978,-116,15,-7.3
980,-115,8,-7.2
981,-113,4,-7.1
982,-112,3,-5.01
983,-111,-4,-4.92
985,-109,-45,-4.83
986,-108,-44,-4.74
987,-107,-20,-4.65
988,-106,-35,-4.56
990,-104,26,-4.47
991,-103,26,-4.38
992,-102,23,-8.24
993,-101,22,-8.1
995,-101,19,-7.96
996,-100,12,-7.82
997,-100,5,-4.71
998,-99,0,-4.6
1000,-98,-50,-4.49
1001,-98,-49,-4.38
1002,-97,-36,-9.22
1003,-97,-35,-9.06
1005,-96,-28,-8.9
1006,-96,41,-8.74
1007,-95,41,-1.68
1008,-95,42,-1.62
1010,-94,28,-1.56
1011,-94,26,-1.5
1012,-94,-50,-7.34
1013,-94,-46,-7.18
1015,-94,-32,-7.02
1016,-94,-22,-6.86
1017,-95,-14,-7.72
1018,-96,-11,-7.58
1020,-98,-2,-7.44
1021,-100,3,-7.3
1022,-102,3,-4.19
1023,-104,5,-4.08
1025,-105,2,-3.97
1026,-107,7,-3.86
1027,-109,8,-3.76
1028,-111,7,-3.66
1030,-113,13,-3.56
1031,-115,1,-3.46
1032,-117,11,-4.34
1033,-118,6,-4.22
1035,-120,-4,-4.1
1036,-122,-10,-3.98
1037,-123,5,-4.89
1038,-125,0,-4.8
1040,-127,3,-4.71
1041,-129,13,-4.62
1042,-131,6,-2.54
1043,-133,8,-2.46
1045,-136,1,-2.38
1046,-138,7,-2.3
1047,-140,4,-4.23
1048,-142,-8,-4.16
1050,-143,36,-4.09
1051,-145,30,-4.02
1052,-146,24,-2.92
1053,-147,20,-2.82
1055,-149,15,-2.72
1056,-150,10,-2.62
1057,-151,6,-2.51
1058,-152,0,-2.4
1060,-152,-47,-2.29
1061,-153,-40,-2.18
1062,-152,-30,-1.1
1063,-152,-20,-1.02
1065,-152,27,-0.94
1066,-151,27,-0.86
1067,-150,26,-4.76
1068,-148,25,-4.66
1070,-147,21,-4.56
1071,-145,12,-4.46
1072,-144,7,-6.33
1073,-142,0,-6.2
1075,-140,-45,-6.08
1076,-138,-31,-5.96
1077,-137,-21,-2.87
1078,-135,22,-2.78
1080,-133,22,-2.73
1081,-131,17,-2.68
1082,-130,19,-2.63
1083,-128,16,-2.58
1085,-126,11,-2.53
1086,-125,4,-2.48
1087,-123,-1,-1.44
1088,-121,1,-1.4
1090,-119,-37,-1.36
1091,-117,-26,-1.32
1092,-115,-10,1.66
1093,-114,-13,1.64
1095,-113,23,1.62
1096,-111,22,1.6
1097,-110,21,-2.32
1098,-109,17,-2.24
1100,-109,13,-1.17
1101,-108,-8,-1.1
1102,-108,-27,-1.07
1103,-107,-32,-1.04
1105,-107,-12,-3.98
1106,-107,-8,-3.92
1107,-106,26,-3.84
1108,-106,29,-3.76
1110,-106,27,-3.68
1111,-105,30,-0.63
1112,-105,19,-0.58
1113,-104,-26,-0.53
1115,-104,-24,-0.48
1116,-104,-19,-0.43
1117,-103,-14,-0.42
1118,-103,-6,-0.41
1120,-102,-5,-0.4
1121,-101,-2,-0.39
1122,-100,6,-0.35
1123,-99,-4,-0.31
1125,-98,33,-0.27
1126,-96,22,-0.23
1127,-94,-23,-2.22
1128,-91,19,-2.21
1130,-88,-25,-2.2
1131,-85,-14,-2.19
1132,-82,-12,-0.13
1133,-79,-22,-0.07
1135,-76,-7,-0.01
1136,-72,-8,0.05
1137,-69,-5,-0.94
1138,-66,-10,-0.93
1140,-63,-17,-0.92
1141,-60,-8,-0.91
1142,-56,-6,3.05
1143,-53,-4,3.01
1145,-50,-13,2.97
1146,-47,-3,2.93
1147,-44,-14,0.94
1148,-41,-12,0.95
1150,-38,-23,0.96
1151,-35,-21,0.97
1152,-32,-26,3.95
1153,-29,-23,3.93
1155,-27,-10,3.91
1156,-25,18,3.89
1157,-23,48,5.84
1158,-21,61,5.79
1160,-20,61,5.74
1161,-18,57,5.69
1162,-17,40,8.6
1163,-16,20,8.51
1165,-14,5,8.42
1166,-13,-12,8.33
1167,-12,-15,5.29
1168,-11,-32,5.25
1170,-10,-22,5.21
1171,-9,14,5.17
1172,-9,13,8.08
1173,-8,20,7.99
1175,-7,14,7.9
1176,-7,8,7.81
1177,-6,6,7.73
1178,-7,1,7.65
1180,-7,-55,7.57
1181,-8,-47,7.49
1182,-9,-31,11.37
1183,-10,-25,11.25
1185,-11,27,11.13
1186,-12,23,11.01
1187,-13,28,10.9
1188,-13,30,10.79
1190,-14,32,10.68
1191,-14,32,10.57
1192,-14,27,10.42
1193,-15,19,10.27
1195,-15,-15,10.12
1196,-16,-15,9.97
1197,-16,-10,10.79
1198,-16,-13,10.61
1200,-16,17,10.43
1201,-16,15,10.25
1202,-16,13,10.1
1203,-16,4,9.95
1205,-16,4,9.8
1206,-15,1,12.62
1207,-15,-38,12.44
1208,-14,-26,12.26
1210,-14,-13,10.1
1211,-13,-11,9.94
1212,-13,17,9.79
1213,-13,21,9.64
1215,-12,18,9.49
1216,-12,12,13.3
1217,-12,19,13.14
1218,-12,6,12.98
1220,-13,0,12.82
1221,-13,-11,12.66
1222,-13,-8,6.52
1223,-14,-60,6.38
1225,-15,-40,6.25
1226,-16,-22,6.12
1227,-17,-5,9.95
1228,-18,-13,9.78
1230,-19,32,9.58
1231,-21,26,9.38
1232,-22,29,9.18
1233,-24,18,8.98
1235,-26,10,8.78
1236,-28,5,8.61
1237,-30,3,6.46
1238,-32,0,6.31
1240,-34,-33,6.16
1241,-36,-25,6.01
1242,-38,-21,6.85
1243,-40,-13,6.69
1245,-42,31,6.53
1246,-44,20,6.37
1247,-46,21,5.22
1248,-48,13,5.07
1250,-49,13,4.92
1251,-51,9,4.77
1252,-52,-32,5.59
1253,-53,-31,5.41
1255,-55,-15,5.23
1256,-56,-9,5.05
1257,-57,-10,4.89
1258,-58,-3,4.73
1260,-59,2,4.57
1261,-60,7,4.41
1262,-61,2,-0.71
1263,-62,13,-0.83
1265,-63,9,-0.95
1266,-63,6,-1.07
1267,-64,0,0.83
1268,-65,3,0.73
1270,-66,2,0.63
1271,-66,2,0.53
1272,-67,-3,1.4
1273,-67,1,1.27
1275,-68,-8,1.14
1276,-68,-1,1.01
1277,-68,1,1.9
1278,-69,1,1.79
1280,-69,6,1.68
1281,-69,0,1.57
1282,-69,3,2.47
1283,-69,5,2.37
1285,-68,3,2.27
1286,-68,-3,2.17
1287,-67,1,-1.86
1288,-67,-4,-1.89
1290,-66,-2,-1.92
1291,-65,-4,-1.95
1292,-65,-1,2.94
1293,-65,-2,2.83
1295,-65,2,2.72
1296,-65,0,2.61
1297,-65,5,-0.44
1298,-65,1,-0.49
1300,-65,1,-0.54
1301,-65,5,-0.59
1302,-66,-2,-2.62
1303,-66,-2,-2.65
1305,-66,32,-2.68
1306,-66,24,-2.71
1307,-65,12,1.26
1308,-65,11,1.23
1310,-64,9,1.2
1311,-64,6,1.17
1312,-63,0,-4.8
1313,-62,2,-4.77
1315,-62,-39,-4.74
1316,-61,-29,-4.71
1317,-60,-23,0.27
1318,-59,-9,0.25
1320,-58,16,0.23
1321,-57,18,0.21
1322,-57,15,-1.78
1323,-56,12,-1.77
1325,-55,20,-2.75
1326,-54,6,-2.73
1327,-53,-33,-2.71
1328,-52,-28,-2.69
1330,-51,-24,-2.67
1331,-51,-25,-2.62
1332,-50,0,-2.57
1333,-49,26,-2.52
1335,-49,21,-2.49
1336,-48,34,-1.47
1337,-48,20,-1.45
1338,-47,-17,-1.43
1340,-47,-17,-1.41
1341,-47,-18,-1.35
1342,-46,-14,-2.28
1343,-45,-8,-2.21
1345,-44,-6,-2.14
1346,-43,-4,-2.07
1347,-42,5,-3.05
1348,-41,8,-3.03
1350,-39,35,-3.01
1351,-37,24,-2.99
1352,-35,17,-2.93
1353,-33,15,-2.87
1355,-31,13,-2.81
1356,-30,2,-2.75
1357,-29,-1,1.27
1358,-28,-6,1.29
1360,-27,-37,1.31
1361,-27,-21,1.33
1362,-27,-24,1.33
1363,-28,-21,1.33
1365,-28,23,1.33
1366,-29,22,1.33
1367,-30,22,-1.63
1368,-31,15,-1.59
1370,-32,13,-1.55
1371,-34,3,-1.51
1372,-35,4,-2.47
1373,-37,-4,-2.43
1375,-39,-43,-2.39
1376,-42,-34,-2.35
1377,-44,-13,0.67
1378,-46,-17,0.69
1380,-49,-9,0.71
1381,-52,37,0.73
1382,-55,28,-1.23
1383,-57,-8,-1.19
1385,-60,-9,-1.15
1386,-63,-11,-1.11
1387,-65,-6,-3.1
1388,-68,-10,-3.09
1390,-70,-9,-3.08
1391,-73,1,-3.07
1392,-75,-2,-2.05
1393,-78,-3,-2.03
1395,-80,7,-2.01
1396,-82,-2,-1.99
1397,-85,5,-0.97
1398,-87,6,-0.95
1400,-88,-3,-0.93
1401,-90,6,-0.91
1402,-92,5,-1.87
1403,-93,3,-1.83
1405,-94,4,-1.79
1406,-95,2,-1.75
1407,-95,0,1.27
1408,-96,4,1.29
1410,-95,-2,1.31
1411,-95,-2,1.33
1412,-94,1,0.32
1413,-93,-1,0.31
1415,-91,1,0.3
1416,-90,1,0.29
1417,-88,3,-0.66
1418,-86,6,-0.61
1420,-84,6,-0.56
1421,-83,-1,-0.51
1422,-81,0,-3.46
1423,-78,0,-3.41
1425,-76,39,-3.36
1426,-74,29,-3.31
1427,-72,22,-1.3
1428,-69,16,-1.29
1430,-67,8,-1.28
1431,-64,0,-1.27
1432,-61,0,-1.22
1433,-58,-7,-1.17
1435,-55,-45,-1.12
1436,-52,-34,-1.07
1437,-49,-21,-1.08
1438,-46,-18,-1.09
1440,-44,25,-1.1
1441,-41,19,-1.11
1442,-39,21,-1.07
1443,-36,15,-1.03
1445,-34,9,-0.99
1446,-32,1,-0.95
1447,-29,1,-2.91
1448,-27,-6,-2.87
1450,-25,-45,-2.84
1451,-22,-28,-2.81
1452,-20,-23,-4.76
1453,-18,-23,-4.71
1455,-17,18,-4.66
1456,-15,17,-4.61
1457,-14,19,-1.59
1458,-13,19,-1.57
1460,-12,12,-1.55
1461,-11,9,-2.51
1462,-10,-41,-2.47
1463,-9,-32,-2.43
1465,-9,-25,-1.4
1466,-8,-14,-1.37
1467,-8,-11,-1.35
1468,-8,30,-1.33
1470,-8,33,-1.31
1471,-8,31,-3.27
1472,-8,24,-3.24
1473,-8,15,-3.21
1475,-8,10,-3.18
1476,-8,4,-3.15
1477,-8,1,-4.11
1478,-8,0,-4.07
1480,-9,-41,-4.03
1481,-9,-29,-3.99
1482,-9,-12,-3.91
1483,-9,-16,-3.83
1485,-9,23,-3.75
1486,-8,20,-3.67
1487,-8,23,-1.61
1488,-8,18,-1.55
1490,-7,11,-1.49
1491,-7,10,-1.43
1492,-6,2,-1.4
1493,-6,-3,-1.37
1495,-6,-41,-1.34
1496,-5,-36,-1.31
1497,-6,-21,-3.27
1498,-6,21,-3.23
1500,-6,15,-3.19
1501,-7,19,-3.15
1502,-7,-13,2.86
1503,-8,26,2.87
1505,-8,-26,2.88
1506,-8,-25,2.89
1507,-8,-25,-1.08
1508,-8,-15,-1.05
1510,-8,-9,-1.02
1511,-8,4,-0.99
1512,-7,0,-3.95
1513,-7,4,-3.91
1515,-6,-1,-3.87
1516,-6,-2,-3.83
1517,-5,-1,-5.76
1518,-5,1,-5.69
1520,-5,3,-5.62
1521,-5,-5,-5.55
1522,-5,0,-1.51
1523,-5,5,-1.47
1525,-5,2,-1.43
1526,-4,-5,-1.39
1527,-4,3,-5.32
1528,-4,-7,-5.25
1530,-4,4,-5.18
1531,-4,2,-5.11
1532,-4,7,-4.02
1533,-3,37,-3.93
1535,-2,37,-3.84
1536,-1,23,-3.75
1537,0,16,-3.67
1538,0,10,-3.59
1540,1,-40,-3.51
1541,3,-25,-3.43
1542,5,-34,-2.37
1543,6,-25,-2.31
1545,8,-15,-2.25
1546,10,0,-2.19
1547,12,8,-1.17
1548,14,6,-1.15
1550,15,8,-1.13
1551,17,11,-1.11
1552,19,8,-4.04
1553,20,6,-3.97
1555,21,5,-3.9
1556,23,2,-3.83
1557,23,7,-3.76
1558,24,6,-3.69
1560,24,41,-3.62
1561,24,32,-3.55
1562,24,22,-4.47
1563,23,16,-4.39
1565,23,9,-4.31
1566,21,0,-4.23
1567,20,4,-5.14
1568,19,-3,-5.05
1570,18,-35,-4.96
1571,16,-19,-4.87
1572,15,-15,-1.83
1573,13,-12,-1.79
1575,11,24,-1.75
1576,10,18,-1.71
1577,8,14,-4.66
1578,6,16,-4.61
1580,4,4,-6.54
1581,2,-8,-6.47
1582,0,-40,-6.37
1583,-2,-31,-6.27
1585,-4,-27,-4.19
1586,-6,-9,-4.12
1587,-8,24,-4.05
1588,-9,21,-3.98
1590,-11,14,-3.9
1591,-12,20,-5.8
1592,-13,15,-5.7
1593,-14,-35,-5.6
1595,-15,-23,-5.5
1596,-16,-17,-5.42
1597,-17,-10,-1.38
1598,-17,-7,-1.34
1600,-18,-4,-1.3
1601,-19,4,-1.26
1602,-20,6,-0.24
1603,-20,-6,-0.22
1605,-21,34,-0.2
1606,-21,23,-0.18
1607,-22,17,-4.12
1608,-22,12,-4.06
1610,-23,9,-4
1611,-23,6,-3.94
1612,-23,4,-4.85
1613,-24,0,-4.76
1615,-25,-39,-4.67
1616,-26,-35,-4.58
1617,-27,-25,-2.51
1618,-28,17,-2.44
1620,-30,16,-2.37
1621,-31,15,-2.3
1622,-32,14,-1.26
1623,-34,15,-1.22
1625,-35,11,-1.18
1626,-36,3,-1.14
1627,-37,-42,-3.02
1628,-38,-33,-2.9
1630,-40,-15,-2.78
1631,-41,-16,-2.66
1632,-42,-2,-3.57
1633,-43,-6,-3.48
1635,-43,4,-3.39
1636,-44,5,-3.3
1637,-45,7,-4.23
1638,-46,6,-4.16
1640,-47,13,-4.09
1641,-48,-2,-4.02
1642,-48,5,-1
1643,-49,4,-0.98
1645,-50,3,-0.96
1646,-51,3,-0.94
1647,-53,4,-1.87
1648,-54,36,-1.8
1650,-56,27,-1.73
1651,-58,19,-1.66
1652,-61,13,-0.64
1653,-65,10,-0.62
1655,-69,3,-0.6
1656,-74,3,-0.58
1657,-80,1,-4.51
1658,-85,-1,-4.44
1660,-92,-32,-4.37
1661,-98,-21,-4.3
1662,-104,-18,-1.26
1663,-110,-13,-1.22
1665,-116,-13,-1.18
1666,-122,-4,-1.14
1667,-126,3,-2.08
1668,-130,0,-2.02
1670,-132,3,-1.96
1671,-133,-1,-1.9
1672,-133,7,-2.82
1673,-131,3,-2.74
1675,-127,2,-2.66
1676,-123,3,-2.58
1677,-115,2,-3.52
1678,-106,-8,-3.46
1680,-94,32,-3.4
1681,-81,27,-3.34
1682,-66,16,-1.3
1683,-50,18,-1.26
1685,-32,10,-1.22
1686,-15,6,-1.18
1687,3,1,-4.12
1688,24,-2,-4.06
1690,45,-35,-4
1691,66,-34,-3.94
1692,88,-20,-2.9
1693,110,-21,-2.86
1695,131,27,-2.82
1696,152,22,-2.78
1697,173,18,-3.7
1698,194,14,-3.62
1700,215,10,-3.54
1701,235,5,-3.46
1702,253,2,-1.43
1703,268,-4,-1.4
1705,282,-36,-1.39
1706,293,-18,-1.38
1707,301,-20,-5.33
1708,306,22,-5.28
1710,309,17,-5.21
1711,309,15,-5.14
1712,306,16,-2.1
1713,300,12,-2.06
1715,291,11,-2.02
1716,281,1,-2
1717,267,5,-3.96
1718,252,7,-3.92
1720,234,-36,-3.88
1721,215,-24,-3.84
1722,195,-13,-6.73
1723,174,-11,-6.62
1725,152,29,-6.51
1726,130,21,-6.4
1727,108,2,-4.3
1728,86,1,-4.2
1730,65,-6,-3.11
1731,44,-24,-3.02
1732,23,-84,-2.97
1733,4,-69,-2.92
1735,-13,-37,-2.87
1736,-31,-29,-2.82
1737,-47,-19,-2.78
1738,-63,52,-2.74
1740,-77,54,-2.7
1741,-90,54,-2.66
1742,-101,44,-2.6
1743,-112,20,-2.54
1745,-122,3,-2.48
1746,-130,1,-2.42
1747,-138,1,-3.34
1748,-144,-2,-3.26
1750,-150,2,-3.18
1751,-155,5,-3.1
1752,-159,6,2.9
1753,-163,5,2.9
1755,-166,0,2.9
1756,-168,-4,2.9
1757,-171,-2,-4.04
1758,-173,34,-3.98
1760,-175,25,-3.92
1761,-176,-16,-3.86
1762,-177,-18,0.15
1763,-178,-18,0.16
1765,-179,-14,0.17
1766,-179,-22,0.18
1767,-179,-16,-3.74
1768,-179,-13,-3.66
1770,-179,-16,-3.58
1771,-178,-1,-3.5
1772,-177,5,-1.45
1773,-177,0,-1.4
1775,-176,11,-1.35
1776,-176,5,-1.3
1777,-175,-2,-1.24
1778,-175,7,-1.18
1780,-175,7,-1.12
1781,-175,4,-1.06
1782,-175,3,-3.02
1783,-175,-1,-2.98
1785,-175,-1,-2.94
1786,-176,-13,-2.9
1787,-176,-10,-2.83
1788,-177,31,-2.76
1790,-178,21,-2.69
1791,-179,18,-2.62
1792,-181,14,-4.54
1793,-182,10,-4.46
1795,-184,-41,-4.38
1796,-186,-30,-4.3
1797,-188,-25,-2.25
1798,-190,-20,-2.2
1800,-192,25,-2.15
1801,-194,27,-2.1
1802,-196,25,-5.03
1803,-197,27,-4.96
1805,-198,15,-4.89
1806,-199,8,-4.82
1807,-200,1,-0.77
1808,-201,-4,-0.72
1810,-201,-46,-0.67
1811,-202,-42,-0.62
1812,-202,-28,-2.58
1813,-202,-33,-2.54
1815,-203,26,-2.5
1816,-203,25,-2.46
1817,-203,25,-0.43
1818,-204,25,-0.4
1820,-205,18,-0.37
1821,-205,10,-1.33
1822,-206,-51,-1.3
1823,-207,-46,-1.27
1825,-208,-36,-1.24
1826,-209,-29,-2.2
1827,-209,9,-2.14
1828,-210,36,-2.08
1830,-210,36,-2.02
1831,-210,35,-5.92
1832,-210,27,-5.86
1833,-210,20,-5.8
1835,-210,12,-5.74
1836,-210,4,-5.68
1837,-210,1,-5.59
1838,-210,2,-5.5
1840,-210,-36,-5.41
1841,-210,-34,-5.32
1842,-210,-30,-5.25
1843,-209,-10,-5.18
1845,-208,25,-5.11
1846,-208,29,-5.04
1847,-206,23,-5
1848,-205,23,-4.96
1850,-203,16,-4.92
1851,-201,11,-4.88
1852,-200,-30,-1.85
1853,-198,-25,-1.82
1855,-196,-15,-1.78
1856,-195,-13,-1.74
1857,-193,-8,-3.68
1858,-192,-5,-3.62
1860,-191,39,-3.56
1861,-190,30,-3.5
1862,-189,22,-2.45
1863,-189,10,-2.4
1865,-188,7,-2.35
1866,-187,0,-2.3
1867,-187,0,-6.21
1868,-186,-6,-6.12
1870,-185,-45,-6.03
1871,-184,-30,-5.94
1872,-184,-24,-7.84
1873,-183,16,-7.74
1875,-183,16,-7.64
1876,-182,15,-7.54
1877,-182,-31,-2.43
1878,-182,21,-2.32
1880,-181,-41,-2.21
1881,-181,-32,-2.1
1882,-181,-36,-6.02
1883,-181,-27,-5.94
1885,-181,-18,-5.86
1886,-181,-6,-5.78
1887,-181,-3,-3.68
1888,-180,3,-3.58
1890,-180,-3,-3.48
1891,-179,4,-3.38
1892,-179,9,-3.32
1893,-179,10,-3.26
1895,-179,3,-3.2
1896,-179,-2,-3.14
1897,-180,0,-6.03
1898,-180,7,-5.92
1900,-181,15,-5.81
1901,-182,11,-5.7
1902,-182,9,-0.64
1903,-183,-5,-0.58
1905,-184,-3,-0.52
1906,-185,5,-0.46
1907,-186,10,-2.4
1908,-186,1,-2.34
1910,-186,11,-2.28
1911,-187,4,-2.22
1912,-187,10,-0.18
1913,-187,9,-0.14
1915,-187,6,-0.1
1916,-188,2,-0.06
1917,-188,12,-1.03
1918,-188,-5,-1
1920,-188,43,-0.97
1921,-188,28,-0.94
1922,-188,19,0.1
1923,-188,13,0.14
1925,-188,16,0.18
1926,-187,9,0.22
1927,-187,1,-4.72
1928,-186,-1,-4.66
1930,-185,-51,-4.6
1931,-184,-29,-4.54
1932,-184,-26,2.49
1933,-183,-17,2.52
1935,-182,24,2.55
1936,-181,27,2.58
1937,-181,25,2.59
1938,-181,22,2.6
1940,-180,12,2.61
1941,-180,9,2.62
1942,-180,5,1.66
1943,-180,2,1.7
1945,-180,-32,1.74
1946,-179,-21,1.77
1947,-179,-20,2.79
1948,-179,-18,2.81
1950,-178,25,2.83
1951,-178,21,2.84
1952,-178,19,-0.12
1953,-177,24,-0.08
1955,-177,7,0.95
1956,-177,8,0.94
1957,-176,-30,0.93
1958,-176,-39,0.92
1960,-175,-29,0.91
1961,-174,-15,1.89
1962,-173,6,1.87
1963,-172,27,1.85
1965,-171,27,1.83
1966,-169,29,3.79
1967,-167,16,3.75
1968,-166,-12,3.71
1970,-164,-23,3.67
1971,-162,-24,3.63
1972,-159,-19,-0.37
1973,-157,-16,-0.37
1975,-155,-13,-0.37
1976,-153,-9,-0.37
1977,-150,6,0.65
1978,-148,-2,0.67
1980,-145,37,0.69
1981,-143,24,0.71
1982,-141,23,1.7
1983,-138,15,1.69
1985,-136,9,1.68
1986,-133,4,1.67
1987,-130,1,5.63
1988,-127,-3,5.59
1990,-124,-58,5.55
1991,-121,-54,5.51
1992,-118,-41,6.42
1993,-114,21,6.33
1995,-111,14,6.24
1996,-107,-6,6.15
1997,-104,-14,5.05
1998,-100,-19,4.95
2000,-97,3,4.85
2001,-94,19,4.75
2002,-91,-34,3.71
2003,-87,14,3.67
2005,-84,33,3.63
2006,-81,37,3.59
2007,-77,32,7.47
2008,-74,20,7.35
2010,-71,6,7.23
2011,-67,-9,7.11
2012,-64,-35,5.03
2013,-61,-36,4.95
2015,-58,-32,4.87
2016,-54,-29,4.79
2017,-52,-34,3.72
2018,-49,-20,3.65
2020,-46,0,3.58
2021,-44,8,3.51
2022,-42,17,2.42
2023,-40,19,2.33
2025,-38,17,2.24
2026,-37,15,2.15
2027,-35,23,6.07
2028,-34,54,5.99
2030,-33,50,5.91
2031,-32,35,5.83
2032,-32,20,5.73
2033,-32,9,5.63
2035,-32,-42,5.53
2036,-32,-31,5.43
2037,-33,-18,5.35
2038,-34,-13,5.27
2040,-35,0,5.19
2041,-36,3,5.11
2042,-37,15,7
2043,-39,19,6.89
2045,-40,18,6.78
2046,-41,15,6.67
2047,-42,9,8.55
2048,-44,6,8.43
2050,-45,4,8.31
2051,-46,1,8.19
2052,-47,2,4.06
2053,-49,2,3.93
2055,-51,42,3.8
2056,-53,35,3.67
2057,-55,21,6.58
2058,-57,15,6.49
2060,-59,5,6.4
2061,-61,-12,6.31
2062,-63,-8,8.2
2063,-66,-17,8.09
2065,-68,-44,7.98
2066,-70,-35,7.87
2067,-71,-31,8.74
2068,-73,-19,8.61
2070,-75,9,8.48
2071,-76,-20,8.35
2072,-78,30,8.23
2073,-79,28,8.11
2075,-81,20,7.99
2076,-83,18,7.87
2077,-85,6,6.73
2078,-86,-4,6.59
2080,-88,-36,6.46
2081,-90,-28,6.33
2082,-92,-22,7.19
2083,-94,-27,7.05
2085,-96,18,6.91
2086,-97,16,6.78
2087,-99,12,6.65
2088,-100,14,6.52
2090,-102,9,8.37
2091,-104,-18,8.24
2092,-106,-37,8.11
2093,-108,-22,7.98
2095,-110,-21,3.89
2096,-112,-11,3.8
2097,-114,32,3.67
2098,-116,30,3.54
2100,-118,25,3.41
2101,-120,26,2.29
2102,-122,15,2.18
2103,-124,13,2.07
2105,-126,5,1.96
2106,-128,0,1.85
2107,-129,1,2.74
2108,-131,-8,2.63
2110,-132,-28,2.52
2111,-133,-21,2.41
2112,-134,-17,4.32
2113,-135,-10,4.23
2115,-136,31,4.14
2116,-138,23,4.05
2117,-139,23,2.98
2118,-140,23,2.91
2120,-142,11,2.84
2121,-143,10,2.77
2122,-144,7,3.68
2123,-145,4,3.59
2125,-146,-36,3.5
2126,-146,-28,3.41
2127,-146,-23,5.29
2128,-146,-17,5.17
2130,-146,31,5.05
2131,-146,26,4.93
2132,-145,-11,1.88
2133,-144,-10,1.83
2135,-143,-9,1.78
2136,-142,-14,1.73
2137,-141,-12,0.67
2138,-139,-8,0.61
2140,-138,-4,0.55
2141,-136,2,0.49
2142,-134,-1,-0.57
2143,-132,-2,-0.63
2145,-130,1,-0.69
2146,-128,0,-0.75
2147,-126,0,1.16
2148,-124,1,1.07
2150,-121,7,0.98
2151,-118,4,0.89
2152,-115,5,0.84
2153,-113,7,0.79
2155,-110,4,0.74
2156,-107,5,0.69
2157,-105,1,0.64
2158,-102,-3,0.59
2160,-99,2,0.54
2161,-97,-11,0.49
2162,-94,1,-2.53
2163,-91,0,-2.55
2165,-88,2,-2.57
2166,-84,-2,-2.59
2167,-81,0,-2.59
2168,-78,-1,-2.59
2170,-74,-3,-2.59
2171,-71,-2,-2.59
2172,-68,-2,-0.59
2173,-65,1,-0.59
2175,-62,32,-0.59
2176,-59,26,-0.59
2177,-57,24,-2.61
2178,-55,10,-2.63
2180,-53,8,-2.65
2181,-52,4,-2.67
2182,-50,1,-1.67
2183,-49,-7,-1.67
2185,-48,-41,-1.67
2186,-47,-23,-1.67
2187,-47,-16,2.31
2188,-46,-9,2.29
2190,-45,29,2.27
2191,-45,22,2.25
2192,-45,20,-0.73
2193,-45,17,-0.71
2195,-45,10,-0.69
2196,-45,7,-0.67
2197,-46,-4,0.34
2198,-46,-6,0.35
2200,-47,-39,0.36
2201,-48,-32,0.37
2202,-49,-20,2.35
2203,-51,-17,2.33
2205,-52,24,2.31
2206,-53,17,2.29
2207,-55,12,-1.68
2208,-56,13,-1.65
2210,-58,8,-0.63
2211,-61,-9,-0.61
2212,-64,-31,-0.59
2213,-67,-28,-0.57
2215,-71,-16,-0.53
2216,-76,-10,-0.49
2217,-82,28,-0.45
2218,-88,26,-0.41
2220,-95,20,-0.41
2221,-102,15,-0.41
2222,-109,16,-0.41
2223,-117,-29,-0.41
2225,-124,-30,-0.41
2226,-132,-15,-0.42
2227,-139,-11,0.56
2228,-145,-8,0.54
2230,-151,-3,0.52
2231,-156,5,0.5
2232,-161,5,1.48
2233,-163,8,1.46
2235,-165,41,1.44
2236,-166,29,1.42
2237,-164,18,-0.56
2238,-160,15,-0.54
2240,-154,12,-0.52
2241,-146,7,-0.5
2242,-135,-4,1.49
2243,-121,-9,1.48
2245,-104,-39,1.47
2246,-85,-24,1.46
2247,-65,-18,-0.52
2248,-42,-5,-0.5
2250,-18,14,-0.48
2251,5,6,-0.46
2252,30,19,-0.42
2253,56,14,-0.38
2255,81,-27,-0.34
2256,106,-22,-0.3
2257,132,-13,0.7
2258,157,-15,0.7
2260,182,-5,0.7
2261,206,-1,0.7
2262,229,5,1.68
2263,251,-6,1.66
2265,271,-8,1.64
2266,290,-15,1.62
2267,305,4,-1.38
2268,317,7,-1.38
2270,326,7,-1.38
2271,332,9,-1.38
2272,335,3,-3.34
2273,335,9,-3.3
2275,331,4,-3.26
2276,326,2,-3.22
2277,316,-1,1.77
2278,304,5,1.76
2280,289,1,1.75
2281,272,5,1.74
2282,253,0,-5.2
2283,232,1,-5.14
2285,210,-1,-5.08
2286,187,5,-5.02
2287,163,6,-4.99
2288,139,0,-4.96
2290,115,4,-4.93
2291,91,3,-4.9
2292,67,-4,-2.89
2293,44,-6,-2.88
2295,21,20,-2.87
2296,0,17,-2.86
2297,-20,14,-0.85
2298,-40,6,-0.84
2300,-59,6,-0.83
2301,-76,4,-0.82
2302,-93,3,1.15
2303,-107,0,1.12
2305,-121,-28,1.09
2306,-133,-25,1.06
2307,-144,-9,-0.94
2308,-153,-8,-0.94
2310,-161,33,-0.94
2311,-168,31,-0.94
2312,-174,25,-1.89
2313,-179,28,-1.84
2315,-183,17,-1.79
2316,-186,8,-1.74
2317,-189,2,-4.69
2318,-191,-14,-4.64
2320,-193,-37,-4.59
2321,-194,-34,-4.54
2322,-194,-15,-3.49
2323,-194,-16,-3.44
2325,-194,6,-3.39
2326,-194,12,-3.34
2327,-193,11,-5.25
2328,-192,10,-5.16
2330,-190,6,-1.11
2331,-189,-25,-1.06
2332,-187,-43,-1.05
2333,-185,-35,-1.04
2335,-184,-29,-2.01
2336,-182,-25,-1.98
2337,-180,39,-1.95
2338,-179,26,-1.92
2340,-177,27,-1.89
2341,-176,25,-7.8
2342,-174,13,-7.71
2343,-173,-34,-7.62
2345,-171,-35,-7.53
2346,-170,-33,-7.44
2347,-169,-16,-1.41
2348,-167,-18,-1.38
2350,-166,-11,-1.35
2351,-165,-5,-1.32
2352,-164,1,-2.27
2353,-163,3,-2.22
2355,-163,36,-2.17
2356,-162,38,-2.12
2357,-162,34,-3.05
2358,-162,28,-2.98
2360,-162,24,-2.91
2361,-162,20,-2.84
2362,-163,12,0.18
2363,-164,7,0.2
2365,-165,-21,0.22
2366,-167,-21,0.24
2367,-168,-13,-2.69
2368,-170,8,-2.62
2370,-171,20,-2.55
2371,-172,18,-2.48
2372,-174,20,-6.39
2373,-175,12,-6.3
2375,-177,6,-6.21
2376,-179,-33,-6.12
2377,-180,-27,-3.06
2378,-182,-21,-3
2380,-184,-18,-2.94
2381,-186,-9,-2.88
2382,-187,-5,-8.75
2383,-189,-3,-8.62
2385,-191,-9,-8.49
2386,-193,-9,-8.36
2387,-195,-10,-3.27
2388,-197,-12,-3.18
2390,-198,-4,-3.09
2391,-200,-7,-3
2392,-202,-3,-1.95
2393,-204,-3,-1.9
2395,-206,3,-1.85
2396,-207,9,-1.8
2397,-209,1,-0.78
2398,-211,5,-0.76
2400,-213,-6,-0.74
2401,-215,11,-0.72
2402,-216,1,-2.63
2403,-217,4,-2.54
2405,-219,0,-2.45
2406,-219,11,-2.36
2407,-220,10,-1.35
2408,-221,5,-1.34
2410,-221,5,-1.33
2411,-221,0,-1.32
2412,-222,8,-2.3
2413,-223,2,-2.28
2415,-224,-8,-2.26
2416,-225,33,-2.24
2417,-226,18,-2.2
2418,-227,16,-2.16
2420,-229,10,-2.12
2421,-231,6,-2.08
2422,-232,4,-3.01
2423,-234,2,-2.94
2425,-236,-49,-2.87
2426,-237,-43,-2.8
2427,-239,-25,-2.71
2428,-240,-11,-2.62
2430,-241,27,-2.53
2431,-243,24,-2.44
2432,-244,23,-5.34
2433,-245,23,-5.24
2435,-245,17,-5.14
2436,-245,10,-5.04
2437,-245,4,-1.98
2438,-245,0,-1.92
2440,-245,-37,-1.86
2441,-244,-34,-1.8
2442,-243,-21,2.19
2443,-242,-9,2.18
2445,-241,20,2.17
2446,-240,21,2.16
2447,-238,21,-4.77
2448,-236,20,-4.7
2450,-234,15,-4.63
2451,-232,-13,-4.56
2452,-229,-34,-4.51
2453,-227,-28,-4.46
2455,-225,-15,-3.38
2456,-222,-4,-3.3
2457,-220,36,-3.22
2458,-218,26,-3.14
2460,-216,23,-3.07
2461,-214,19,-2.01
2462,-212,9,-1.95
2463,-210,-32,-1.89
2465,-208,-18,-1.83
2466,-206,-16,-1.83
2467,-204,-14,-4.8
2468,-202,-5,-4.77
2470,-200,-5,-4.74
2471,-198,2,-4.71
2472,-197,0,-1.65
2473,-195,0,-1.59
2475,-193,36,-1.53
2476,-191,25,-1.47
2477,-189,21,-8.35
2478,-188,13,-8.23
2480,-186,9,-8.11
2481,-185,4,-7.99
2482,-183,-2,-3.92
2483,-182,-5,-3.85
2485,-181,-41,-3.78
2486,-181,-25,-3.71
2487,-180,-22,-4.6
2488,-179,-18,-4.49
2490,-179,22,-4.38
2491,-178,21,-4.27
2492,-178,20,-6.17
2493,-177,20,-6.07
2495,-177,13,-5.97
2496,-177,9,-5.87
2497,-177,4,-1.85
2498,-176,-1,-1.83
2500,-176,-43,-1.81
2501,-175,-26,-1.79
2502,-175,-18,-4.71
2503,-173,-12,-4.63
2505,-172,-17,-4.55
2506,-170,-9,-4.47
2507,-169,2,-0.49
2508,-167,39,-0.51
2510,-165,31,-0.53
2511,-163,-14,-0.55
2512,-162,-6,-2.5
2513,-160,-4,-2.45
2515,-159,-2,-2.4
2516,-158,-5,-2.35
2517,-157,-13,-4.27
2518,-156,-3,-4.19
2520,-156,3,-4.11
2521,-155,3,-4.03
2522,-155,3,-3.94
2523,-154,3,-3.85
2525,-154,6,-3.76
2526,-153,1,-3.67
2527,-152,5,-3.6
2528,-151,2,-3.53
2530,-150,3,-3.46
2531,-149,8,-3.39
2532,-149,5,0.65
2533,-148,1,0.69
2535,-148,-2,0.73
2536,-147,-11,0.77
2537,-147,4,-0.19
2538,-147,36,-0.15
2540,-146,21,-0.11
2541,-146,12,-0.07
2542,-146,8,-1.02
2543,-145,7,-0.97
2545,-145,-39,-0.92
2546,-145,-33,-0.87
2547,-145,-19,3.13
2548,-144,-24,3.13
2550,-143,20,3.13
2551,-143,19,3.13
2552,-142,19,3.13
2553,-141,15,3.13
2555,-141,1,3.13
2556,-140,-3,3.13
2557,-140,-24,-5.81
2558,-139,-30,-5.75
2560,-138,-92,-5.69
2561,-138,-67,-5.63
2562,-137,-36,-1.58
2563,-137,-14,-1.53
2565,-137,64,-1.48
2566,-137,73,-1.43
2567,-136,65,2.62
2568,-136,62,2.67
2570,-136,38,-0.25
2571,-136,-1,-0.17
2572,-136,-44,-0.16
2573,-136,-47,-0.15
2575,-137,-43,-4.1
2576,-137,-25,-4.05
2577,-137,6,-4
2578,-138,37,-3.95
2580,-138,40,-3.89
2581,-139,34,0.13
2582,-139,32,0.15
2583,-140,-3,0.17
2585,-140,-1,0.19
2586,-140,-7,0.22
2587,-140,-4,0.25
2588,-140,-7,0.28
2590,-140,-2,0.31
2591,-140,-1,0.34
2592,-140,2,0.34
2593,-141,-6,0.34
2595,-141,27,0.34
2596,-141,21,0.34
2597,-141,19,-1.61
2598,-141,14,-1.56
2600,-141,10,-1.51
2601,-141,10,-1.46
2602,-141,5,-0.49
2603,-141,4,-0.52
2605,-140,-27,-0.55
2606,-139,-23,-0.58
2607,-138,-13,-2.55
2608,-137,-9,-2.52
2610,-135,26,-2.49
2611,-134,19,-2.46
2612,-133,24,-1.45
2613,-132,24,-1.44
2615,-131,19,-1.43
2616,-130,10,-1.42
2617,-129,4,-4.4
2618,-129,-1,-4.38
2620,-129,-38,-4.36
2621,-128,-28,-4.34
2622,-128,-17,-2.3
2623,-128,-16,-2.26
2625,-128,28,-2.22
2626,-128,-8,-2.18
2627,-127,30,-5.14
2628,-127,22,-5.1
2630,-127,-21,-5.06
2631,-127,-17,-5.02
2632,-126,-21,-0.98
2633,-126,-14,-0.94
2635,-126,-12,-0.9
2636,-127,-10,-0.86
2637,-127,-2,-1.83
2638,-127,15,-1.8
2640,-128,33,-1.77
2641,-128,25,-1.74
2642,-128,-27,-3.71
2643,-129,-23,-3.68
2645,-129,-12,-3.65
2646,-129,-7,-3.62
2647,-129,-13,-4.58
2648,-129,-9,-4.54
2650,-129,-8,-4.5
2651,-129,3,-4.46
2652,-128,-6,-2.44
2653,-128,-7,-2.42
2655,-127,-5,-2.4
2656,-127,2,-2.38
2657,-126,-7,-3.31
2658,-126,-11,-3.24
2660,-125,5,-3.17
2661,-125,6,-3.1
2662,-125,1,-2.05
2663,-125,3,-2
2665,-125,3,-1.95
2666,-125,4,-1.9
2667,-124,-3,-5.82
2668,-124,2,-5.74
2670,-123,-2,-5.66
2671,-123,6,-5.58
2672,-122,2,-4.47
2673,-122,31,-4.36
2675,-122,25,-4.25
2676,-122,25,-4.14
2677,-122,18,-4.03
2678,-122,13,-3.92
2680,-122,-36,-3.81
2681,-122,-29,-3.7
2682,-122,-20,-4.67
2683,-123,-15,-4.64
2685,-123,-19,-4.61
2686,-124,-8,-4.58
2687,-125,2,-4.51
2688,-126,7,-4.44
2690,-127,7,-4.37
2691,-128,4,-4.3
2692,-129,5,-3.2
2693,-130,0,-3.1
2695,-130,2,-3.03
2696,-131,1,-2.96
2697,-132,1,-2.89
2698,-133,0,-2.82
2700,-133,33,-2.79
2701,-134,29,-2.76
2702,-134,19,-4.71
2703,-135,22,-4.66
2705,-135,8,-4.61
2706,-135,5,-4.52
2707,-134,0,-2.45
2708,-134,-6,-2.38
2710,-133,-41,-2.31
2711,-132,-38,-2.24
2712,-132,-26,-5.14
2713,-131,-14,-5.04
2715,-130,19,-4.94
2716,-130,19,-4.84
2717,-129,12,-0.78
2718,-129,17,-0.72
2720,-130,13,-5.61
2721,-131,-19,-5.5
2722,-133,-34,-5.41
2723,-136,-30,-5.32
2725,-139,-14,-2.26
2726,-142,-6,-2.2
2727,-147,31,-2.13
2728,-151,28,-2.06
2730,-156,25,-1.99
2731,-161,23,-3.9
2732,-167,14,-3.83
2733,-173,9,-3.76
2735,-179,1,-3.69
2736,-185,2,-3.62
2737,-190,-4,-6.51
2738,-194,-47,-6.4
2740,-197,-25,-6.29
2741,-199,-15,-6.18
2742,-199,-14,-1.15
2743,-197,-11,-1.12
2745,-192,27,-1.09
2746,-187,33,-1.06
2747,-177,22,-3.98
2748,-164,14,-3.9
2750,-149,10,-3.82
2751,-132,-38,-3.74
2752,-112,-24,-2.7
2753,-91,-34,-2.66
2755,-68,-25,-2.62
2756,-44,-14,-2.58
2757,-19,3,-4.48
2758,6,-4,-4.38
2760,32,-4,-4.28
2761,57,-9,-4.18
2762,84,5,-5.08
2763,109,1,-4.98
2765,135,1,-4.88
2766,160,4,-4.78
2767,185,7,1.24
2768,210,3,1.26
2770,235,16,1.28
2771,259,5,1.3
2772,280,4,-1.66
2773,298,0,-1.62
2775,313,0,-1.58
2776,326,-6,-1.54
2777,335,1,0.5
2778,341,-4,0.54
2780,344,-2,0.58
2781,344,2,0.62
2782,340,12,-5.29
2783,332,7,-5.2
2785,322,9,-5.11
2786,310,10,-5.02
2787,294,10,-2.94
2788,276,9,-2.86
2790,256,45,-2.78
2791,235,37,-2.7
2792,211,31,2.29
2793,187,24,2.28
2795,162,22,2.27
2796,137,11,2.26
2797,112,4,-2.69
2798,86,-4,-2.64
2800,61,-41,-2.59
2801,36,-26,-2.54
2802,11,-28,-1.5
2803,-11,-25,-1.46
2805,-34,-4,-1.42
2806,-56,0,-1.38
2807,-76,-18,-2.34
2808,-95,-15,-2.3
2810,-113,-17,-2.26
2811,-130,-24,-2.22
2812,-145,1,-0.2
2813,-159,-2,-0.18
2815,-172,-37,-0.16
2816,-183,-21,-0.14
2817,-193,8,-2.09
2818,-202,18,-2.04
2820,-210,53,-1.99
2821,-217,46,-1.94
2822,-223,37,-0.9
2823,-228,44,-0.86
2825,-232,26,0.17
2826,-236,10,0.2
2827,-238,-37,0.21
2828,-240,-22,0.22
2830,-241,-14,0.23
2831,-242,-11,-0.75
2832,-243,18,-0.71
2833,-243,34,-0.67
2835,-243,34,-0.63
2836,-243,18,-3.56
2837,-243,20,-3.52
2838,-242,-33,-3.48
2840,-241,-28,-3.44
2841,-241,-30,-3.4
2842,-240,-24,-4.31
2843,-238,-19,-4.22
2845,-237,-12,-4.18
2846,-236,-13,-4.14
2847,-234,-20,-8.06
2848,-232,-20,-7.98
2850,-230,30,-7.87
2851,-228,19,-7.76
2852,-226,14,-6.66
2853,-224,10,-6.56
2855,-221,10,-6.46
2856,-219,4,-6.38
2857,-217,-6,-6.3
2858,-215,-11,-6.22
2860,-214,-73,-6.14
2861,-212,-63,-6.06
2862,-211,-45,-5.02
2863,-209,-31,-4.98
2865,-208,30,-4.94
2866,-207,32,-4.9
2867,-206,34,-1.84
2868,-205,36,-1.78
2870,-204,32,-1.72
2871,-202,21,-1.66
2872,-201,17,-4.6
2873,-200,4,-4.54
2875,-199,-42,-4.48
2876,-199,-38,-4.42
2877,-198,-28,-4.35
2878,-197,-24,-4.28
2880,-197,-16,-4.21
2881,-196,-9,-4.14
2882,-195,44,-7.06
2883,-195,33,-6.98
2885,-194,-28,-6.9
2886,-193,-15,-6.82
2887,-192,-8,-2.79
2888,-191,-11,-2.76
2890,-190,-13,-2.73
2891,-189,-14,-2.7
2892,-188,-5,-7.56
2893,-187,1,-7.42
2895,-186,1,-7.28
2896,-185,2,-7.14
2897,-184,7,-10
2898,-184,-1,-9.86
2900,-183,11,-9.72
2901,-182,12,-9.58
2902,-182,12,-9.42
2903,-181,3,-9.26
2905,-180,20,-9.1
2906,-180,9,-8.94
2907,-179,15,-10.82
2908,-178,7,-10.7
2910,-177,9,-10.58
2911,-177,11,-10.46
2912,-176,15,-6.36
2913,-176,41,-6.26
2915,-177,30,-6.16
2916,-177,20,-6.06
2917,-178,17,-4.92
2918,-180,6,-4.78
2920,-181,-34,-4.64
2921,-183,-22,-4.5
2922,-185,-25,-6.39
2923,-186,-17,-6.28
2925,-188,23,-6.17
2926,-190,26,-6.06
2927,-191,15,-4.95
2928,-193,16,-4.84
2930,-194,10,-4.73
2931,-196,6,-4.62
2932,-197,2,-2.54
2933,-198,-5,-2.46
2935,-199,-44,-2.38
2936,-200,-33,-2.3
2937,-201,-26,-5.17
2938,-203,-10,-5.04
2940,-204,23,-4.91
2941,-206,18,-4.78
2942,-207,17,-2.69
2943,-209,18,-2.6
2945,-210,12,-2.51
2946,-212,7,-2.42
2947,-214,-3,-5.29
2948,-215,-49,-5.16
2950,-217,-38,-5.02
2951,-218,-33,-4.88
2952,-220,-30,1.2
2953,-221,-10,1.28
2955,-222,36,1.36
2956,-223,35,1.43
2957,-225,32,-6.42
2958,-226,30,-6.27
2960,-228,18,-6.12
2961,-229,-25,-6
2962,-231,-41,-5.88
2963,-232,-36,-5.76
2965,-233,-34,-0.69
2966,-234,1,-0.62
2967,-235,26,-0.56
2968,-236,33,-0.5
2970,-236,34,-0.44
2971,-237,28,-7.31
2972,-237,20,-7.22
2973,-237,13,-7.13
2975,-237,5,-7.04
2976,-238,1,-6.95
2977,-238,0,-3.88
2978,-238,-1,-3.81
2980,-238,-52,-3.74
2981,-238,-39,-3.67
2982,-237,-31,-3.6
2983,-237,-27,-3.53
2985,-236,30,-3.46
2986,-235,30,-3.39
2987,-235,28,-3.31
2988,-233,30,-3.23
2990,-232,21,-3.15
2991,-231,13,-3.07
2992,-230,6,-3.95
2993,-228,-1,-3.83
2995,-227,-38,-3.71
2996,-225,-36,-3.59
2997,-223,-22,-6.47
2998,-222,-13,-6.35
3000,-220,27,-6.23
3001,-218,26,-6.11
3002,-215,31,-5
3003,-213,2,-4.89
3005,-210,-7,-4.78
3006,-206,-2,-4.67
3007,-203,-4,-4.59
3008,-199,-7,-4.51
3010,-195,-2,-4.43
3011,-191,1,-4.35
3012,-187,3,-3.24
3013,-183,5,-3.13
3015,-179,0,-3.02
3016,-174,0,-2.91
3017,-170,1,-3.84
3018,-165,0,-3.77
3020,-161,-5,-3.7
3021,-156,0,-3.63
3022,-152,4,-1.61
3023,-147,5,-1.59
3025,-143,-1,-1.57
3026,-139,8,-1.55
3027,-134,5,-3.51
3028,-130,9,-3.47
3030,-126,-1,-3.43
3031,-122,0,-3.39
3032,-119,-4,-5.35
3033,-115,-6,-5.31
3035,-112,3,-5.27
3036,-109,-4,-5.23
3037,-106,3,-1.19
3038,-104,2,-1.15
3040,-101,5,-1.11
3041,-99,-2,-1.07
3042,-97,0,-2.01
3043,-94,0,-1.95
3045,-92,32,-1.89
3046,-91,26,-1.83
3047,-89,17,-1.79
3048,-88,14,-1.75
3050,-87,7,-1.71
3051,-86,-3,-1.67
3052,-86,-6,-3.6
3053,-85,-15,-3.53
3055,-86,-66,-3.46
3056,-86,-46,-3.39
3057,-87,-37,-3.3
3058,-88,-35,-3.21
3060,-89,26,-3.12
3061,-91,24,-3.03
3062,-93,26,-4.95
3063,-94,21,-4.87
3065,-96,2,-4.79
3066,-97,2,-4.71
3067,-98,1,-3.62
3068,-99,4,-3.53
3070,-100,-31,-3.44
3071,-100,-10,-3.35
3072,-101,15,-3.29
3073,-102,17,-3.23
3075,-102,60,-3.17
3076,-103,44,-3.11
3077,-104,20,-2
3078,-105,-1,-1.89
3080,-106,-5,0.2
3081,-106,-31,0.29
3082,-107,-36,0.3
3083,-108,-19,0.31
3085,-108,-7,-3.64
3086,-108,1,-3.59
3087,-108,53,-3.54
3088,-107,50,-3.49
3090,-106,35,-3.39
3091,-106,30,-3.29
3092,-105,29,-3.19
3093,-105,-30,-3.09
3095,-105,-31,-2.99
3096,-105,-33,-2.96
3097,-105,-25,-6.89
3098,-105,-16,-6.82
3100,-106,-13,-6.75
3101,-106,-5,-6.68
3102,-107,0,-0.64
3103,-107,2,-0.6
3105,-108,46,-0.56
3106,-108,41,-0.52
3107,-108,33,-5.43
3108,-109,31,-5.34
3110,-109,15,-5.25
3111,-110,11,-5.16
3112,-110,3,-4.08
3113,-111,-3,-4
3115,-112,-46,-3.92
3116,-112,-39,-3.84
3117,-113,-32,-2.78
3118,-114,-20,-2.72
3120,-115,11,-2.66
3121,-116,15,-2.6
3122,-117,11,-0.59
3123,-118,7,-0.58
3125,-119,-2,-0.57
3126,-120,-28,-0.56
3127,-120,-34,-1.53
3128,-121,-27,-1.5
3130,-121,-24,-1.47
3131,-122,-9,-1.44
3132,-122,-12,-7.35
3133,-122,1,-7.26
3135,-122,-1,-7.17
3136,-122,-11,-7.08
3137,-122,1,-5
3138,-121,6,-4.92
3140,-121,-1,-4.84
3141,-120,1,-4.76
3142,-120,0,-6.67
3143,-119,-1,-6.58
3145,-118,8,-6.49
3146,-116,3,-6.4
3147,-115,0,-6.29
3148,-114,1,-6.18
3150,-112,-3,-6.07
3151,-111,1,-5.96
3152,-109,1,-1.91
3153,-107,3,-1.86
3155,-106,-2,-1.81
3156,-104,-1,-1.76
3157,-103,2,-4.7
3158,-101,0,-4.64
3160,-99,2,-4.58
3161,-98,1,-4.52
3162,-96,4,-4.42
3163,-94,2,-4.32
3165,-92,33,-4.22
3166,-90,29,-4.12
3167,-88,21,-4.03
3168,-85,14,-3.94
3170,-83,6,-3.85
3171,-81,2,-3.76
3172,-79,7,-3.67
3173,-77,-9,-3.58
3175,-76,-33,-3.49
3176,-74,-30,-3.4
3177,-73,-19,-5.31
3178,-72,-20,-5.22
3180,-70,27,-5.13
3181,-69,22,-5.04
3182,-68,22,-1.98
3183,-68,20,-1.92
3185,-67,6,-1.86
3186,-67,2,-1.8
3187,-67,6,-4.73
3188,-68,-4,-4.66
3190,-69,-38,-4.59
3191,-70,-29,-4.52
3192,-71,-22,-5.43
3193,-73,-17,-5.34
3195,-75,14,-5.25
3196,-77,17,-5.16
3197,-79,14,-0.12
3198,-81,13,-0.08
3200,-84,12,-0.04
3201,-86,-5,-2.97
3202,-89,-38,-2.89
3203,-92,-36,-2.81
3205,-94,-33,-2.71
3206,-97,-8,-3.6
3207,-99,22,-3.49
3208,-102,32,-3.38
3210,-104,26,-3.31
3211,-106,36,-3.24
3212,-109,17,-3.17
3213,-112,-2,-3.1
3215,-114,-32,-3.03
3216,-117,-25,-2.96
3217,-120,-15,-6.85
3218,-123,-21,-6.74
3220,-126,-6,-6.63
3221,-128,-5,-6.52
3222,-131,0,-8.43
3223,-133,-2,-8.34
3225,-135,37,-8.25
3226,-137,29,-8.16
3227,-139,21,-4.05
3228,-140,13,-3.94
3230,-142,7,-3.83
3231,-143,6,-3.72
3232,-144,5,-0.69
3233,-145,-4,-0.66
3235,-145,-36,-0.63
3236,-146,-27,-0.6
3237,-146,-17,-4.52
3238,-147,-9,-4.44
3240,-147,28,-4.36
3241,-147,27,-4.28
3242,-147,17,-3.2
3243,-147,20,-3.12
3245,-146,14,-3.04
3246,-146,6,-2.96
3247,-145,-2,-4.84
3248,-144,-3,-4.72
3250,-144,-33,-4.6
3251,-143,-29,-4.48
3252,-143,-16,-1.4
3253,-142,-11,-1.32
3255,-142,-11,-1.24
3256,-142,8,-1.16
3257,-142,2,-4.11
3258,-142,30,-4.06
3260,-143,32,-4.01
3261,-143,-8,-3.96
3262,-145,-7,-0.92
3263,-147,-5,-0.88
3265,-150,-16,-0.84
3266,-154,-4,-0.8
3267,-157,-5,-1.77
3268,-161,-9,-1.74
3270,-164,6,-1.71
3271,-168,1,-1.68
3272,-172,2,-3.63
3273,-176,5,-3.58
3275,-181,4,-3.53
3276,-186,1,-3.48
3277,-190,3,0.57
3278,-193,1,0.62
3280,-195,9,0.67
3281,-197,6,0.72
3282,-197,7,-3.22
3283,-195,2,-3.16
3285,-192,-7,-3.1
3286,-188,-8,-3.04
3287,-182,4,-1
3288,-173,-4,-0.96
3290,-162,-2,-0.92
3291,-150,3,-0.88
3292,-136,5,-2.82
3293,-122,-5,-2.76
3295,-106,-1,-2.7
3296,-90,-8,-2.64
3297,-73,-5,-1.59
3298,-56,-3,-1.54
3300,-37,25,-1.49
3301,-19,22,-1.44
3302,0,10,-2.4
3303,17,11,-2.36
3305,35,6,-2.32
3306,52,3,-2.28
3307,71,3,-2.21
3308,90,-11,-2.14
3310,109,-41,-2.07
3311,127,-34,-2
3312,144,-24,-5.92
3313,159,-18,-5.84
3315,171,22,-5.76
3316,182,22,-5.68
3317,190,24,-0.66
3318,196,21,-0.64
3320,199,17,-0.62
3321,200,16,-3.57
3322,197,-28,-3.47
3323,192,-15,-3.37
3325,184,-13,-3.27
3326,175,-5,-1.22
3327,163,29,-1.17
3328,149,24,-1.12
3330,135,29,-1.07
3331,119,36,-4
3332,102,20,-3.93
3333,85,-28,-3.86
3335,67,-26,-3.79
3336,50,-26,-3.72
3337,32,-24,-5.63
3338,14,-30,-5.54
3340,-2,-32,-5.45
3341,-19,-37,-5.36
3342,-35,-28,-0.36
3343,-51,-30,-0.36
3345,-66,32,-0.36
3346,-80,31,-0.36
3347,-94,31,-1.37
3348,-107,23,-1.38
3350,-120,25,-1.39
3351,-133,20,-1.4
3352,-145,12,-3.35
3353,-157,5,-3.3
3355,-168,-21,-3.25
3356,-178,-16,-3.2
3357,-188,-7,-1.14
3358,-198,1,-1.08
3360,-207,40,-1.02
3361,-215,29,-0.96
3362,-223,23,0.05
3363,-230,19,0.06
3365,-237,6,0.07
3366,-242,-5,0.08
3367,-248,-13,-1.88
3368,-252,-14,-1.84
3370,-256,-66,-1.8
3371,-260,-52,-1.76
3372,-264,-35,-3.72
3373,-267,-32,-3.68
3375,-270,28,-3.64
3376,-272,4,-3.6
3377,-275,32,-5.51
3378,-277,6,-5.42
3380,-278,-6,-5.33
3381,-280,-6,-5.24
3382,-280,-12,-3.2
3383,-281,-11,-3.16
3385,-281,-1,-3.12
3386,-282,-4,-3.08
3387,-281,-2,-1.03
3388,-281,-9,-0.98
3390,-281,-5,-0.93
3391,-281,-10,-0.88
3392,-280,3,-4.8
3393,-280,6,-4.72
3395,-280,17,-4.64
3396,-280,16,-4.56
3397,-280,17,-5.49
3398,-280,21,-5.42
3400,-281,17,-5.35
3401,-281,10,-5.28
3402,-281,6,-1.21
3403,-282,-1,-1.14
3405,-283,-6,-1.07
3406,-283,-10,-1
3407,-283,-10,0.02
3408,-284,-18,0.04
3410,-284,-9,0.06
3411,-284,-9,0.08
3412,-283,-9,-4.83
3413,-283,-6,-4.74
3415,-283,-3,-4.65
3416,-282,-1,-4.56
3417,-282,-1,-3.5
3418,-282,-5,-3.44
3420,-281,36,-3.38
3421,-281,30,-3.32
3422,-280,22,-3.25
3423,-279,16,-3.18
3425,-279,14,-3.11
3426,-278,7,-3.04
3427,-277,6,-3.97
3428,-276,2,-3.9
3430,-274,-50,-3.83
3431,-273,-33,-3.76
3432,-272,-19,-5.67
3433,-271,-30,-5.58
3435,-270,34,-5.49
3436,-269,25,-5.4
3437,-268,26,-4.36
3438,-267,25,-4.32
3440,-265,18,-4.28
3441,-263,-4,-4.24
3442,-261,-32,-4.15
3443,-258,-35,-4.06
3445,-256,-32,-8.92
3446,-253,-16,-8.81
3447,-250,22,-8.7
3448,-248,28,-8.59
3450,-245,29,-8.48
3451,-243,25,-3.4
3452,-240,19,-3.32
3453,-238,-40,-3.24
3455,-236,-22,-3.16
3456,-234,-21,-3.11
3457,-232,-16,-0.09
3458,-231,-15,-0.07
3460,-230,1,-0.05
3461,-229,3,-0.03
3462,-228,13,-4.98
3463,-227,3,-4.93
3465,-226,40,-4.88
3466,-225,32,-4.83
3467,-225,25,-2.75
3468,-224,13,-2.67
3470,-224,14,-2.59
3471,-223,11,-2.51
3472,-223,1,-3.43
3473,-223,-2,-3.35
3475,-224,-36,-3.27
3476,-225,-32,-3.19
3477,-225,-28,-3.13
3478,-226,-21,-3.07
3480,-228,25,-3.01
3481,-229,19,-2.95
3482,-230,19,-4.85
3483,-232,21,-4.75
3485,-234,16,-4.65
3486,-236,10,-4.55
3487,-238,4,-4.44
3488,-241,-2,-4.33
3490,-243,-42,-4.22
3491,-245,-30,-4.11
3492,-248,-28,-3.03
3493,-251,-18,-2.95
3495,-253,21,-2.87
3496,-256,9,-2.79
3497,-259,23,-4.71
3498,-262,28,-4.63
3500,-265,24,-4.55
3501,-268,-9,-4.47
3502,-270,-21,-1.44
3503,-273,-25,-1.41
3505,-275,-18,-1.38
3506,-278,-9,-1.35
3507,-280,-7,-5.26
3508,-282,-1,-5.17
3510,-284,2,-5.08
3511,-285,11,-4.99
3512,-287,7,-2.9
3513,-288,1,-2.81
3515,-289,6,-2.72
3516,-290,4,-2.63
3517,-290,4,-5.55
3518,-291,6,-5.47
3520,-291,8,-5.39
3521,-292,8,-5.31
3522,-292,6,-4.25
3523,-292,6,-4.19
3525,-292,1,-4.13
3526,-292,-6,-4.07
3527,-292,-1,-1.99
3528,-291,-3,-1.91
3530,-290,2,-1.83
3531,-289,0,-1.75
3532,-288,1,-0.67
3533,-287,0,-0.59
3535,-286,2,-0.51
3536,-285,1,-0.43
3537,-284,3,-2.38
3538,-282,3,-2.33
3540,-281,35,-2.28
3541,-279,28,-2.23
3542,-277,25,-6.13
3543,-275,16,-6.03
3545,-273,9,-5.93
3546,-271,0,-5.83
3547,-269,-5,-0.78
3548,-266,-8,-0.73
3550,-263,-43,-0.68
3551,-260,-34,-0.63
3552,-258,-23,0.4
3553,-255,-13,0.43
3555,-251,26,0.46
3556,-248,26,0.49
3557,-245,19,-1.48
3558,-242,18,-1.45
3560,-240,11,-1.42
3561,-237,10,-1.39
3562,-234,-4,-1.35
3563,-231,-7,-1.31
3565,-229,-39,-1.27
3566,-226,-28,-1.23
3567,-223,-17,-1.19
3568,-220,-13,-1.15
3570,-217,18,-1.16
3571,-214,21,-1.17
3572,-211,17,1.79
3573,-208,15,1.75
3575,-205,10,-0.27
3576,-201,-7,-0.24
3577,-198,-22,-0.21
3578,-194,-31,-0.18
3580,-191,-16,-0.15
3581,-187,-18,-5.07
3582,-183,32,-4.96
3583,-180,21,-4.85
3585,-176,16,-4.74
3586,-173,21,-1.66
3587,-170,14,-1.63
3588,-166,9,-1.6
3590,-163,2,-1.57
3591,-160,0,-1.54
3592,-157,-5,-4.46
3593,-154,-6,-4.38
3595,-151,-37,-4.3
3596,-149,-30,-4.22
3597,-147,-26,-1.18
3598,-144,-24,-1.14
3600,-143,18,-1.1
3601,-141,17,-1.06
3602,-139,9,-3
3603,-137,6,-2.94
3605,-135,1,-2.88
3606,-134,-1,-2.82
3607,-132,-48,-0.8
3608,-129,-26,-0.78
3610,-127,3,-0.76
3611,-125,19,-0.74
3612,-123,31,3.24
3613,-122,29,3.22
3615,-120,91,3.2
3616,-119,71,3.18
3617,-119,30,0.2
3618,-118,6,0.22
3620,-118,-13,0.24
3621,-118,-24,0.26
3622,-119,-31,1.25
3623,-120,-31,1.24
3625,-122,-73,1.23
3626,-124,-57,1.22
3627,-126,-29,1.24
3628,-129,-18,1.26
3630,-131,-18,1.28
3631,-134,39,1.3
3632,-136,36,1.28
3633,-139,19,1.26
3635,-142,-3,1.24
3636,-145,-15,1.22
3637,-147,-14,2.21
3638,-150,-8,2.2
3640,-153,-9,2.19
3641,-156,6,2.18
3642,-159,13,-1.82
3643,-162,7,-1.82
3645,-165,20,-1.82
3646,-168,5,-1.82
3647,-170,4,2.15
3648,-172,9,2.12
3650,-175,10,2.09
3651,-177,11,2.06
3652,-179,9,4.03
3653,-181,7,4
3655,-182,6,3.97
3656,-184,0,3.94
3657,-186,0,2.93
3658,-187,0,2.92
3660,-189,0,2.91
3661,-190,-10,2.9
3662,-191,-8,1.88
3663,-192,0,1.86
3665,-193,6,1.84
3666,-193,4,1.82
3667,-194,6,0.77
3668,-194,5,0.72
3670,-194,2,0.67
3671,-194,3,0.62
3672,-193,-7,0.62
3673,-193,-3,0.62
3675,-193,32,0.62
3676,-192,25,0.62
3677,-192,17,1.62
3678,-192,10,1.62
3680,-192,9,1.62
3681,-192,6,1.62
3682,-192,-9,1.6
3683,-192,-5,1.58
3685,-192,-38,1.56
3686,-191,-32,1.54
3687,-191,-19,3.5
3688,-190,-11,3.46
3690,-189,31,3.42
3691,-188,26,3.38
3692,-187,22,0.37
3693,-186,20,0.36
3695,-185,17,0.35
3696,-184,6,0.34
3697,-183,2,-1.62
3698,-182,-10,-1.58
3700,-180,-36,-1.56
3701,-179,-29,-1.54
3702,-178,-22,0.46
3703,-176,-11,0.46
3705,-175,28,0.46
3706,-174,23,0.41
3707,-172,15,4.32
3708,-171,19,4.23
3710,-169,6,0.18
3711,-167,-23,0.16
3712,-166,-30,0.14
3713,-164,-27,0.12
3715,-162,-24,0.1
3716,-161,-12,0.08
3717,-159,24,0.03
3718,-158,20,-0.02
3720,-157,27,-0.07
3721,-155,19,0.87
3722,-154,-31,0.84
3723,-152,-19,0.81
3725,-151,-13,0.78
3726,-150,-17,0.75
3727,-148,-9,-0.29
3728,-147,3,-0.33
3730,-145,1,-0.37
3731,-144,2,-0.41
3732,-142,2,0.56
3733,-141,-4,0.53
3735,-139,34,0.5
3736,-137,18,0.47
3737,-135,15,0.48
3738,-133,13,0.49
3740,-131,7,0.5
3741,-129,2,0.51
3742,-127,1,-0.5
3743,-125,-7,-0.51
3745,-123,-37,-0.52
3746,-120,-29,-0.53
3747,-118,-24,3.43
3748,-115,-6,3.39
3750,-113,24,3.35
3751,-110,-1,3.31
3752,-108,23,-0.69
3753,-106,0,-0.69
3755,-103,-8,-0.69
3756,-101,-16,-0.69
3757,-99,-9,1.29
3758,-98,-12,1.27
3760,-97,-4,1.25
3761,-96,-6,1.23
3762,-96,2,-1.75
3763,-95,2,-1.73
3765,-95,7,-1.71
3766,-95,-2,-1.69
3767,-95,8,0.27
3768,-96,2,0.23
3770,-96,3,0.19
3771,-97,-10,0.15
3772,-98,7,2.13
3773,-101,-1,2.11
3775,-104,4,2.09
3776,-107,1,2.07
3777,-112,3,0.09
3778,-117,0,0.11
3780,-123,6,0.13
3781,-129,0,0.15
3782,-136,0,-0.83
3783,-143,-6,-0.81
3785,-150,7,-0.79
3786,-157,1,-0.77
3787,-164,0,2.21
3788,-171,1,2.19
3790,-177,5,2.17
3791,-183,-5,2.15
3792,-187,3,-0.85
3793,-191,6,-0.85
3795,-193,33,-0.85
3796,-195,27,-0.85
3797,-193,18,2.12
3798,-189,20,2.09
3800,-183,7,2.06
3801,-175,-2,2.03
3802,-164,-1,-0.96
3803,-152,-3,-0.95
3805,-137,-52,-0.94
3806,-121,-32,-0.93
3807,-103,-21,1.06
3808,-85,-12,1.05
3810,-65,26,1.04
3811,-45,21,1.03
3812,-24,18,3.02
3813,-2,19,3.01
3815,20,10,3
3816,42,3,2.99
3817,65,0,-0.02
3818,89,-3,-0.03
3820,112,-41,-0.04
3821,135,-29,-0.05
3822,155,-23,0.91
3823,173,-19,0.87
3825,189,26,0.83
3826,203,21,0.79
3827,214,19,-0.22
3828,222,16,-0.23
3830,228,13,-0.24
3831,230,11,0.74
3832,229,-39,0.76
3833,225,-20,0.78
3835,219,-14,0.76
3836,209,-1,0.74
3837,197,40,0.72
3838,183,34,0.7
3840,167,30,0.68
3841,150,28,3.63
3842,131,32,3.58
3843,112,12,3.53
3845,93,9,3.48
3846,73,3,3.44
3847,54,3,0.43
3848,34,-2,0.42
3850,15,-37,0.41
3851,-3,-29,0.4
3852,-21,-33,4.34
3853,-39,-33,4.28
3855,-56,-4,4.22
3856,-72,-1,4.16
3857,-88,-4,1.14
3858,-102,-4,1.12
3860,-116,-4,1.1
3861,-129,-3,1.08
3862,-141,3,-0.92
3863,-152,-1,-0.92
3865,-162,-41,-0.92
3866,-170,-33,-0.92
3867,-178,-9,4.02
3868,-184,-1,3.96
3870,-189,37,3.9
3871,-193,40,3.84
3872,-196,45,2.83
3873,-199,39,2.82
3875,-201,29,2.81
3876,-202,20,2.8
3877,-203,-23,2.75
3878,-204,-30,2.7
3880,-204,-13,2.65
3881,-204,-10,2.6
3882,-204,-5,-0.4
3883,-203,-4,-0.4
3885,-202,0,-0.4
3886,-201,6,-0.4
3887,-201,1,-1.42
3888,-200,-2,-1.44
3890,-199,-16,-1.46
3891,-198,-23,-1.48
3892,-197,-30,-5.44
3893,-197,-26,-5.4
3895,-197,-16,-5.36
3896,-197,-9,-5.32
3897,-197,2,-4.27
3898,-197,4,-4.22
3900,-197,4,-4.17
3901,-198,3,-4.12
3902,-198,-10,1.85
3903,-198,-8,1.82
3905,-198,-10,1.79
3906,-198,-5,1.76
3907,-198,1,-3.23
3908,-198,-5,-3.22
3910,-198,3,-3.21
3911,-197,1,-3.2
3912,-198,13,-1.18
3913,-198,13,-1.16
3915,-198,49,-1.14
3916,-199,36,-1.12
3917,-200,35,-0.14
3918,-201,33,-0.16
3920,-202,28,-0.18
3921,-203,18,-0.2
3922,-204,9,1.79
3923,-205,3,1.78
3925,-206,-34,1.77
3926,-206,-27,1.76
3927,-206,-24,-1.25
3928,-206,-17,-1.26
3930,-206,14,-1.27
3931,-206,17,-1.28
3932,-206,9,-1.27
3933,-206,7,-1.26
3935,-207,4,-1.25
3936,-208,2,-1.24
3937,-209,-5,-4.18
3938,-210,0,-4.12
3940,-212,-52,-4.06
3941,-214,-40,-4
3942,-216,-20,-3.97
3943,-218,-21,-3.94
3945,-219,29,-3.91
3946,-221,23,-3.88
3947,-222,21,-3.84
3948,-224,20,-3.8
3950,-226,14,-3.76
3951,-228,6,-4.71
3952,-231,-37,-4.67
3953,-233,-27,-4.63
3955,-236,-26,-4.59
3956,-239,-8,-7.51
3957,-242,25,-7.43
3958,-245,18,-7.35
3960,-247,19,-7.27
3961,-250,19,-7.19
3962,-252,-27,-4.14
3963,-253,17,-4.09
3965,-254,11,-4.04
3966,-255,6,-3.96
3967,-255,7,-2.89
3968,-255,6,-2.82
3970,-254,-32,-2.75
3971,-253,-27,-2.68
3972,-253,-31,-3.63
3973,-253,-10,-3.58
3975,-253,22,-3.53
3976,-253,21,-3.48
3977,-253,24,-3.39
3978,-253,20,-3.3
3980,-254,16,-3.21
3981,-254,8,-3.12
3982,-254,3,-3.06
3983,-254,-1,-3
3985,-254,-38,-2.94
3986,-253,-31,-2.88
3987,-252,-21,-1.85
3988,-250,-4,-1.82
3990,-249,21,-1.79
3991,-247,21,-1.76
3992,-245,19,-1.68
3993,-244,21,-1.6
3995,-243,11,-1.52
3996,-243,8,-1.44
3997,-243,2,-7.31
3998,-243,-2,-7.18
4000,-243,-45,-7.05
4001,-243,-38,-6.92
4002,-243,-16,-3.82
4003,-242,-16,-3.72
4005,-241,-9,-3.62
4006,-240,33,-3.52
4007,-239,27,-0.48
4008,-237,0,-0.44
4010,-235,-17,-0.4
4011,-233,-17,-0.36
4012,-232,-22,-1.32
4013,-231,-2,-1.28
4015,-231,-16,-1.24
4016,-231,-6,-1.2
4017,-231,2,-0.21
4018,-231,-4,-0.22
4020,-232,-28,-0.23
4021,-232,-4,-0.24
4022,-233,1,0.75
4023,-232,-4,0.74
4025,-231,-4,0.73
4026,-230,-7,0.72
4027,-228,-6,-2.2
4028,-226,15,-2.12
4030,-223,0,-2.04
4031,-220,-3,-1.96
4032,-218,3,-0.94
4033,-215,6,-0.92
4035,-213,-8,-0.9
4036,-212,-2,-0.88
4037,-210,0,-2.82
4038,-209,6,-2.76
4040,-208,7,-2.7
4041,-207,9,-2.64
4042,-206,10,-0.59
4043,-204,8,-0.54
4045,-203,19,-0.49
4046,-201,4,-0.44
4047,-198,4,0.62
4048,-196,7,0.68
4050,-193,38,0.74
4051,-190,33,0.8
4052,-188,24,-4.12
4053,-186,18,-4.04
4055,-185,13,-3.96
4056,-184,9,-3.88
4057,-184,3,-0.83
4058,-183,0,-0.78
4060,-183,-38,-0.73
4061,-184,-28,-0.68
4062,-183,-19,-4.62
4063,-183,-7,-4.56
4065,-182,27,-4.5
4066,-181,22,-4.44
4067,-179,18,-2.4
4068,-177,18,-2.36
4070,-175,17,-2.32
4071,-173,-4,-3.27
4072,-172,-34,-3.22
4073,-171,-30,-3.17
4075,-170,-29,-3.12
4076,-170,-14,-1.1
4077,-171,26,-1.08
4078,-171,30,-1.06
4080,-172,28,-1.04
4081,-173,20,-1.05
4082,-173,18,-0.07
4083,-172,-25,-0.09
4085,-171,-17,-0.11
4086,-169,-17,-0.13
4087,-166,-13,-0.12
4088,-164,-8,-0.11
4090,-161,-8,-0.1
4091,-157,0,-0.09
4092,-155,134,-0.07
4093,-152,227,-0.05
4095,-151,47,-0.03
4096,-150,43,-0.01
4097,-150,-25,-1.98
4098,-150,-41,-1.95
4100,-150,-53,-1.92
4101,-151,-62,-1.89
4102,-151,-56,-2.85
4103,-150,-30,-2.81
4105,-149,-45,-2.77
4106,-147,-34,-2.73
4107,-146,-18,-3.68
4108,-144,-11,-3.63
4110,-141,54,-3.58
4111,-139,37,-3.53
4112,-138,35,-3.47
4113,-137,28,-3.41
4115,-137,13,-3.35
4116,-138,-6,-3.29
4117,-139,-8,-6.2
4118,-140,-4,-6.11
4120,-142,-39,-6.02
4121,-143,-19,-5.93
4122,-144,9,-2.93
4123,-144,24,-2.93
4125,-143,111,-2.93
4126,-142,63,-2.93
4127,-141,71,1.06
4128,-139,13,1.05
4130,-137,-51,1.04
4131,-136,-50,1.03
4132,-134,-79,0.06
4133,-133,-73,0.09
4135,-133,-69,0.12
4136,-132,-51,0.15
4137,-132,-33,-1.81
4138,-132,-19,-1.77
4140,-131,-7,-1.73
4141,-131,8,-1.69
4142,-131,10,-0.65
4143,-130,10,-0.61
4145,-129,11,-0.57
4146,-129,9,-0.53
4147,-128,9,-0.48
4148,-127,3,-0.43
4150,-126,3,-0.38
4151,-126,1,-0.33
4152,-126,-12,2.66
4153,-126,-11,2.65
4155,-126,-25,2.64
4156,-127,-23,2.63
4157,-127,-26,-2.32
4158,-128,-8,-2.27
4160,-128,5,-2.22
4161,-129,10,-2.17
4162,-129,15,0.83
4163,-129,17,0.83
4165,-128,14,0.83
4166,-127,3,0.83
4167,-127,-3,1.84
4168,-127,-11,1.85
4170,-127,13,1.86
4171,-127,9,1.87
4172,-127,-9,1.89
4173,-128,-6,1.91
4175,-128,-32,1.93
4176,-130,-36,1.95
4177,-131,-58,-1.05
4178,-132,-65,-1.05
4180,-133,-111,-1.05
4181,-134,-101,-1.05
4182,-135,-80,-1.02
4183,-137,-71,-0.99
4185,-138,11,-0.96
4186,-139,21,-0.93
4187,-142,25,-0.94
4188,-145,22,-0.95
4190,-150,20,-0.96
4191,-154,10,-0.97
4192,-160,12,-1.95
4193,-166,3,-1.93
4195,-172,-45,-1.91
4196,-178,-30,-1.9
4197,-183,-18,-5.85
4198,-189,-12,-5.8
4200,-193,44,-5.75
4201,-198,34,-5.68
4202,-200,48,-0.66
4203,-201,51,-0.64
4205,-200,45,-1.61
4206,-196,10,-1.58
4207,-190,-3,-1.54
4208,-182,-4,-1.5
4210,-173,10,-1.46
4211,-162,24,-2.41
4212,-149,80,-2.36
4213,-134,74,-2.31
4215,-117,67,-2.26
4216,-100,54,-0.23
4217,-81,24,-0.2
4218,-61,12,-0.17
4220,-41,15,-0.14
4221,-21,4,-0.11
4222,0,10,-7.03
4223,22,13,-6.95
4225,44,17,-6.87
4226,66,27,-6.79
4227,89,22,1.2
4228,112,27,1.19
4230,135,88,1.18
4231,157,72,1.17
4232,178,60,-6.77
4233,197,50,-6.71
4235,214,31,-6.65
4236,229,29,-6.59
4237,241,7,-5.54
4238,250,-4,-5.49
4240,256,-78,-5.44
4241,259,-67,-5.39
4242,258,-53,-5.37
4243,254,-39,-5.35
4245,247,26,-5.33
4246,238,32,-5.31
4247,226,42,-12.19
4248,210,42,-12.07
4250,193,33,-11.95
4251,174,26,-11.83
4252,153,-54,-8.7
4253,132,-55,-8.57
4255,109,-53,-8.44
4256,86,-48,-8.31
4257,63,-26,-11.16
4258,39,-26,-11.01
4260,16,-15,-10.86
4261,-6,-11,-10.71
4262,-28,-12,-7.61
4263,-49,-8,-7.51
4265,-70,-16,-7.41
4266,-89,-18,-7.31
4267,-108,-20,-7.2
4268,-125,-12,-7.09
4270,-141,-15,-6.98
4271,-155,-13,-6.87
4272,-168,-13,-6.76
4273,-180,-10,-6.65
4275,-191,-12,-6.54
4276,-201,-14,-6.43
4277,-210,-12,-5.3
4278,-217,-24,-5.17
4280,-224,-50,-5.04
4281,-230,-54,-4.91
4282,-235,-77,-1.86
4283,-239,-72,-1.81
4285,-242,-93,-1.76
4286,-245,-81,-1.71
4287,-247,-43,-3.61
4288,-249,-23,-3.51
4290,-250,55,-3.41
4291,-251,59,-3.31
4292,-252,68,-1.22
4293,-252,68,-1.13
4295,-252,72,-1.04
4296,-252,69,-0.95
4297,-252,71,-0.86
4298,-252,51,-0.77
4300,-251,-5,-0.68
4301,-251,-42,-0.59
4302,-250,-51,-7.46
4303,-250,-50,-7.33
4305,-250,27,-7.2
4306,-250,27,-7.07
4307,-249,49,-6.94
4308,-249,48,-6.81
4310,-248,42,-6.68
4311,-248,31,-6.55
4312,-247,14,-6.42
4313,-246,-2,-6.29
4315,-246,-78,-6.16
4316,-245,-62,-6.03
4317,-244,-40,-6.9
4318,-244,-24,-6.77
4320,-243,18,-6.64
4321,-243,-2,-6.51
4322,-242,19,-9.39
4323,-241,22,-9.27
4325,-241,16,-9.15
4326,-240,3,-10.02
4327,-239,-55,-9.84
4328,-238,-52,-9.66
4330,-237,-29,-9.49
4331,-237,-10,-12.29
4332,-236,54,-12.09
4333,-235,45,-11.89
4335,-235,50,-11.69
4336,-234,41,-11.5
4337,-234,-24,-12.3
4338,-233,-40,-12.1
4340,-233,-29,-11.9
4341,-233,-26,-11.68
4342,-232,-1,-12.45
4343,-232,-27,-12.22
4345,-232,69,-11.99
4346,-232,53,-11.76
4347,-233,31,-1.7
4348,-233,-27,-1.64
4350,-234,32,-1.58
4351,-234,26,-1.52
4352,-235,23,-3.36
4353,-236,13,-3.2
4355,-238,40,-3.04
4356,-239,31,-2.88
4357,-241,30,-9.73
4358,-243,20,-9.58
4360,-245,-6,-9.43
4361,-247,-15,-9.28
4362,-249,-11,0.78
4363,-252,-16,0.84
4365,-254,39,0.9
4366,-256,15,0.96
4367,-259,28,-1.95
4368,-261,15,-1.86
4370,-264,17,-1.77
4371,-266,13,-1.68
4372,-268,-5,-1.66
4373,-270,-5,-1.64
4375,-272,-41,-1.62
4376,-273,-38,-1.6
4377,-275,-36,-4.52
4378,-276,-28,-4.44
4380,-278,6,-4.36
4381,-279,10,-4.28
4382,-280,32,-1.26
4383,-281,65,-1.24
4385,-282,14,-1.22
4386,-282,-16,-1.2
4387,-283,-18,-2.14
4388,-284,-24,-2.08
4390,-284,-20,-2.02
4391,-285,-20,-1.96
4392,-286,-21,-3.88
4393,-286,-11,-3.8
4395,-287,-13,-3.72
4396,-288,-9,-3.64
4397,-289,-18,-6.53
4398,-290,-41,-6.42
4400,-292,21,-6.31
4401,-293,5,-6.2
4402,-295,-1,4.81
4403,-296,-25,4.82
4405,-298,-57,4.83
4406,-300,-48,4.84
4407,-302,-52,-1.06
4408,-304,-18,-0.96
4410,-306,6,-0.86
4411,-308,36,-0.76
4412,-310,69,-0.68
4413,-312,65,-0.6
4415,-314,46,-0.52
4416,-315,33,-0.44
4417,-317,17,-5.29
4418,-319,9,-5.14
4420,-321,-33,-4.99
4421,-322,-33,-4.84
4422,-323,-20,-1.72
4423,-325,-20,-1.6
4425,-326,20,-1.48
4426,-327,19,-1.36
4427,-327,18,-4.28
4428,-328,38,-4.2
4430,-328,14,-4.12
4431,-328,19,-4.04
4432,-328,1,6.93
4433,-328,-2,6.9
4435,-328,-49,6.87
4436,-328,-23,6.84
4437,-328,-8,0.87
4438,-328,5,0.9
4440,-327,46,0.93
4441,-327,47,0.96
4442,-326,39,3.95
4443,-325,38,3.94
4445,-324,20,3.93
4446,-323,1,0.95
4447,-322,-30,0.94
4448,-321,-23,0.93
4450,-320,-27,0.92
4451,-319,-22,-3.06
4452,-318,16,-3.04
4453,-317,16,-3.02
4455,-316,20,-3
4456,-315,18,-3.01
4457,-313,11,-1.04
4458,-312,3,-1.07
4460,-311,0,-1.1
4461,-310,-7,-1.13
4462,-309,-6,-0.18
4463,-307,-9,-0.23
4465,-305,-79,-0.28
4466,-303,-23,-0.33
4467,-301,-23,5.55
4468,-299,0,5.43
4470,-296,27,5.31
4471,-294,16,5.19
4472,-291,12,3.19
4473,-288,14,3.19
4475,-284,1,3.19
4476,-280,6,3.19
4477,-276,-47,0.2
4478,-272,-40,0.21
4480,-268,-37,0.22
4481,-264,-48,0.23
4482,-260,-56,-2.8
4483,-255,-14,-2.83
4485,-251,27,-2.86
4486,-247,36,-2.89
4487,-243,-8,8.07
4488,-240,2,8.03
4490,-236,-4,7.99
4491,-233,2,7.95
4492,-229,6,0.95
4493,-226,11,0.95
4495,-223,-39,0.95
4496,-220,-47,0.95
4497,-217,-37,-3.01
4498,-214,-33,-2.97
4500,-211,22,-2.93
4501,-208,32,-2.89
4502,-205,13,3.06
4503,-202,-21,3.01
4505,-199,-58,2.96
4506,-196,-56,2.91
4507,-193,-7,-0.08
4508,-190,-2,-0.07
4510,-188,43,-0.06
4511,-186,39,-0.05
4512,-183,42,6.88
4513,-182,25,6.81
4515,-180,7,6.74
4516,-179,-2,6.67
4517,-178,-8,0.64
4518,-177,-29,0.61
4520,-176,5,0.58
4521,-175,6,0.55
4522,-174,27,8.41
4523,-173,23,8.27
4525,-172,21,8.13
4526,-171,21,7.99
4527,-170,6,4
4528,-169,4,4.01
4530,-169,-6,4.02
4531,-169,11,4.03
4532,-169,32,5.96
4533,-169,27,5.89
4535,-168,30,5.82
4536,-168,25,5.75
4537,-169,20,14.59
4538,-169,13,14.43
4540,-169,20,14.27
4541,-170,10,14.11
4542,-171,17,16.87
4543,-171,16,16.63
4545,-172,78,16.39
4546,-173,68,16.15
4547,-174,63,16.93
4548,-174,46,16.71
4550,-175,41,16.49
4551,-175,34,16.27
4552,-176,26,18.99
4553,-176,10,18.71
4555,-176,-40,18.43
4556,-177,-32,18.15
4557,-177,-7,23.92
4558,-178,-4,23.69
4560,-178,55,23.46
4561,-179,50,23.23
4562,-179,44,25.91
4563,-180,31,25.59
4565,-180,11,25.27
4566,-181,-4,24.95
4567,-181,-12,30.6
4568,-182,-12,30.25
4570,-182,-61,29.9
4571,-183,-56,29.52
4572,-183,-60,27.16
4573,-184,-58,26.8
4575,-185,-40,26.44
4576,-186,-20,26.04
4577,-187,18,29.6
4578,-187,40,29.16
4580,-188,35,28.72
4581,-189,6,37.19
4582,-190,-53,36.68
4583,-191,-54,36.17
4585,-192,-53,35.66
4586,-192,-50,32.18
4587,-193,-7,31.71
4588,-194,-21,31.24
4590,-194,-9,30.77
4591,-195,-11,27.33
4592,-195,-73,26.95
4593,-196,-73,26.57
4595,-196,-87,26.19
4596,-196,-69,25.81
4597,-197,-68,18.48
4598,-197,-64,18.15
4600,-198,-29,17.82
4601,-199,-15,17.49
4602,-199,10,21.09
4603,-200,16,20.69
4605,-201,59,20.29
4606,-202,59,19.89
4607,-202,33,34.31
4608,-203,7,33.73
4610,-203,-28,33.15
4611,-203,-30,32.57
4612,-204,-26,31.11
4613,-204,-33,30.65
4615,-205,-86,30.19
4616,-206,-73,29.73
4617,-206,-49,38.11
4618,-207,-11,37.49
4620,-208,21,36.87
4621,-209,20,36.25
4622,-210,23,49.45
4623,-211,29,48.65
4625,-212,34,47.85
4626,-213,34,47.05
4627,-214,-7,55.22
4628,-215,3,54.39
4630,-215,1,53.56
4631,-216,10,52.73
4632,-216,11,57.81
4633,-217,15,56.89
4635,-217,13,55.97
4636,-218,14,55.05
4637,-218,3,54.2
4638,-218,-5,53.35
4640,-218,-5,52.5
4641,-219,-9,51.65
4642,-219,10,69.55
4643,-218,14,68.45
4645,-218,20,67.35
4646,-218,30,66.25
4647,-218,55,70.18
4648,-218,54,69.11
4650,-218,46,68.04
4651,-218,46,66.97
4652,-218,40,72.79
4653,-218,30,71.61
4655,-219,23,70.43
4656,-219,17,69.25
4657,-219,15,72.05
4658,-219,11,70.85
4660,-220,9,69.65
4661,-220,3,68.45
4662,-220,12,78.23
4663,-220,18,77.01
4665,-220,76,75.79
4666,-220,52,74.57
4667,-220,58,84.27
4668,-219,52,82.97
4670,-218,47,81.67
4671,-217,33,80.37
4672,-216,26,86.01
4673,-215,15,84.65
4675,-213,-59,83.29
4676,-212,-44,81.93
4677,-210,-37,85.55
4678,-208,-34,84.17
4680,-206,35,82.79
4681,-204,29,81.41
4682,-202,16,89.99
4683,-200,22,88.57
4685,-197,23,87.15
4686,-195,21,85.73
4687,-193,11,99.19
4688,-190,10,97.65
4690,-187,-55,96.11
4691,-184,-43,94.57
4692,-182,-33,89.13
4693,-179,-25,87.69
4695,-176,42,86.25
4696,-174,38,84.81
4697,-172,35,84.34
4698,-169,33,82.87
4700,-167,23,81.4
4701,-165,3,79.93
4702,-163,-6,74.54
4703,-161,-11,73.15
4705,-160,-76,71.76
4706,-158,-62,70.46
4707,-156,-48,68.17
4708,-154,-42,66.88
4710,-153,21,65.59
4711,-151,8,64.27
4712,-150,3,61.96
4713,-148,-3,60.65
4715,-146,-4,59.34
4716,-144,-3,59.98
4717,-141,-51,58.62
4718,-138,-37,57.26
4720,-135,-29,55.9
4721,-132,-17,52.56
4722,-128,22,51.15
4723,-125,15,49.74
4725,-121,30,48.33
4726,-118,19,46.92
4727,-114,9,41.59
4728,-111,2,40.26
4730,-108,-9,38.93
4731,-104,-18,37.6
4732,-101,-15,35.43
4733,-98,-20,34.26
4735,-95,-54,33.09
4736,-92,-52,31.92
4737,-89,-47,26.78
4738,-86,-43,25.64
4740,-83,13,24.5
4741,-80,6,23.36
4742,-77,2,24.29
4743,-74,3,23.22
4745,-70,-7,22.15
4746,-67,-8,21.08
4747,-63,-67,20.15
4748,-59,-66,19.22
4750,-55,-45,18.29
4751,-51,-29,17.36
4752,-47,-16,13.55
4753,-43,-13,12.74
4755,-39,6,11.93
4756,-35,1,11.12
4757,-31,74,5.42
4758,-27,40,4.72
4760,-22,-17,4.02
4761,-18,-13,3.32
4762,-14,-21,3.61
4763,-10,-17,2.9
4765,-7,-22,2.19
4766,-3,-24,1.48
4767,0,-69,2.94
4768,4,-33,2.4
4770,7,-5,1.86
4771,11,24,1.32
4772,15,37,35.48
4773,19,26,34.64
4775,22,34,33.8
4776,26,20,32.96
4777,30,22,58.92
4778,33,15,57.88
4780,36,16,56.84
4781,39,8,55.8
4782,41,10,58.76
4783,44,1,57.72
4785,46,-11,56.68
4786,47,-9,55.64
4787,49,56,56.69
4788,50,47,55.74
4790,51,42,54.79
4791,52,37,53.84
4792,52,31,63.89
4793,53,26,62.94
4795,53,-43,61.99
4796,52,-42,61.04
4797,52,-30,60.16
4798,52,-20,59.28
4800,52,37,58.4
4801,52,37,57.52
4802,51,35,56.69
4803,51,34,55.86
4805,51,25,55.03
4806,51,16,54.2
4807,51,9,49.51
4808,51,-10,48.82
4810,51,-43,48.13
4811,51,-34,47.44
4812,51,-17,46.9
4813,51,3,46.36
4815,51,53,45.82
4816,51,55,45.28
4817,51,46,65.49
4818,50,32,64.7
4820,49,26,63.91
4821,47,18,59.16
4822,46,-27,58.42
4823,44,-24,57.68
4825,43,-23,56.94
4826,41,-12,49.27
4827,39,37,48.56
4828,38,31,47.85
4830,36,29,47.14
4831,34,26,46.43
4832,32,-27,47.69
4833,31,-30,46.95
4835,29,-27,46.21
4836,28,-29,45.47
4837,26,-17,45.71
4838,25,-9,44.95
4840,23,-5,44.19
4841,21,3,43.45
4842,19,2,46.67
4843,17,-10,45.89
4845,14,32,45.11
4846,11,50,44.31
4847,8,62,54.4
4848,3,77,53.49
4850,0,35,52.58
4851,-5,33,51.67
4852,-11,3,66.56
4853,-17,-10,65.45
4855,-24,-68,64.34
4856,-31,-62,63.23
4857,-38,-53,60.13
4858,-45,-33,59.03
4860,-53,18,57.93
4861,-60,14,56.83
4862,-67,5,54.7
4863,-75,8,53.57
4865,-82,-9,52.44
4866,-89,-11,51.31
4867,-96,-18,49.21
4868,-103,-23,48.11
4870,-109,-55,47.01
4871,-115,-45,45.91
4872,-122,-34,43.82
4873,-128,-24,42.73
4875,-134,19,41.64
4876,-139,21,40.55
4877,-145,20,42.4
4878,-151,-6,41.25
4880,-156,-40,40.1
4881,-161,-32,38.95
4882,-166,-21,39.73
4883,-170,-19,38.51
4885,-174,-21,37.29
4886,-177,-11,36.07
4887,-180,-11,29.91
4888,-183,-11,28.75
4890,-185,-14,27.59
4891,-188,-23,26.43
4892,-190,-13,25.29
4893,-191,-10,24.15
4895,-192,-9,23.01
4896,-192,-5,21.87
4897,-192,-3,20.09
4898,-192,2,19.31
4900,-191,3,18.53
4901,-190,7,17.75
4902,-189,8,22.19
4903,-187,8,21.63
4905,-186,8,21.07
4906,-184,11,20.51
4907,-181,18,16.03
4908,-179,11,15.55
4910,-176,12,15.07
4911,-173,10,14.59
4912,-171,19,14.13
4913,-169,19,13.67
4915,-168,16,13.21
4916,-167,11,12.75
4917,-167,16,11.41
4918,-167,20,11.07
4920,-169,39,10.73
4921,-171,37,10.39
4922,-173,34,14.01
4923,-175,29,13.63
4925,-177,26,13.25
4926,-179,16,12.87
4927,-181,24,10.51
4928,-182,14,10.15
4930,-182,-21,9.79
4931,-181,-20,9.43
4932,-179,-15,10.02
4933,-176,-1,9.61
4935,-171,59,9.2
4936,-166,42,8.79
4937,-157,46,9.37
4938,-146,37,8.95
4940,-133,28,8.53
4941,-118,15,8.11
4942,-99,10,9.88
4943,-78,5,9.65
4945,-54,-49,9.42
4946,-29,-39,9.15
4947,-3,-32,7.89
4948,23,-19,7.63
4950,51,40,7.37
4951,78,31,7.04
4952,105,26,9.68
4953,132,23,9.32
4955,157,4,8.96
4956,182,-39,8.6
4957,206,-61,8.26
4958,229,-46,7.92
4960,251,3,7.58
4961,272,-4,27.04
4962,291,9,26.51
4963,308,47,25.98
4965,324,29,25.45
4966,339,30,24.92
4967,350,-2,39.28
4968,358,-18,38.64
4970,364,-59,38
4971,367,-47,37.36
4972,366,-39,28.91
4973,362,-28,28.46
4975,355,-23,28.01
4976,346,-15,27.56
4977,334,-8,30.24
4978,318,-7,29.92
4980,301,33,29.6
4981,281,19,29.28
4982,259,14,28.94
4983,236,12,28.6
4985,211,0,28.26
4986,185,4,27.92
4987,159,-7,21.63
4988,132,-13,21.34
4990,105,-75,21.05
4991,79,-69,20.76
4992,52,-72,21.45
4993,27,-63,21.14
4995,2,-15,20.83
4996,-21,-14,20.52
4997,-44,-24,18.22
4998,-66,-1,17.92
5000,-87,2,17.62
5001,-106,11,17.32
5002,-124,-35,18.04
5003,-140,-25,17.76
5005,-155,-5,17.48
5006,-169,9,17.2
5007,-181,30,16.94
5008,-191,28,16.68
5010,-201,18,16.42
5011,-208,25,16.16
5012,-215,5,17.83
5013,-220,-3,17.5
5015,-224,-21,17.17
5016,-227,-24,16.84
5017,-229,-27,12.55
5018,-231,-33,12.26
5020,-231,-31,11.97
5021,-231,-30,11.68
5022,-231,-21,17.32
5023,-231,-17,16.96
5025,-231,-9,16.6
5026,-230,-4,16.24
5027,-230,5,11.97
5028,-229,3,11.7
5030,-229,17,11.43
5031,-228,26,11.16
5032,-228,44,11.84
5033,-228,46,11.52
5035,-228,62,11.2
5036,-228,51,10.88
5037,-229,49,11.55
5038,-229,34,11.22
5040,-229,67,10.89
5041,-230,54,10.56
5042,-230,43,10.22
5043,-230,35,7.9
5045,-231,26,7.58
5046,-231,16,7.26
5047,-231,18,6.98
5048,-231,11,6.7
5050,-231,-31,6.42
5051,-230,-26,6.14
5052,-229,-19,2.87
5053,-228,-2,2.6
5055,-227,44,2.33
5056,-225,46,2.06
5057,-224,35,1.8
5058,-222,26,6.49
5060,-220,10,6.18
5061,-218,-6,5.87
5062,-216,-12,5.57
5063,-213,-14,3.29
5065,-210,-58,3.01
5066,-207,-49,2.73
5067,-204,-33,2.47
5068,-200,-26,1.22
5070,-196,21,0.97
5071,-191,18,0.72
5072,-186,-21,-0.53
5073,-181,26,-0.78
5075,-176,27,-1.03
5076,-171,24,-1.28
5077,-165,14,-1.5
5078,-160,17,-1.72
5080,-154,-26,-1.94
5081,-148,-21,-2.16
5082,-143,-23,-2.38
5083,-136,-18,-1.61
5085,-129,52,-1.84
5086,-122,34,-1.87
5087,-114,29,-3.88
5088,-106,33,-3.89
5090,-97,18,-3.9
5091,-87,8,-3.91
5092,-78,-41,-3.77
5093,-69,-45,-3.63
5095,-60,-31,-3.49
5096,-51,-28,-4.34
5097,-42,23,-4.27
5098,-33,30,-4.2
5100,-25,27,-4.13
5101,-17,26,-4.06
5102,-9,17,-3.96
5103,-2,9,-3.86
5105,4,0,-3.76
5106,11,-9,-3.66
5107,17,-10,-3.56
5108,23,-16,-4.45
5110,29,-47,-4.34
5111,34,-39,-4.23
5112,39,-33,-4.18
5113,44,2,-4.13
5115,48,6,-4.08
5116,52,-4,-4.03
5117,56,-7,-3.97
5118,59,-1,-5.89
5120,62,-5,-5.81
5121,64,-7,-5.73
5122,67,-9,-5.67
5123,69,-6,-5.61
5125,71,-51,-5.55
5126,72,-35,-5.49
5127,74,-32,-3.44
5128,76,-38,-3.39
5130,77,-28,-3.34
5131,78,-28,-3.29
5132,79,31,-3.24
5133,80,30,-4.18
5135,81,-37,-4.12
5136,82,-34,-4.06
5137,83,-28,-2
5138,84,-20,-1.94
5140,85,-29,-1.88
5141,86,-36,-1.82
5142,87,-20,-1.8
5143,88,-18,-6.73
5145,90,-17,-6.66
5146,91,-5,-6.59
5147,92,-4,-6.46
5148,93,-3,-4.35
5150,94,-3,-4.24
5151,95,-5,-4.13
5152,96,0,-4.06
5153,97,1,-3
5155,97,9,-2.94
5156,98,13,-2.88
5157,98,11,-2.81
5158,99,12,-5.71
5160,99,1,-5.61
5161,99,0,-5.51
5162,99,47,-5.4
5163,98,59,-5.29
5165,98,38,-5.18
5166,97,39,-5.07
5167,96,35,-4.96
5168,95,21,-2.89
5170,94,-48,-2.82
5171,93,-37,-2.75
5172,92,-35,-2.68
5173,91,-22,-3.6
5175,91,51,-3.52
5176,90,50,-3.44
5177,89,45,-3.39
5178,88,43,-2.35
5180,88,30,-2.31
5181,87,26,-2.27
5182,87,14,-2.23
5183,87,4,1.82
5185,87,-56,1.87
5186,88,-35,1.92
5187,89,-32,1.97
5188,89,-24,3.98
5190,90,25,3.99
5191,90,36,4
5192,91,33,5
5193,91,31,4.99
5195,92,23,4.98
5196,93,17,8.93
5197,94,-27,8.87
5198,95,-18,8.81
5200,97,-7,8.75
5201,98,0,12.65
5202,100,46,12.55
5203,102,42,12.45
5205,104,44,12.35
5206,106,43,12.25
5207,108,25,17.1
5208,110,20,16.96
5210,112,14,16.82
5211,114,5,16.68
5212,116,-5,16.52
5213,118,-45,20.32
5215,120,-36,20.12
5216,123,-31,19.92
5217,125,-23,19.72
5218,128,8,24.47
5220,131,40,24.22
5221,133,36,23.96
5222,136,31,23.7
5223,140,24,32.35
5225,143,13,32
5226,146,2,31.65
5227,150,2,31.3
5228,153,9,34.91
5230,157,-40,34.52
5231,161,-31,34.13
5232,164,-29,33.74
5233,168,17,38.29
5235,171,11,37.84
5236,174,1,37.39
5237,176,-7,36.94
5238,179,-15,43.42
5240,182,-23,42.9
5241,184,-32,42.38
5242,187,-30,41.86
5243,189,-18,47.26
5245,192,-68,46.66
5246,195,-26,46.06
5247,197,3,45.46
5248,200,19,52.78
5250,202,72,52.1
5251,205,26,51.42
5252,206,53,50.76
5253,208,28,59.01
5255,210,-22,58.26
5256,212,-44,57.51
5257,213,-44,66.66
5258,215,-43,65.8
5260,216,-50,64.94
5261,217,-48,64.08
5262,218,-39,68.19
5263,218,-28,67.3
5265,219,-34,66.41
5266,219,-11,65.52
5267,219,-19,64.63
5268,219,-11,72.6
5270,218,-11,71.57
5271,218,-15,70.54
5272,217,-31,69.51
5273,216,-12,74.44
5275,215,9,73.37
5276,215,20,72.3
5277,214,46,71.23
5278,214,61,78.09
5280,214,64,76.95
5281,214,58,75.81
5282,213,29,74.67
5283,213,24,81.42
5285,213,17,80.17
5286,213,7,78.92
5287,213,2,77.67
5288,212,-2,85.33
5290,212,-10,83.99
5291,212,-1,82.65
5292,211,-1,81.31
5293,210,-15,88.9
5295,209,31,87.49
5296,208,20,86.08
5297,207,15,84.67
5298,206,12,89.19
5300,205,9,87.71
5301,203,8,86.23
5302,202,7,84.75
5303,201,-1,92.19
5305,200,-34,90.63
5306,199,-28,89.07
5307,198,-22,87.51
5308,197,-22,88.96
5310,197,24,87.41
5311,197,19,85.86
5312,196,21,84.31
5313,196,19,92.68
5315,196,11,91.05
5316,196,8,89.42
5317,195,3,87.8
5318,195,0,90.14
5320,195,-37,88.48
5321,194,-36,86.86
5322,194,-31,85.24
5323,194,-11,87.58
5325,194,30,85.92
5326,194,22,84.3
5327,194,18,86.64
5328,194,19,84.98
5330,194,15,83.32
5331,195,7,91.56
5332,195,-42,89.85
5333,195,-30,88.14
5335,195,-15,86.43
5336,196,-5,81.75
5337,196,24,80.07
5338,196,25,78.43
5340,197,27,76.79
5341,197,26,75.15
5342,198,21,79.45
5343,199,17,77.8
5345,200,8,76.15
5346,201,4,74.5
5347,202,12,72.85
5348,203,6,70.3
5350,204,-27,68.75
5351,206,-21,67.2
5352,207,-12,65.65
5353,207,27,66.12
5355,208,30,64.59
5356,208,26,63.06
5357,209,18,61.53
5358,209,16,63.02
5360,209,15,61.51
5361,209,5,60
5362,209,-40,58.49
5363,209,-35,59.03
5365,210,-26,57.57
5366,210,-19,56.11
5367,210,-15,54.65
5368,211,29,57.21
5370,211,34,55.77
5371,211,31,54.33
5372,212,24,52.89
5373,212,16,52.52
5375,212,9,51.15
5376,212,0,49.78
5377,212,-40,48.41
5378,212,-33,50.1
5380,212,-29,48.79
5381,212,-21,47.48
5382,212,-16,46.27
5383,212,-13,46.05
5385,212,-6,44.83
5386,212,-4,43.61
5387,213,-1,42.44
5388,213,-6,43.25
5390,213,-1,42.06
5391,214,-3,40.87
5392,215,4,39.68
5393,215,-2,41.55
5395,215,3,40.42
5396,215,0,39.29
5397,215,4,38.16
5398,215,-2,40.06
5400,215,-6,38.96
5401,215,-6,37.86
5402,215,-1,36.76
5403,215,-4,35.74
5405,215,-4,34.72
5406,215,-17,33.7
5407,215,-2,32.68
5408,215,-7,30.75
5410,215,-8,29.82
5411,215,-5,28.89
5412,215,-12,27.96
5413,215,-11,30.09
5415,215,27,29.22
5416,215,25,28.35
5417,214,19,27.48
5418,214,15,30.66
5420,214,10,29.84
5421,214,6,29.02
5422,214,-1,28.2
5423,214,-10,27.44
5425,214,-64,26.68
5426,214,-53,25.92
5427,214,-44,25.16
5428,214,-35,28.45
5430,213,31,27.74
5431,212,31,27.03
5432,212,24,26.32
5433,211,30,24.65
5435,210,19,23.98
5436,208,11,23.31
5437,207,1,22.64
5438,206,-10,27.02
5440,204,-66,26.4
5441,203,-52,25.78
5442,202,-38,25.16
5443,201,-27,22.6
5445,200,29,22.04
5446,199,37,21.48
5447,198,36,23.89
5448,198,36,23.34
5450,197,25,22.79
5451,197,13,23.23
5452,196,-52,22.71
5453,196,-47,22.19
5455,195,-31,21.67
5456,194,-30,23.23
5457,193,46,22.79
5458,193,38,22.35
5460,192,38,21.91
5461,191,39,21.44
5462,191,-19,23.94
5463,190,-32,23.44
5465,190,-27,22.94
5466,190,-18,22.44
5467,190,-4,22
5468,190,9,22.55
5470,190,6,22.1
5471,190,20,21.65
5472,190,26,21.2
5473,190,51,20.74
5475,190,46,20.28
5476,190,30,19.82
5477,190,25,19.36
5478,189,21,23.87
5480,189,9,23.38
5481,189,0,22.89
5482,189,-5,22.4
5483,189,1,21.94
5485,189,-36,21.48
5486,189,-23,21.02
5487,190,-15,20.56
5488,190,23,19.13
5490,191,19,18.7
5491,192,15,18.27
5492,192,12,17.84
5493,193,9,16.46
5495,193,3,16.08
5496,194,4,15.7
5497,194,-5,15.32
5498,194,-3,19.9
5500,195,-23,19.48
5501,196,-20,19.06
5502,196,-12,18.64
5503,197,-16,22.21
5505,199,-9,21.78
5506,200,32,21.35
5507,202,21,20.92
5508,203,-12,20.5
5510,204,-4,20.08
5511,206,-12,19.66
5512,207,-31,19.24
5513,207,-53,18.84
5515,207,-52,18.44
5516,206,-44,18.04
5517,205,-22,17.64
5518,205,-16,21.23
5520,204,1,20.82
5521,204,-17,20.41
5522,203,-7,20
5523,203,-18,20.61
5525,204,-11,20.22
5526,205,-22,19.83
5527,206,-16,19.44
5528,208,-15,20.04
5530,209,-4,19.64
5531,211,4,19.24
5532,212,11,18.84
5533,214,9,13.48
5535,215,12,13.12
5536,215,45,12.76
5537,216,-11,12.4
5538,216,-23,14.05
5540,217,-44,13.7
5541,218,-12,13.35
5542,219,-15,13
5543,221,3,10.71
5545,224,-5,10.42
5546,227,8,10.13
5547,231,13,9.84
5548,234,9,7.57
5550,238,73,7.3
5551,241,50,7.03
5552,244,32,6.76
5553,247,23,7.52
5555,249,48,7.28
5556,251,34,7.04
5557,252,27,6.8
5558,253,8,6.55
5560,256,-55,6.3
5561,258,-40,6.05
5562,261,-31,5.8
5563,266,-37,6.59
5565,272,48,6.38
5566,280,45,6.17
5567,288,46,5.96
5568,296,44,8.7
5570,305,31,8.44
5571,314,22,8.18
5572,323,24,7.95
5573,331,37,8.71
5575,339,-13,8.47
5576,345,-11,8.24
5577,352,-25,8.01
5578,358,-18,11.74
5580,365,28,11.47
5581,373,25,11.22
5582,383,17,11.96
5583,394,31,11.7
5585,406,18,11.44
5586,420,17,15.14
5587,433,-29,14.87
5588,446,-28,14.6
5590,459,-21,14.33
5591,471,-17,21.98
5592,482,25,21.63
5593,492,21,21.29
5595,500,50,20.95
5596,508,30,20.61
5597,516,18,22.25
5598,524,16,21.89
5600,533,-4,21.53
5601,541,12,21.17
5602,549,8,20.81
5603,560,6,24.46
5605,572,-46,24.11
5606,585,-36,23.76
5607,599,-34,23.41
5608,614,4,26.03
5610,629,10,25.65
5611,644,7,25.27
5612,658,7,24.89
5613,672,9,31.43
5615,683,6,30.97
5616,693,0,30.51
5617,702,0,30.05
5618,711,-4,38.49
5620,720,-42,37.93
5621,729,-31,37.37
5622,737,-15,36.81
5623,747,7,39.27
5625,759,5,38.73
5626,772,-8,38.19
5627,785,-32,37.65
5628,799,5,44.08
5630,813,-33,43.51
5631,827,-17,42.94
5632,841,-10,42.37
5633,854,3,43.78
5635,865,5,43.19
5636,876,5,42.6
5637,886,8,42.01
5638,897,9,46.37
5640,909,6,45.73
5641,922,8,45.09
5642,936,10,44.45
5643,954,7,53.75
5645,974,17,53.05
5646,996,-1,52.35
5647,1020,1,51.65
5648,1045,1,55.91
5650,1071,4,55.17
5651,1096,0,54.43
5652,1122,1,53.69
5653,1145,0,59.89
5655,1167,1,59.09
5656,1187,-2,58.29
5657,1205,5,57.49
5658,1224,-2,62.58
5660,1244,8,61.67
5661,1264,1,60.76
5662,1283,5,59.85
5663,1307,9,64.9
5665,1334,15,63.95
5666,1364,9,63
5667,1395,18,62.05
5668,1431,10,67.02
5670,1472,75,65.99
5671,1516,60,64.96
5672,1561,41,63.93
5673,1609,26,68.82
5675,1658,14,67.71
5676,1708,-4,66.6
5677,1757,-5,65.49
5678,1810,-25,71.32
5680,1865,-62,70.15
5681,1921,-52,68.98
5682,1978,-33,67.81
5683,2039,-26,71.59
5685,2103,40,70.37
5686,2168,23,69.15
5687,2234,18,67.93
5688,2305,9,71.67
5690,2381,12,70.41
5691,2458,2,69.15
5692,2537,2,67.89
5693,2618,-3,77.55
5695,2701,-47,76.21
5696,2783,-38,74.87
5697,2865,-34,73.53
5698,2951,-38,76.16
5700,3041,37,74.79
5701,3131,17,73.42
5702,3227,17,77
5703,3327,17,75.62
5705,3428,8,74.24
5706,3530,17,80.78
5707,3631,-30,79.33
5708,3730,-35,77.88
5710,3826,-18,76.43
5711,3915,-10,79.97
5712,3997,38,78.51
5713,4073,28,77.05
5715,4142,14,75.59
5716,4204,20,74.21
5717,4262,-30,77.78
5718,4317,-27,76.35
5720,4367,-22,74.92
5721,4413,-18,73.49
5722,4455,-12,72.08
5723,4499,3,72.65
5725,4544,7,71.22
5726,4589,3,69.79
5727,4634,-3,68.36
5728,4678,38,70.93
5730,4721,38,69.5
5731,4763,24,68.07
5732,4804,4,66.64
5733,4839,-3,74.15
5735,4869,-29,72.66
5736,4896,-29,71.17
5737,4918,-29,69.68
5738,4938,-24,72.22
5740,4956,-68,70.76
5741,4972,-50,69.3
5742,4986,-36,67.84
5743,5003,24,71.42
5745,5022,30,70
5746,5044,31,68.58
5747,5066,29,67.16
5748,5088,29,68.74
5750,5111,28,67.32
5751,5134,13,65.9
5752,5157,-19,64.48
5753,5175,-20,74.02
5755,5190,-12,72.56
5756,5202,-14,71.1
5757,5212,-3,69.64
5758,5220,-7,72.16
5760,5227,-4,70.68
5761,5232,-12,69.2
5762,5237,0,67.72
5763,5246,-7,67.28
5765,5257,-5,65.84
5766,5271,-9,64.4
5767,5287,-12,62.96
5768,5305,-13,65.58
5770,5323,-18,64.2
5771,5343,-20,62.82
5772,5362,-12,61.44
5773,5378,-15,67.04
5775,5391,-8,65.64
5776,5401,-6,64.24
5777,5408,7,62.84
5778,5415,11,66.46
5780,5420,17,65.08
5781,5424,5,63.7
5782,5427,13,62.32
5783,5433,16,67.93
5785,5442,7,66.54
5786,5453,9,65.15
5787,5466,6,63.76
5788,5480,-1,68.37
5790,5494,35,66.98
5791,5509,28,65.59
5792,5523,19,64.2
5793,5533,14,64.85
5795,5539,10,63.5
5796,5541,5,62.15
5797,5540,1,60.8
5798,5538,-4,63.47
5800,5534,-55,62.14
5801,5529,-36,60.81
5802,5523,-33,59.48
5803,5521,-15,63.17
5805,5522,24,61.86
5806,5527,24,60.55
5807,5534,23,59.24
5808,5542,24,62.93
5810,5552,16,61.62
5811,5563,12,60.31
5812,5574,5,59
5813,5581,0,66.65
5815,5585,-46,65.3
5816,5585,-33,63.95
5817,5583,-12,62.6
5818,5579,-11,61.36
5820,5573,44,60.12
5821,5566,22,58.88
5822,5562,22,66.55
5823,5561,23,65.26
5825,5563,15,63.97
5826,5567,1,66.64
5827,5572,-32,65.36
5828,5579,-23,64.08
5830,5587,-15,62.8
5831,5591,-14,63.58
5832,5592,-18,62.36
5833,5590,25,61.14
5835,5587,19,59.92
5836,5581,21,58.75
5837,5575,18,66.49
5838,5568,8,65.23
5840,5561,-23,63.97
5841,5553,-14,62.71
5842,5545,-18,61.5
5843,5542,-11,65.24
5845,5541,-9,63.98
5846,5544,-2,62.72
5847,5549,-4,61.46
5848,5555,9,60.22
5850,5561,31,58.98
5851,5568,23,57.74
5852,5576,13,56.5
5853,5578,12,64.21
5855,5577,7,62.92
5856,5572,3,61.63
5857,5565,0,60.34
5858,5556,-2,61.12
5860,5545,-41,59.9
5861,5532,-37,58.68
5862,5519,-25,57.46
5863,5509,-23,63.21
5865,5502,21,61.96
5866,5497,21,60.71
5867,5494,21,59.46
5868,5492,22,61.23
5870,5490,16,60
5871,5488,10,58.77
5872,5487,5,57.54
5873,5481,0,62.28
5875,5471,-60,61.02
5876,5457,-42,59.76
5877,5442,-40,58.5
5878,5424,-30,62.3
5880,5405,-26,61.1
5881,5385,36,59.9
5882,5364,36,58.7
5883,5346,-20,60.51
5885,5332,-21,59.32
5886,5319,-15,58.13
5887,5310,-12,56.94
5888,5300,-16,62.69
5890,5291,-19,61.44
5891,5283,-6,60.19
5892,5275,-4,58.94
5893,5262,-6,55.75
5895,5247,0,54.56
5896,5228,4,53.37
5897,5207,2,52.18
5898,5184,0,58.98
5900,5160,15,57.78
5901,5136,5,56.58
5902,5111,10,55.38
5903,5089,16,61.16
5905,5070,12,59.94
5906,5054,21,58.72
5907,5040,14,57.5
5908,5027,13,59.32
5910,5014,8,58.14
5911,5001,6,56.96
5912,4989,18,55.78
5913,4974,10,61.59
5915,4955,10,60.4
5916,4934,9,59.21
5917,4912,8,58.02
5918,4888,6,61.8
5920,4864,4,60.58
5921,4839,-2,59.36
5922,4814,4,58.14
5923,4793,12,64.88
5925,4775,35,63.62
5926,4760,26,62.36
5927,4747,15,61.1
5928,4736,12,66.82
5930,4725,10,65.54
5931,4716,5,64.26
5932,4707,0,62.98
5933,4696,-3,71.65
5935,4682,-44,70.32
5936,4666,-25,68.99
5937,4648,-24,67.66
5938,4630,-21,69.39
5940,4610,28,68.12
5941,4591,16,66.85
5942,4573,19,72.51
5943,4558,15,71.17
5945,4544,12,69.83
5946,4531,-16,75.42
5947,4518,-37,74.1
5948,4506,-37,72.78
5950,4495,-29,71.46
5951,4479,-12,79.09
5952,4461,35,77.72
5953,4440,26,76.35
5955,4417,33,74.98
5956,4394,24,73.63
5957,4369,-15,83.17
5958,4344,-28,81.71
5960,4320,-16,80.25
5961,4295,-17,78.79
5962,4272,-14,77.42
5963,4252,-15,84.96
5965,4235,4,83.5
5966,4220,4,82.04
5967,4209,1,80.58
5968,4198,22,88.08
5970,4189,32,86.58
5971,4180,20,85.08
5972,4173,16,83.58
5973,4162,11,94.95
5975,4149,5,93.32
5976,4134,5,91.69
5977,4117,-1,90.06
5978,4099,-1,103.37
5980,4081,-60,101.68
5981,4062,-44,99.99
5982,4043,-32,98.3
5983,4026,11,105.54
5985,4011,26,103.78
5986,3999,20,102.02
5987,3989,21,100.26
5988,3978,16,110.45
5990,3968,-2,108.64
5991,3957,-10,106.83
5992,3947,-16,105.02
5993,3933,-14,116.11
5995,3916,-81,114.2
5996,3896,-72,112.29
5997,3874,-67,110.38
5998,3850,-14,122.39
6000,3825,11,120.4
6001,3799,31,118.41
6002,3773,55,116.42
6003,3749,73,127.35
6005,3726,23,125.28
6006,3706,32,123.21
6007,3687,28,121.14
6008,3669,15,136.92
6010,3651,7,134.7
6011,3634,-2,132.48
6012,3618,-13,130.26
6013,3598,-13,139
6015,3577,-26,136.74
6016,3554,-36,134.48
6017,3529,-33,132.22
6018,3505,-36,143.8
6020,3480,-19,141.38
6021,3455,-11,138.96
6022,3431,-5,136.54
6023,3409,-12,151.03
6025,3390,4,148.52
6026,3373,11,146.01
6027,3357,20,143.5
6028,3343,12,156.9
6030,3329,17,154.3
6031,3316,17,151.7
6032,3303,17,149.1
6033,3289,20,162.37
6035,3273,26,159.64
6036,3256,18,156.91
6037,3239,27,154.18
6038,3221,22,168.35
6040,3203,22,165.52
6041,3184,16,162.69
6042,3166,12,159.86
6043,3150,24,170.94
6045,3136,57,168.02
6046,3123,45,165.1
6047,3111,31,162.18
6048,3100,27,176.17
6050,3088,15,173.16
6051,3078,8,170.15
6052,3067,2,167.14
6053,3054,-2,177.07
6055,3039,-49,174
6056,3023,-35,170.93
6057,3005,-31,167.86
6058,2986,-22,184.69
6060,2967,33,181.52
6061,2948,32,178.35
6062,2929,29,175.18
6063,2911,17,186.89
6065,2895,8,183.6
6066,2880,-1,180.31
6067,2867,-13,177.09
6068,2854,-18,186.74
6070,2841,-53,183.39
6071,2829,-45,180.11
6072,2817,-36,176.83
6073,2804,-23,187.41
6075,2788,-1,183.99
6076,2771,17,180.66
6077,2753,14,191.19
6078,2734,12,187.72
6080,2715,10,184.25
6081,2697,8,194.64
6082,2679,-40,191.14
6083,2663,-32,187.64
6085,2647,-27,184.14
6086,2632,-26,191.53
6087,2617,16,187.92
6088,2603,20,184.4
6090,2589,19,180.88
6091,2576,21,177.36
6092,2561,-22,189.68
6093,2545,-29,186.09
6095,2529,-20,182.5
6096,2512,-23,178.91
6097,2495,-4,175.32
6098,2478,-2,179.78
6100,2462,6,176.24
6101,2446,10,172.7
6102,2431,10,169.16
6103,2417,29,179.63
6105,2405,35,176.1
6106,2394,29,172.57
6107,2385,19,169.04
6108,2377,16,177.48
6110,2369,11,173.92
6111,2362,1,170.36
6112,2355,0,166.8
6113,2347,3,176.23
6115,2338,-33,172.66
6116,2327,-23,169.09
6117,2317,-19,165.52
6118,2305,-11,170
6120,2294,28,166.48
6121,2282,5,162.96
6122,2271,21,159.44
6123,2260,31,166.95
6125,2251,21,163.46
6126,2242,9,159.97
6127,2235,-31,156.48
6128,2228,-29,165
6130,2221,-18,161.52
6131,2214,-17,158.04
6132,2208,-9,154.56
6133,2201,-6,162.15
6135,2192,-8,158.74
6136,2182,1,155.33
6137,2172,7,151.92
6138,2162,-2,159.51
6140,2151,7,156.1
6141,2141,5,152.69
6142,2131,-7,149.28
6143,2122,8,159.87
6145,2114,3,156.46
6146,2107,6,153.05
6147,2102,2,149.64
6148,2096,-1,156.3
6150,2091,-3,152.96
6151,2086,-7,149.62
6152,2082,-3,146.28
6153,2076,-4,155.97
6155,2069,-7,152.66
6156,2061,-1,149.35
6157,2053,3,146.04
6158,2044,9,151.8
6160,2035,3,148.56
6161,2026,8,145.32
6162,2018,8,142.08
6163,2010,23,149.9
6165,2003,39,146.72
6166,1997,29,143.54
6167,1992,23,140.36
6168,1986,17,149.2
6170,1981,8,146.04
6171,1975,4,142.88
6172,1970,1,139.72
6173,1963,-23,146.63
6175,1954,-34,143.54
6176,1944,-24,140.45
6177,1932,-20,137.36
6178,1920,-14,141.33
6180,1906,22,138.3
6181,1892,25,135.27
6182,1878,17,132.24
6183,1863,18,142.28
6185,1849,10,139.32
6186,1835,8,136.36
6187,1821,1,133.4
6188,1807,-1,142.47
6190,1794,-37,139.54
6191,1782,-31,136.61
6192,1771,-25,133.68
6193,1759,-14,143.75
6195,1749,26,140.82
6196,1738,12,137.89
6197,1731,9,138.92
6198,1726,16,136.09
6200,1723,8,133.26
6201,1724,2,143.3
6202,1728,-34,140.48
6203,1735,-38,137.66
6205,1744,-29,134.84
6206,1754,-18,144.04
6207,1766,16,141.24
6208,1780,17,138.44
6210,1794,15,135.64
6211,1808,16,132.95
6212,1823,12,142.14
6213,1838,7,139.33
6215,1853,4,136.52
6216,1869,-4,133.71
6217,1883,-3,131.06
6218,1899,-1,137.32
6220,1915,-47,134.58
6221,1932,-30,131.84
6222,1949,-26,129.1
6223,1964,19,137.33
6225,1978,28,134.56
6226,1991,18,131.79
6227,2003,21,129.02
6228,2011,17,135.3
6230,2017,9,132.58
6231,2020,3,129.86
6232,2020,-44,127.14
6233,2015,-38,134.44
6235,2006,-21,131.74
6236,1994,-13,129.04
6237,1979,-1,126.34
6238,1960,33,133.67
6240,1938,40,131
6241,1914,43,128.33
6242,1888,34,125.66
6243,1860,16,133.96
6245,1833,19,131.26
6246,1804,12,128.56
6247,1776,8,125.86
6248,1748,4,127.23
6250,1720,-33,124.6
6251,1692,-33,121.97
6252,1664,-29,119.34
6253,1637,-38,129.7
6255,1609,-38,127.06
6256,1582,7,124.42
6257,1556,13,121.78
6258,1530,-48,127.17
6260,1506,-48,124.56
6261,1482,-34,121.95
6262,1460,-28,119.34
6263,1440,-16,126.74
6265,1422,-1,124.14
6266,1407,10,121.54
6267,1393,30,118.94
6268,1380,37,125.39
6270,1369,41,122.84
6271,1359,31,120.29
6272,1350,34,117.74
6273,1341,23,126.18
6275,1332,27,123.62
6276,1324,19,121.06
6277,1315,21,118.5
6278,1308,23,124.98
6280,1301,21,122.46
6281,1295,14,119.94
6282,1289,9,117.42
6283,1285,4,122.91
6285,1281,-3,120.4
6286,1279,-13,117.89
6287,1277,-6,115.38
6288,1276,-10,119.91
6290,1275,-8,117.44
6291,1275,-9,114.97
6292,1274,3,112.5
6293,1273,1,118.07
6295,1271,1,115.64
6296,1269,-5,113.21
6297,1266,-5,110.78
6298,1263,1,118.35
6300,1260,35,115.92
6301,1256,14,113.49
6302,1253,-1,111.06
6303,1250,-14,113.65
6305,1247,-16,111.24
6306,1245,-14,108.83
6307,1243,-15,106.42
6308,1241,-12,112.06
6310,1239,-48,109.7
6311,1237,-39,107.34
6312,1234,-31,104.98
6313,1231,-22,112.64
6315,1227,32,110.3
6316,1222,20,107.96
6317,1216,15,110.57
6318,1210,14,108.31
6320,1203,10,106.05
6321,1197,10,110.72
6322,1191,-40,108.43
6323,1185,-45,106.14
6325,1180,-30,103.85
6326,1175,-9,108.62
6327,1170,14,106.39
6328,1165,33,104.16
6330,1160,33,101.93
6331,1156,31,99.82
6332,1151,1,109.59
6333,1145,-36,107.36
6335,1139,-35,105.13
6336,1133,-30,102.9
6337,1127,-23,100.79
6338,1122,-10,100.66
6340,1116,-9,98.53
6341,1111,-11,96.4
6342,1106,2,94.27
6343,1102,38,99.16
6345,1099,37,97.05
6346,1097,32,94.94
6347,1095,25,92.83
6348,1094,16,99.74
6350,1093,14,97.65
6351,1092,6,95.56
6352,1091,4,93.47
6353,1090,6,95.43
6355,1087,-52,93.39
6356,1085,-38,91.35
6357,1082,-25,89.31
6358,1079,18,91.33
6360,1075,29,89.35
6361,1072,28,87.37
6362,1069,29,85.39
6363,1066,33,89.45
6365,1064,19,87.51
6366,1061,13,85.57
6367,1060,4,83.63
6368,1058,2,92.69
6370,1056,-31,90.75
6371,1054,-24,88.81
6372,1052,-20,86.87
6373,1050,12,89.92
6375,1046,27,87.97
6376,1043,19,86.02
6377,1039,16,84.07
6378,1035,20,87.2
6380,1030,-25,85.33
6381,1026,-31,83.46
6382,1022,-28,81.59
6383,1018,-18,89.7
6385,1014,-20,87.81
6386,1012,-8,85.92
6387,1009,-2,84.03
6388,1007,5,87.19
6390,1004,-8,85.35
6391,1002,-7,83.51
6392,999,1,81.67
6393,996,-8,86.85
6395,993,1,85.03
6396,989,-10,83.21
6397,985,-1,81.39
6398,980,1,89.58
6400,976,8,87.77
6401,971,3,85.96
6402,967,5,84.15
6403,963,-6,84.41
6405,959,-2,82.67
6406,956,-5,80.93
6407,953,4,79.19
6408,950,6,81.49
6410,947,3,79.79
6411,944,2,78.09
6412,941,4,76.39
6413,938,3,81.69
6415,934,7,79.99
6416,929,1,78.29
6417,925,2,76.59
6418,920,17,76.95
6420,915,29,75.31
6421,911,25,73.67
6422,906,21,72.03
6423,903,10,78.41
6425,900,7,76.79
6426,897,3,75.17
6427,896,-3,73.55
6428,894,-5,73.96
6430,893,-48,72.37
6431,892,-36,70.78
6432,891,-29,69.19
6433,890,-19,74.61
6435,888,31,73.03
6436,886,26,71.45
6437,884,24,69.87
6438,882,22,71.36
6440,880,16,69.85
6441,878,9,68.34
6442,875,4,66.88
6443,874,-3,70.37
6445,873,-43,68.86
6446,873,-37,67.42
6447,873,-26,65.98
6448,873,-15,66.52
6450,874,30,65.06
6451,874,24,63.67
6452,874,23,62.28
6453,873,22,67.82
6455,872,16,66.36
6456,870,10,64.9
6457,868,3,63.56
6458,865,0,66.18
6460,862,-49,64.8
6461,859,-41,63.42
6462,856,-29,62.04
6463,853,-27,62.66
6465,851,28,61.28
6466,850,27,59.9
6467,848,27,66.44
6468,847,25,65.05
6470,845,20,63.66
6471,844,14,67.22
6472,842,-41,65.78
6473,840,-34,64.43
6475,838,-23,63.08
6476,836,-14,64.7
6477,834,25,63.32
6478,832,22,61.98
6480,831,24,60.64
6481,829,23,59.3
6482,829,16,66.87
6483,829,9,65.48
6485,829,5,64.09
6486,830,0,62.7
6487,831,1,61.31
6488,833,1,64.93
6490,834,-45,63.55
6491,835,-34,62.17
6492,837,-20,60.79
6493,838,15,66.45
6495,838,18,65.11
6496,838,20,63.77
6497,837,18,62.43
6498,836,16,66.09
6500,836,4,64.75
6501,835,-4,63.41
6502,834,-62,62.07
6503,834,-58,70.68
6505,834,-54,69.29
6506,834,-40,67.9
6507,835,-38,66.51
6508,836,-29,74.13
6510,837,-22,72.75
6511,838,-15,71.37
6512,839,-18,69.99
6513,839,-22,74.6
6515,839,-17,73.21
6516,838,-16,71.82
6517,836,-19,70.43
6518,835,-15,78.02
6520,833,2,76.61
6521,831,20,75.2
6522,829,47,73.79
6523,828,62,85.35
6525,827,71,83.91
6526,826,77,82.47
6527,826,70,81.03
6528,825,55,86.54
6530,825,44,85.05
6531,825,25,83.56
6532,825,7,82.07
6533,824,0,87.55
6535,822,-5,86.03
6536,820,-7,84.51
6537,818,-8,82.99
6538,816,6,93.42
6540,814,28,91.85
6541,811,23,90.28
6542,809,21,88.71
6543,808,10,96.07
6545,807,4,94.43
6546,806,0,92.79
6547,806,-5,91.15
6548,806,-12,94.54
6550,806,-53,92.93
6551,806,-44,91.32
6552,806,-31,89.71
6553,805,-42,102.97
6555,803,21,101.23
6556,801,18,99.49
6557,799,17,97.75
6558,797,20,104.99
6560,794,13,103.23
6561,792,10,101.47
6562,789,5,99.71
6563,787,-2,108.87
6565,785,-33,107.03
6566,784,-20,105.19
6567,783,-15,103.35
6568,783,-15,113.44
6570,782,40,111.53
6571,782,18,109.62
6572,781,21,112.66
6573,779,18,110.72
6575,777,12,108.78
6576,775,5,120.7
6577,773,-38,118.62
6578,771,-30,116.61
6580,769,-23,114.6
6581,768,-10,119.52
6582,767,12,117.44
6583,767,17,115.4
6585,766,19,113.36
6586,767,26,111.32
6587,767,-6,118.19
6588,767,-30,116.08
6590,767,-25,113.97
6591,768,-33,111.86
6592,768,-14,109.83
6593,767,-10,116.71
6595,766,-2,114.59
6596,765,2,112.52
6597,764,7,110.45
6598,762,35,114.32
6600,760,38,112.19
6601,759,24,110.09
6602,757,18,107.99
6603,755,10,109.85
6605,753,5,107.71
6606,752,2,105.57
6607,750,-2,103.52
6608,749,-2,109.39
6610,747,-36,107.26
6611,745,-28,105.13
6612,743,-14,103
6613,741,24,105.87
6615,737,26,103.74
6616,734,22,101.61
6617,729,19,99.48
6618,725,19,100.39
6620,721,11,98.3
6621,716,3,96.21
6622,712,0,94.12
6623,708,-4,101.98
6625,704,-38,99.84
6626,702,-32,97.7
6627,699,-19,95.56
6628,697,-23,98.47
6630,695,-10,96.38
6631,692,35,94.29
6632,690,-4,92.2
6633,688,37,91.19
6635,685,-10,89.18
6636,682,-6,87.17
6637,679,-5,85.16
6638,676,-2,90.14
6640,673,-7,88.12
6641,670,-4,86.1
6642,667,0,84.08
6643,665,-9,88.09
6645,664,-16,86.1
6646,663,-3,84.11
6647,662,5,82.12
6648,661,-3,83.23
6650,661,-8,81.34
6651,660,-8,79.45
6652,659,-1,77.56
6653,658,1,80.69
6655,656,10,78.82
6656,654,6,76.95
6657,651,4,75.08
6658,648,1,77.24
6660,645,4,75.4
6661,642,0,73.56
6662,639,1,71.72
6663,637,-7,70.99
6665,636,-1,69.26
6666,634,5,67.53
6667,634,2,65.8
6668,633,6,70.1
6670,633,3,68.4
6671,632,-1,66.7
6672,632,-4,65
6673,631,7,68.3
6675,629,26,66.6
6676,628,17,64.9
6677,626,17,63.2
6678,624,10,63.63
6680,622,8,62.06
6681,621,3,60.49
6682,619,-3,58.92
6683,619,-2,63.38
6685,619,-50,61.84
6686,620,-39,60.3
6687,621,-26,58.76
6688,622,-21,58.32
6690,623,32,56.88
6691,625,26,55.44
6692,625,26,57.96
6693,625,24,56.6
6695,625,17,55.24
6696,624,8,58.83
6697,623,-41,57.47
6698,623,-45,56.11
6700,622,-32,54.75
6701,621,-8,59.47
6702,620,-3,58.19
6703,620,41,56.91
6705,620,28,55.63
6706,620,29,54.42
6707,621,22,57.17
6708,620,18,55.92
6710,620,-25,54.67
6711,620,-29,53.42
6712,620,-21,52.26
6713,619,-16,54.07
6715,618,-5,52.88
6716,616,-6,51.69
6717,613,4,50.5
6718,611,27,55.34
6720,609,36,54.18
6721,606,31,53.02
6722,603,21,51.86
6723,601,12,53.73
6725,599,11,52.6
6726,598,1,51.47
6727,597,3,50.34
6728,596,-3,51.23
6730,594,-31,50.12
6731,593,-25,49.01
6732,592,-19,47.9
6733,590,-19,51.82
6735,588,27,50.74
6736,585,16,49.66
6737,582,15,48.58
6738,579,21,53.49
6740,577,16,52.4
6741,574,5,51.31
6742,571,0,50.22
6743,569,-6,53.12
6745,567,-44,52.02
6746,565,-31,50.92
6747,564,-21,49.82
6748,563,4,50.8
6750,562,23,49.78
6751,561,16,48.76
6752,560,11,47.74
6753,559,17,50.73
6755,556,-34,49.72
6756,554,-29,48.71
6757,550,-21,47.7
6758,547,-20,51.65
6760,543,-10,50.6
6761,540,-3,49.55
6762,536,-1,48.5
6763,533,-4,51.48
6765,530,2,50.46
6766,528,8,49.44
6767,527,4,48.42
6768,525,1,48.45
6770,523,-1,47.48
6771,520,0,46.51
6772,518,6,45.54
6773,516,4,44.6
6775,512,12,43.66
6776,508,13,42.72
6777,504,6,41.78
6778,500,4,45.84
6780,496,0,44.9
6781,492,-1,43.96
6782,488,8,43.02
6783,485,1,42.12
6785,482,-4,41.22
6786,480,2,40.32
6787,478,7,39.42
6788,477,9,40.51
6790,475,-1,39.6
6791,474,0,38.69
6792,473,0,37.78
6793,471,7,39.9
6795,469,30,39.02
6796,466,19,38.14
6797,463,14,37.26
6798,461,12,41.38
6800,458,8,40.5
6801,455,4,39.62
6802,453,0,38.74
6803,450,-4,37.88
6805,449,-39,37.02
6806,448,-31,36.16
6807,447,-16,35.3
6808,446,-17,40.44
6810,445,32,39.58
6811,445,31,38.72
6812,445,26,37.86
6813,443,20,38
6815,442,11,37.14
6816,440,3,36.28
6817,438,7,35.46
6818,436,1,34.64
6820,433,-34,33.82
6821,430,-25,33.05
6822,428,-23,32.28
6823,425,-11,34.48
6825,422,25,33.68
6826,420,15,32.94
6827,416,10,33.19
6828,412,14,32.44
6830,407,8,31.69
6831,401,-4,33.91
6832,394,-30,33.17
6833,386,-27,32.43
6835,377,-14,31.69
6836,369,-11,33.92
6837,360,25,33.15
6838,352,20,32.41
6840,345,16,31.67
6841,338,18,30.93
6842,333,-15,29.2
6843,330,-28,28.53
6845,329,-13,27.86
6846,329,-17,27.19
6847,330,-6,26.52
6848,334,-5,31.82
6850,340,0,31.12
6851,348,5,30.42
6852,356,-2,29.72
6853,367,15,28.05
6855,380,27,27.38
6856,393,20,26.71
6857,408,13,26.04
6858,424,11,28.39
6860,440,2,27.74
6861,457,2,27.09
6862,475,-3,26.44
6863,494,-5,29.81
6865,515,-50,29.18
6866,538,-41,28.55
6867,560,-22,27.92
6868,585,9,25.35
6870,610,19,24.78
6871,636,20,24.21
6872,662,20,23.64
6873,687,19,25.07
6875,713,12,24.5
6876,738,5,23.93
6877,761,-46,23.36
6878,782,-33,27.78
6880,799,-29,27.2
6881,814,-18,26.62
6882,826,-10,26.04
6883,835,-6,22.54
6885,839,-4,22.04
6886,841,16,21.54
6887,840,10,21.04
6888,834,9,21.57
6890,825,13,21.1
6891,812,18,20.63
6892,796,12,20.16
6893,777,12,23.66
6895,754,11,23.16
6896,729,10,22.66
6897,702,17,22.16
6898,674,10,24.63
6900,644,8,24.1
6901,615,7,23.57
6902,585,4,23.04
6903,557,-5,20.58
6905,529,-8,20.12
6906,502,-13,19.66
6907,477,-18,19.2
6908,453,-16,22.7
6910,430,-16,22.2
6911,408,-22,21.7
6912,388,-9,21.2
6913,369,2,22.7
6915,350,34,22.2
6916,333,36,21.7
6917,316,30,21.2
6918,301,35,22.71
6920,288,28,22.22
6921,276,26,21.73
6922,265,12,21.24
6923,256,22,21.79
6925,249,-29,21.34
6926,243,-22,20.89
6927,239,-17,20.44
6928,235,-14,21.97
6930,233,34,21.5
6931,231,24,21.03
6932,230,12,20.56
6933,229,9,19.16
6935,228,0,18.76
6936,227,-3,18.36
6937,226,-13,17.96
6938,225,-12,21.53
6940,224,-47,21.1
6941,223,-30,20.67
6942,223,-31,20.24
6943,223,-30,18.82
6945,224,17,18.4
6946,225,10,17.98
6947,226,10,18.55
6948,228,12,18.15
6950,229,6,17.75
6951,230,3,18.34
6952,230,-56,17.94
6953,230,-43,17.54
6955,229,-40,17.14
6956,229,-11,17.76
6957,228,28,17.38
6958,228,21,17
6960,227,33,16.62
6961,227,23,16.27
6962,227,2,12.95
6963,227,-28,12.63
6965,228,-21,12.31
6966,229,-22,11.99
6967,230,-14,11.66
6968,232,-15,12.32
6970,233,-10,11.98
6971,234,-7,11.64
6972,236,1,11.3
6973,236,23,10.03
6975,236,42,9.76
6976,235,35,9.49
6977,234,30,9.22
6978,234,11,11.91
6980,233,17,11.6
6981,232,6,11.29
6982,232,0,10.98
6983,233,1,9.71
6985,234,-60,9.44
6986,236,-41,9.17
6987,238,-43,8.9
6988,240,-33,4.71
6990,243,35,4.52
6991,245,-8,4.33
6992,247,27,4.14
6993,249,39,6.9
6995,249,33,6.66
6996,249,25,6.42
6997,248,14,6.18
6998,247,7,3.98
7000,246,-50,3.78
7001,244,-40,3.58
7002,243,-27,3.38
7003,241,-13,6.2
7005,240,-13,6.02
7006,239,2,5.84
7007,239,6,5.66
7008,238,55,1.49
7010,236,41,1.32
7011,235,34,1.15
7012,234,-17,0.98
7013,231,-1,3.79
7015,228,-2,3.6
7016,225,-6,3.41
7017,221,-7,3.22
7018,218,-1,2.08
7020,214,4,1.94
7021,211,13,1.8
7022,208,13,1.66
7023,206,-2,4.52
7025,204,11,4.38
7026,203,5,4.24
7027,202,7,4.1
7028,201,7,7.9
7030,201,6,7.7
7031,200,6,7.5
7032,199,6,7.3
7033,198,2,6.15
7035,196,0,6
7036,194,-16,5.85
7037,192,21,5.7
7038,189,34,6.56
7040,186,31,6.42
7041,184,19,6.28
7042,181,16,6.14
7043,179,-3,7.01
7045,177,-34,6.88
7046,176,-29,6.75
7047,175,-26,6.62
7048,174,-25,6.5
7050,172,21,6.38
7051,171,8,6.26
7052,170,18,6.14
7053,168,9,5.05
7055,165,9,4.96
7056,162,1,4.87
7057,158,-6,4.78
7058,155,-9,8.64
7060,152,-63,8.5
7061,149,-38,8.36
7062,146,-31,8.22
7063,143,-33,5.15
7065,141,24,5.08
7066,139,17,5.01
7067,138,13,5.93
7068,137,14,5.84
7070,136,8,5.75
7071,134,-1,3.68
7072,132,-70,3.62
7073,130,-57,3.56
7075,128,-50,3.5
7076,126,-25,6.42
7077,124,38,6.34
7078,122,35,6.26
7080,120,34,6.18
7081,119,34,6.11
7082,118,30,6.04
7083,117,17,5.97
7085,118,5,5.9
7086,118,-5,5.83
7087,119,6,5.73
7088,120,10,1.67
7090,121,-54,1.61
7091,123,-45,1.55
7092,124,-35,1.49
7093,125,17,5.4
7095,125,37,5.31
7096,125,33,5.22
7097,124,34,5.13
7098,124,30,2.06
7100,124,20,1.99
7101,124,9,1.92
7102,124,-60,1.85
7103,124,-41,0.82
7105,125,-25,0.79
7106,127,-19,0.76
7107,129,-10,0.73
7108,131,22,4.65
7110,132,45,4.57
7111,134,43,4.49
7112,136,33,4.41
7113,137,28,5.28
7115,139,18,5.15
7116,140,9,5.02
7117,140,5,4.89
7118,141,-1,8.75
7120,143,-29,8.61
7121,144,-17,8.47
7122,145,-14,8.33
7123,148,19,11.14
7125,150,31,10.95
7126,154,28,10.76
7127,158,20,10.57
7128,162,21,17.34
7130,167,-23,17.11
7131,172,-18,16.88
7132,176,-18,16.65
7133,181,-13,22.32
7135,185,-5,21.99
7136,189,1,21.66
7137,192,2,21.33
7138,196,6,24.99
7140,199,3,24.65
7141,203,0,24.31
7142,206,3,23.97
7143,209,-5,35.5
7145,213,10,35.03
7146,218,-1,34.56
7147,222,-1,34.09
7148,226,-2,40.58
7150,230,-3,40.07
7151,234,-2,39.56
7152,237,-1,39.05
7153,240,-2,47.49
7155,242,-10,46.93
7156,244,-14,46.37
7157,245,-2,45.81
7158,246,-7,57.12
7160,247,-1,56.43
7161,248,-8,55.74
7162,249,-5,55.05
7163,250,-10,65.26
7165,252,-16,64.47
7166,254,-27,63.68
7167,255,-37,62.89
7168,257,-20,72.01
7170,258,19,71.13
7171,259,-3,70.25
7172,260,-13,69.37
7173,260,-17,81.36
7175,259,-16,80.35
7176,258,-10,79.34
7177,257,11,78.33
7178,255,35,84.24
7180,253,-11,83.15
7181,252,32,82.06
7182,250,34,80.97
7183,248,29,88.83
7185,247,56,87.69
7186,246,25,86.55
7187,245,11,85.41
7188,244,2,95.13
7190,243,-17,93.85
7191,242,-35,92.57
7192,240,-30,91.3
7193,238,-24,98.94
7195,235,-64,97.58
7196,231,-41,96.2
7197,228,-21,94.82
7198,224,-9,100.37
7200,220,49,98.92
7201,217,51,97.5
7202,214,46,105.98
7203,212,37,104.46
7205,211,30,102.94
7206,209,11,110.33
7207,208,-35,108.72
7208,208,-45,107.11
7210,207,-24,105.5
7211,207,-16,103.89
7212,206,22,111.19
7213,205,36,109.45
7215,204,37,107.71
7216,203,37,105.97
7217,202,16,113.14
7218,201,-5,111.35
7220,200,1,109.56
7221,199,-1,107.77
7222,199,-1,105.98
7223,199,3,111.09
7225,199,5,109.2
7226,201,6,107.31
7227,202,4,105.42
7228,203,46,114.41
7230,205,43,112.4
7231,206,31,110.39
7232,208,21,108.38
7233,209,12,110.37
7235,209,3,108.36
7236,209,-3,106.35
7237,208,-8,104.34
7238,208,-6,111.25
7240,207,-51,109.16
7241,206,-38,107.07
7242,206,-25,104.98
7243,206,11,106.89
7245,206,20,104.8
7246,208,18,102.71
7247,209,17,100.62
7248,211,14,105.49
7250,212,2,103.36
7251,214,-3,101.23
7252,215,-43,99.1
7253,216,-38,101.99
7255,217,-27,99.88
7256,217,-21,97.77
7257,218,-20,95.66
7258,218,-10,98.56
7260,219,-8,96.46
7261,220,-3,94.36
7262,221,4,92.26
7263,222,1,92.18
7265,224,2,90.1
7266,227,-1,88.02
7267,230,-4,85.94
7268,233,-1,87.94
7270,236,-4,85.94
7271,238,-9,83.94
7272,241,0,81.94
7273,243,-4,81
7275,244,-16,79.06
7276,244,-1,77.12
7277,244,2,75.18
7278,244,1,79.27
7280,243,8,77.36
7281,242,5,75.45
7282,241,-7,73.54
7283,241,2,74.72
7285,240,1,72.9
7286,240,3,71.08
7287,241,8,69.26
7288,241,16,68.54
7290,241,36,66.82
7291,241,26,65.1
7292,241,21,63.38
7293,240,14,61.76
7295,239,5,60.14
7296,237,6,58.52
7297,235,-5,56.9
7298,232,-5,60.36
7300,230,-36,58.82
7301,228,-32,57.28
7302,226,-16,55.74
7303,224,-10,54.27
7305,223,25,52.8
7306,222,33,51.33
7307,222,20,49.86
7308,221,22,47.49
7310,221,19,46.12
7311,220,2,44.75
7312,219,3,43.38
7313,218,0,44.1
7315,217,-40,42.82
7316,216,-26,41.54
7317,214,-14,40.26
7318,212,-15,40.06
7320,210,28,38.86
7321,208,-14,37.66
7322,206,29,36.46
7323,205,25,38.3
7325,205,18,37.14
7326,205,9,35.98
7327,205,2,34.92
7328,205,1,34.85
7330,205,-33,33.78
7331,205,-30,32.8
7332,206,-20,31.82
7333,205,-16,31.83
7335,204,21,30.84
7336,203,20,29.85
7337,201,16,25.98
7338,200,18,25.11
7340,198,9,24.24
7341,198,3,24.36
7342,197,-40,23.57
7343,197,-35,22.78
7345,198,-24,21.99
7346,199,-12,23.18
7347,199,18,22.37
7348,200,21,21.63
7350,201,32,20.89
7351,202,19,20.15
7352,203,12,22.38
7353,203,4,21.72
7355,202,0,21.06
7356,201,-1,20.4
7357,200,-3,19.74
7358,199,-1,18.13
7360,198,-54,17.52
7361,197,-34,16.91
7362,197,-29,16.3
7363,196,8,17.76
7365,196,23,17.22
7366,197,18,16.68
7367,198,19,16.14
7368,198,19,16.63
7370,199,12,16.12
7371,200,5,15.61
7372,201,1,15.1
7373,201,0,15.65
7375,201,-45,15.2
7376,201,-31,14.75
7377,200,-27,14.3
7378,199,-5,14.89
7380,199,-6,14.48
7381,198,30,14.07
7382,198,34,13.66
7383,198,-8,15.28
7385,199,2,14.9
7386,200,1,14.52
7387,201,-6,14.14
7388,203,0,12.79
7390,204,1,12.44
7391,206,1,12.09
7392,207,8,11.74
7393,208,2,14.4
7395,208,-6,14.06
7396,208,5,13.72
7397,207,4,13.38
7398,207,6,13.05
7400,206,1,12.72
7401,206,7,12.39
7402,206,3,12.06
7403,207,1,12.78
7405,208,3,12.5
7406,210,3,12.22
7407,212,4,11.94
7408,214,5,12.68
7410,216,5,12.42
7411,217,5,12.16
7412,219,3,11.9
7413,220,0,11.65
7415,220,1,11.4
7416,219,0,11.15
7417,218,4,10.9
7418,217,3,12.63
7420,216,2,12.36
7421,215,4,12.09
7422,214,1,11.82
7423,213,6,8.63
7425,213,45,8.44
7426,214,27,8.25
7427,214,20,8.06
7428,215,18,9.85
7430,216,12,9.64
7431,217,0,9.43
7432,218,-5,9.22
7433,218,0,7.02
7435,217,-42,6.82
7436,216,-33,6.62
7437,215,-26,6.42
7438,214,-20,8.22
7440,213,24,8.02
7441,212,22,7.82
7442,210,16,7.62
7443,210,17,8.42
7445,209,9,8.22
7446,209,-2,8.02
7447,210,-2,7.82
7448,210,-14,4.68
7450,210,-49,4.54
7451,210,-40,4.4
7452,210,-35,4.26
7453,210,-24,3.14
7455,208,19,3.02
7456,206,18,2.9
7457,204,16,2.78
7458,202,16,2.67
7460,200,13,2.56
7461,198,1,0.47
7462,197,-38,0.35
7463,196,-34,0.23
7465,195,-27,0.11
7466,194,-17,3.96
7467,193,25,3.81
7468,193,30,3.66
7470,192,28,3.51
7471,191,21,3.38
7472,191,18,3.25
7473,190,-35,2.13
7475,188,-23,2.01
7476,187,-15,1.89
7477,185,-8,1.8
7478,183,-17,2.7
7480,181,-4,2.6
7481,179,3,2.5
7482,177,5,2.4
7483,176,17,3.28
7485,176,32,3.16
7486,175,23,3.04
7487,175,18,2.92
7488,175,14,2.82
7490,175,8,2.72
7491,175,5,2.62
7492,174,2,2.52
7493,173,-2,0.45
7495,171,-31,0.38
7496,169,-35,0.31
7497,167,-25,0.24
7498,164,8,0.18
7500,162,18,0.12
7501,160,22,0.06
7502,158,12,-0
7503,156,19,-2.03
7505,155,-24,-2.06
7506,154,-19,-2.09
7507,154,-25,-2.12
7508,154,-16,-0.15
7510,153,-8,-0.18
7511,153,0,-0.21
7512,152,-8,-0.24
7513,151,-2,0.71
7515,150,7,0.66
7516,148,4,0.61
7517,147,9,0.56
7518,145,4,-0.45
7520,144,0,-0.46
7521,143,6,-0.47
7522,142,6,-0.48
7523,142,0,-2.47
7525,143,6,-2.46
7526,145,1,-2.45
7527,147,7,-2.44
7528,149,-3,-1.43
7530,151,0,-1.42
7531,153,-4,-1.41
7532,155,8,-1.4
7533,157,6,1.59
7535,158,3,1.58
7536,158,-6,1.57
7537,158,-3,1.56
7538,158,3,-3.4
7540,158,2,-3.36
7541,158,-1,-3.32
7542,157,1,-3.28
7543,157,19,-0.25
7545,157,35,-0.22
7546,157,28,-0.19
7547,157,18,-0.16
7548,156,10,-2.14
7550,154,8,-2.12
7551,151,-1,-2.1
7552,148,-1,-2.08
7553,143,-3,-4.02
7555,137,-39,-3.96
7556,130,-31,-3.9
7557,123,-21,-3.84
7558,115,-32,-6.77
7560,107,24,-6.7
7561,98,18,-6.63
7562,89,23,-6.56
7563,82,21,-5.48
7565,76,12,-5.4
7566,71,10,-5.32
7567,67,2,-5.24
7568,64,-8,-7.13
7570,63,-39,-7.02
7571,63,-29,-6.91
7572,64,-13,-6.8
7573,67,-8,-8.7
7575,72,18,-8.6
7576,77,16,-8.5
7577,85,15,-9.39
7578,93,14,-9.29
7580,103,9,-9.19
7581,115,3,-8.1
7582,130,-14,-8.01
7583,146,-35,-7.92
7585,163,-44,-7.83
7586,181,-37,-7.76
7587,200,-32,-12.64
7588,219,20,-12.52
7590,238,31,-12.4
7591,256,32,-12.24
7592,275,31,-12.08
7593,294,8,-10.93
7595,314,-24,-10.78
7596,334,-13,-10.63
7597,354,-18,-10.48
7598,373,-11,-12.32
7600,389,-2,-12.16
7601,405,-1,-12
7602,418,14,-11.84
7603,429,31,-11.67
7605,437,44,-11.5
7606,442,37,-11.33
7607,446,33,-11.16
7608,445,27,-15.93
7610,442,23,-15.7
7611,436,17,-15.47
7612,428,14,-15.24
7613,417,8,-13.03
7615,403,-33,-12.82
7616,387,-23,-12.61
7617,369,-19,-12.4
7618,350,-18,-15.18
7620,330,37,-14.96
7621,310,45,-14.74
7622,289,34,-14.52
7623,269,31,-11.33
7625,250,14,-11.14
7626,232,8,-10.95
7627,215,-50,-10.76
7628,198,-57,-11.58
7630,182,-54,-11.4
7631,168,-45,-11.22
7632,154,-50,-11.04
7633,141,-41,-14.8
7635,128,-35,-14.56
7636,116,-20,-14.32
7637,105,-9,-14.08
7638,95,-6,-14.82
7640,86,10,-14.56
7641,78,13,-14.3
7642,71,11,-14.04
7643,65,20,-16.76
7645,61,14,-16.48
7646,58,5,-16.2
7647,56,18,-15.92
7648,55,9,-15.66
7650,54,4,-15.4
7651,54,4,-15.14
7652,54,5,-14.88
7653,54,1,-15.6
7655,54,8,-15.32
7656,54,-2,-15.04
7657,53,3,-14.76
7658,53,1,-18.41
7660,53,-5,-18.06
7661,54,-9,-17.71
7662,54,-7,-17.36
7663,56,3,-16.07
7665,57,24,-15.78
7666,59,19,-15.49
7667,62,14,-15.2
7668,64,11,-15.87
7670,66,7,-15.54
7671,69,4,-15.21
7672,71,1,-14.88
7673,73,-5,-21.5
7675,74,-58,-21.12
7676,75,-33,-20.74
7677,76,-23,-20.36
7678,77,-31,-21.98
7680,78,30,-21.6
7681,79,29,-21.22
7682,79,29,-20.84
7683,81,30,-20.49
7685,82,22,-20.14
7686,84,17,-19.79
7687,87,8,-19.44
7688,89,1,-20.07
7690,91,-30,-19.7
7691,93,-21,-19.33
7692,94,-18,-18.96
7693,96,4,-21.58
7695,96,27,-21.2
7696,96,16,-20.82
7697,96,11,-23.41
7698,97,10,-23.02
7700,97,6,-22.63
7701,98,1,-23.23
7702,99,-47,-22.84
7703,100,-48,-22.45
7705,102,-28,-22.06
7706,104,-12,-21.66
7707,105,21,-25.22
7708,106,31,-24.78
7710,107,27,-24.34
7711,108,29,-23.9
7712,107,1,-22.52
7713,107,-17,-22.14
7715,105,-11,-21.76
7716,103,-13,-21.38
7717,101,-2,-21
7718,99,-1,-22.59
7720,96,-3,-22.18
7721,94,3,-21.77
7722,92,6,-21.36
7723,91,21,-19.98
7725,90,39,-19.6
7726,89,23,-19.22
7727,89,19,-18.84
7728,89,7,-24.4
7730,89,7,-23.96
7731,89,2,-23.52
7732,89,-8,-23.08
7733,88,-10,-22.69
7735,87,-50,-22.3
7736,85,-42,-21.91
7737,83,-33,-21.52
7738,81,1,-22.1
7740,79,19,-21.68
7741,76,18,-21.26
7742,74,19,-20.84
7743,72,19,-21.44
7745,70,13,-21.04
7746,69,8,-20.64
7747,68,1,-20.24
7748,66,1,-22.78
7750,64,-49,-22.32
7751,61,-31,-21.86
7752,58,-17,-21.4
7753,54,-20,-19.96
7755,49,-10,-19.52
7756,43,19,-19.08
7757,38,37,-18.64
7758,31,0,-21.21
7760,25,-10,-20.78
7761,19,-7,-20.35
7762,12,-4,-19.92
7763,6,-13,-17.52
7765,1,-2,-17.12
7766,-3,-8,-16.72
7767,-8,4,-16.32
7768,-13,0,-18.92
7770,-18,-3,-18.52
7771,-23,2,-18.12
7772,-27,6,-17.72
7773,-32,2,-20.29
7775,-38,-2,-19.86
7776,-43,5,-19.43
7777,-49,5,-19
7778,-55,4,-19.57
7780,-61,-2,-19.14
7781,-66,6,-18.71
7782,-71,1,-18.28
7783,-75,-4,-18.88
7785,-79,-3,-18.48
7786,-82,-8,-18.08
7787,-84,6,-17.68
7788,-87,-6,-22.22
7790,-89,-8,-21.76
7791,-91,0,-21.3
7792,-93,-1,-20.84
7793,-96,-9,-22.37
7795,-99,-6,-21.9
7796,-103,-9,-21.43
7797,-107,4,-20.96
7798,-110,10,-21.55
7800,-114,37,-21.14
7801,-117,30,-20.73
7802,-120,26,-20.32
7803,-123,20,-20.92
7805,-124,13,-20.52
7806,-126,9,-20.12
7807,-127,4,-19.72
7808,-127,0,-24.27
7810,-128,-48,-23.82
7811,-129,-34,-23.37
7812,-130,-27,-22.92
7813,-131,-21,-22.48
7815,-133,32,-22.04
7816,-135,30,-21.6
7817,-137,25,-20.17
7818,-138,27,-19.77
7820,-140,22,-19.37
7821,-140,4,-18.97
7822,-140,-25,-18.6
7823,-139,-27,-18.23
7825,-138,-13,-17.86
7826,-136,-12,-17.5
7827,-134,23,-16.15
7828,-132,29,-15.8
7830,-131,24,-15.45
7831,-129,22,-15.1
7832,-128,-6,-15.78
7833,-127,-34,-15.46
7835,-127,-20,-15.14
7836,-126,-11,-14.82
7837,-126,-7,-14.49
7838,-126,-5,-9.21
7840,-125,-1,-8.93
7841,-124,3,-8.65
7842,-122,7,-8.37
7843,-120,19,-10.09
7845,-117,35,-9.81
7846,-113,30,-9.53
7847,-109,24,-9.25
7848,-106,16,-8.96
7850,-102,7,-8.67
7851,-98,7,-8.38
7852,-95,-9,-8.09
7853,-92,3,1.05
7855,-89,-38,1.19
7856,-87,-29,1.33
7857,-85,-26,1.47
7858,-83,5,0.62
7860,-81,19,0.77
7861,-79,17,0.92
7862,-76,22,1.07
7863,-73,18,3.19
7865,-70,12,3.31
7866,-65,1,3.43
7867,-61,-1,3.55
7868,-57,-3,9.6
7870,-53,-41,9.65
7871,-49,-41,9.7
7872,-46,-29,9.75
7873,-43,-20,15.71
7875,-41,24,15.67
7876,-40,33,15.63
7877,-39,-8,15.59
7878,-37,30,21.5
7880,-36,-20,21.41
7881,-35,-16,21.32
7882,-34,-26,21.23
7883,-32,-25,29.03
7885,-30,-23,28.83
7886,-27,-16,28.63
7887,-24,-13,28.43
7888,-21,-14,32.21
7890,-18,-18,31.99
7891,-15,-29,31.77
7892,-13,-12,31.55
7893,-11,-27,38.23
7895,-10,-31,37.91
7896,-10,-35,37.59
7897,-9,-38,37.27
7898,-9,-30,43.85
7900,-9,-19,43.43
7901,-10,-17,43.01
7902,-10,10,42.59
7903,-9,31,50.08
7905,-9,60,49.57
7906,-8,77,49.06
7907,-7,76,48.55
7908,-6,61,54.96
7910,-6,50,54.37
7911,-6,30,53.78
7912,-6,17,53.19
7913,-6,1,61.46
7915,-8,-11,60.73
7916,-9,-22,60
7917,-12,-31,59.27
7918,-14,-21,64.46
7920,-16,11,63.65
7921,-18,5,62.84
7922,-20,1,62.03
7923,-21,4,70.12
7925,-22,7,69.21
7926,-22,4,68.3
7927,-22,2,67.39
7928,-21,1,74.39
7930,-21,-43,73.39
7931,-21,-41,72.39
7932,-21,-22,71.39
7933,-21,-21,79.25
7935,-22,39,78.11
7936,-23,35,76.97
7937,-24,35,75.83
7938,-26,38,85.58
7940,-27,30,84.33
7941,-28,23,83.08
7942,-30,22,81.84
7943,-30,12,82.58
7945,-30,-20,81.32
7946,-29,-12,80.06
7947,-28,-7,78.8
7948,-27,-1,86.45
7950,-25,40,85.1
7951,-24,35,83.75
7952,-23,28,89.34
7953,-23,27,87.93
7955,-22,25,86.52
7956,-22,7,92.04
7957,-21,-38,90.55
7958,-20,-33,89.06
7960,-19,-30,87.57
7961,-18,-26,86.08
7962,-16,26,90.53
7963,-14,11,89.03
7965,-11,14,87.53
7966,-9,14,86.03
7967,-6,2,89.48
7968,-4,2,87.91
7970,-1,-6,86.34
7971,0,-5,84.77
7972,1,-6,83.2
7973,2,-4,86.58
7975,3,-43,84.96
7976,2,-28,83.34
7977,1,-16,81.72
7978,1,10,84.15
7980,0,30,82.58
7981,0,22,81.01
7982,-1,21,79.44
7983,-2,15,80.83
7985,-2,12,79.22
7986,-1,-16,77.61
7987,-1,-36,76
7988,0,-26,80.35
7990,0,-25,78.7
7991,0,-18,77.05
7992,0,-9,75.4
7993,-1,12,75.79
7995,-2,28,74.18
7996,-3,24,72.57
7997,-5,14,70.96
7998,-7,14,71.39
8000,-8,13,69.82
8001,-9,-1,68.25
8002,-10,-35,66.68
8003,-11,-26,64.18
8005,-10,-18,62.68
8006,-10,-15,61.18
8007,-9,-11,59.68
8008,-8,-15,62.22
8010,-7,-4,60.76
8011,-7,2,59.3
8012,-6,-1,57.84
8013,-6,-5,57.41
8015,-7,-1,55.98
8016,-8,1,54.55
8017,-10,1,53.12
8018,-11,3,52.75
8020,-12,-2,51.38
8021,-14,4,50.01
8022,-15,4,48.64
8023,-16,4,44.37
8025,-16,1,43.1
8026,-16,2,41.83
8027,-15,7,40.56
8028,-15,3,41.35
8030,-15,4,40.14
8031,-14,1,38.93
8032,-14,2,37.72
8033,-15,0,35.59
8035,-16,-3,34.46
8036,-17,-1,33.33
8037,-19,5,32.2
8038,-22,14,34.13
8040,-24,43,33.06
8041,-26,32,31.99
8042,-28,24,30.92
8043,-30,18,25.95
8045,-31,11,24.98
8046,-32,5,24.01
8047,-32,8,23.04
8048,-33,2,26.12
8050,-33,-36,25.2
8051,-34,-26,24.28
8052,-35,-21,23.36
8053,-35,-19,19.55
8055,-37,31,18.74
8056,-38,27,17.93
8057,-39,25,17.12
8058,-41,21,22.34
8060,-42,11,21.56
8061,-43,7,20.78
8062,-43,-6,20
8063,-43,-8,18.34
8065,-43,-42,17.68
8066,-41,-33,17.02
8067,-40,-24,16.36
8068,-38,-14,16.71
8070,-37,18,16.06
8071,-35,16,15.41
8072,-35,3,11.79
8073,-34,10,11.26
8075,-34,1,10.73
8076,-34,-4,11.19
8077,-34,-44,10.72
8078,-33,-31,10.25
8080,-33,-17,9.78
8081,-32,-12,9.38
8082,-31,23,8.98
8083,-29,18,8.58
8085,-26,26,8.18
8086,-24,17,7.78
8087,-21,-3,7.44
8088,-18,-26,11.06
8090,-15,-24,10.68
8091,-13,-18,10.3
8092,-12,-15,9.97
8093,-10,-1,4.69
8095,-10,2,4.41
8096,-10,0,4.13
8097,-10,8,3.85
8098,-10,22,5.6
8100,-10,31,5.35
8101,-10,24,5.1
8102,-9,20,4.85
8103,-8,14,3.65
8105,-7,7,3.45
8106,-4,3,3.25
8107,-2,-4,3.05
8108,0,-8,4.86
8110,1,-45,4.67
8111,3,-30,4.48
8112,5,-21,4.29
8113,6,2,6.14
8115,7,21,5.99
8116,7,18,5.84
8117,7,11,5.69
8118,7,12,3.58
8120,7,8,3.47
8121,8,2,3.36
8122,8,-2,3.25
8123,9,-2,0.19
8125,11,-41,0.13
8126,13,-37,0.07
8127,16,-26,0.01
8128,18,-17,-0.06
8130,20,-16,-0.13
8131,22,21,-0.2
8132,24,34,-0.27
8133,25,-5,2.67
8135,26,-3,2.61
8136,27,-2,2.55
8137,27,-2,2.49
8138,27,-9,-0.53
8140,27,-1,-0.55
8141,28,5,-0.57
8142,28,8,-0.59
8143,29,-1,-1.59
8145,30,7,-1.59
8146,32,-5,-1.59
8147,34,9,-1.59
8148,36,2,-1.62
8150,37,-10,-1.65
8151,38,7,-1.68
8152,39,3,-1.71
8153,39,3,-1.72
8155,39,10,-1.73
8156,38,3,-1.74
8157,37,4,-1.75
8158,35,6,-1.77
8160,34,10,-1.79
8161,32,4,-1.81
8162,31,5,-1.83
8163,30,0,-1.82
8165,30,6,-1.81
8166,30,8,-1.8
8167,31,0,-1.79
8168,32,1,-5.78
8170,32,3,-5.77
8171,33,0,-5.76
8172,34,-1,-5.75
8173,34,5,-3.72
8175,34,34,-3.69
8176,34,-6,-3.66
8177,33,22,-3.63
8178,33,16,-2.64
8180,32,6,-2.65
8181,32,-2,-2.66
8182,32,-5,-2.67
8183,33,-9,-6.58
8185,34,-36,-6.49
8186,36,-31,-6.4
8187,38,-20,-6.31
8188,40,-14,-5.24
8190,41,25,-5.17
8191,43,19,-5.1
8192,44,25,-5.03
8193,45,19,-2.97
8195,45,6,-2.91
8196,45,1,-2.85
8197,44,-3,-2.82
8198,43,-14,-4.77
8200,42,-42,-4.72
8201,41,-29,-4.66
8202,41,-25,-4.6
8203,41,-22,-7.51
8205,41,18,-7.42
8206,42,26,-7.33
8207,43,22,-7.24
8208,43,21,-4.18
8210,44,17,-4.12
8211,44,-6,-6.04
8212,43,-21,-5.96
8213,41,-29,-5.84
8215,38,-26,-5.72
8216,36,-11,-5.6
8217,32,18,-5.48
8218,28,26,-5.41
8220,23,23,-5.34
8221,18,19,-5.27
8222,13,23,-5.2
8223,8,14,-5.11
8225,3,3,-5.02
8226,-1,2,-4.93
8227,-6,3,-4.84
8228,-11,-15,-9.71
8230,-17,-27,-9.58
8231,-24,-28,-9.45
8232,-30,-19,-9.32
8233,-36,3,-4.22
8235,-42,23,-4.12
8236,-48,17,-4.02
8237,-53,16,-3.92
8238,-56,17,-6.77
8240,-58,9,-6.62
8241,-58,9,-6.47
8242,-57,2,-6.32
8243,-52,-21,-7.18
8245,-44,-39,-7.04
8246,-33,-32,-6.9
8247,-21,-18,-6.76
8248,-7,4,-5.66
8250,8,24,-5.56
8251,23,20,-5.46
8252,40,9,-5.36
8253,57,22,-6.25
8255,75,-27,-6.14
8256,93,-17,-6.03
8257,111,-16,-5.92
8258,131,-16,-2.81
8260,151,-11,-2.7
8261,171,-4,-2.59
8262,192,-12,-2.48
8263,215,4,-8.34
8265,240,-4,-8.2
8266,266,3,-8.06
8267,293,1,-7.92
8268,318,5,-7.79
8270,342,8,-7.66
8271,364,-3,-7.53
8272,384,1,-7.4
8273,400,6,-8.26
8275,413,8,-8.12
8276,423,7,-7.98
8277,430,11,-7.84
8278,432,6,-6.71
8280,431,11,-6.58
8281,427,9,-6.45
8282,421,15,-6.32
8283,411,11,-7.18
8285,398,13,-7.04
8286,383,8,-6.9
8287,367,11,-6.76
8288,348,13,-5.63
8290,328,4,-5.5
8291,306,3,-5.37
8292,284,2,-5.24
8293,261,23,-9.11
8295,236,51,-8.98
8296,212,48,-8.85
8297,188,27,-8.72
8298,164,11,-9.56
8300,141,-3,-9.4
8301,120,-24,-9.24
8302,99,-32,-9.08
8303,80,-50,-8.91
8305,64,-76,-8.74
8306,49,-71,-8.57
8307,35,-49,-8.4
8308,23,-37,-10.25
8310,12,25,-10.1
8311,3,32,-9.95
8312,-5,34,-9.8
8313,-13,32,-8.65
8315,-20,25,-8.5
8316,-27,22,-8.35
8317,-33,16,-8.2
8318,-38,-2,-11.99
8320,-42,-13,-11.78
8321,-45,-18,-11.57
8322,-48,-4,-11.36
8323,-49,2,-8.2
8325,-49,34,-8.04
8326,-49,23,-7.88
8327,-48,20,-14.65
8328,-46,11,-14.45
8330,-44,4,-14.25
8331,-42,-17,-19
8332,-41,-30,-18.75
8333,-39,-36,-18.47
8335,-38,-30,-18.19
8336,-37,-13,-17.93
8337,-35,28,-18.66
8338,-34,24,-18.39
8340,-32,17,-18.12
8341,-30,16,-17.85
8342,-28,15,-17.58
8343,-26,-26,-18.3
8345,-23,-19,-18.02
8346,-20,-22,-17.74
8347,-16,-18,-17.46
8348,-12,-10,-20.15
8350,-9,-1,-19.84
8351,-6,-3,-19.53
8352,-3,4,-19.22
8353,0,11,-16.98
8355,1,31,-16.74
8356,3,18,-16.5
8357,4,13,-16.26
8358,5,5,-21.91
8360,6,1,-21.56
8361,7,4,-21.21
8362,8,-2,-20.86
8363,9,-16,-23.51
8365,10,-32,-23.16
8366,12,-30,-22.81
8367,14,-21,-22.46
8368,15,1,-20.14
8370,16,24,-19.82
8371,17,17,-19.5
8372,17,17,-19.18
8373,17,15,-20.83
8375,16,8,-20.48
8376,15,3,-20.13
8377,14,-62,-19.78
8378,13,-49,-19.44
8380,12,-40,-19.1
8381,10,-34,-18.76
8382,9,-21,-18.42
8383,8,-17,-23
8385,8,-4,-22.58
8386,8,5,-22.16
8387,9,10,-21.74
8388,9,12,-24.35
8390,10,9,-23.96
8391,10,20,-23.57
8392,10,14,-23.18
8393,9,13,-24.77
8395,9,18,-24.36
8396,8,16,-23.95
8397,6,16,-23.54
8398,5,8,-22.15
8400,4,4,-21.76
8401,4,7,-21.37
8402,3,8,-20.98
8403,3,-3,-18.6
8405,3,12,-18.22
8406,4,1,-17.84
8407,5,3,-17.46
8408,6,6,-23.03
8410,7,5,-22.6
8411,8,7,-22.17
8412,8,1,-21.74
8413,8,10,-20.31
8415,8,33,-19.88
8416,7,19,-19.45
8417,6,15,-19.02
8418,6,7,-24.57
8420,5,2,-24.12
8421,5,0,-23.67
8422,4,-5,-23.22
8423,4,-16,-26.74
8425,5,-47,-26.26
8426,5,-25,-25.78
8427,6,-23,-25.3
8428,7,-12,-21.85
8430,8,22,-21.4
8431,8,24,-20.95
8432,8,23,-20.5
8433,7,20,-23.04
8435,6,12,-22.58
8436,4,6,-22.12
8437,2,2,-21.66
8438,0,-6,-24.16
8440,-2,-39,-23.66
8441,-4,-27,-23.16
8442,-6,-16,-22.66
8443,-7,18,-22.2
8445,-8,22,-21.74
8446,-9,19,-21.28
8447,-9,18,-23.79
8448,-10,18,-23.27
8450,-11,13,-22.75
8451,-12,-25,-25.2
8452,-14,-23,-24.72
8453,-16,-18,-24.24
8455,-18,-10,-23.76
8456,-21,-15,-23.33
8457,-23,2,-20.92
8458,-25,29,-20.51
8460,-27,30,-20.1
8461,-29,30,-19.69
8462,-30,20,-18.3
8463,-31,-14,-17.91
8465,-31,-25,-17.52
8466,-30,-19,-17.13
8467,-30,-14,-16.74
8468,-29,-13,-22.3
8470,-29,-11,-21.86
8471,-29,-1,-21.42
8472,-30,-5,-20.98
8473,-30,37,-20.57
8475,-31,28,-20.16
8476,-32,25,-19.75
8477,-34,13,-19.34
8478,-35,1,-20.89
8480,-36,1,-20.44
8481,-36,2,-19.99
8482,-37,-7,-19.54
8483,-36,-39,-20.14
8485,-35,-44,-19.74
8486,-33,-37,-19.34
8487,-31,-22,-18.94
8488,-29,4,-19.56
8490,-27,26,-19.18
8491,-25,24,-18.8
8492,-24,24,-18.42
8493,-23,18,-20
8495,-22,16,-19.58
8496,-22,7,-19.16
8497,-21,2,-18.74
8498,-21,-36,-19.33
8500,-21,-49,-18.92
8501,-21,-39,-18.51
8502,-21,-24,-18.1
8503,-20,-7,-22.64
8505,-18,34,-22.18
8506,-15,32,-21.72
8507,-12,-15,-21.26
8508,-10,35,-15.9
8510,-7,-24,-15.54
8511,-4,-18,-15.18
8512,-1,-10,-14.82
8513,0,-7,-14.49
8515,2,-2,-14.16
8516,4,2,-13.83
8517,5,2,-13.5
8518,7,8,-11.21
8520,9,6,-10.92
8521,12,-1,-10.63
8522,14,8,-10.34
8523,17,14,-10.04
8525,22,7,-9.74
8526,26,9,-9.44
8527,31,9,-9.14
8528,36,5,-6.84
8530,41,6,-6.54
8531,46,2,-6.24
8532,51,1,-5.94
8533,55,1,-4.71
8535,59,-6,-4.48
8536,62,-11,-4.25
8537,65,5,-4.02
8538,68,5,1.17
8540,71,2,1.36
8541,75,0,1.55
8542,77,7,1.74
8543,81,0,4.84
8545,84,5,4.94
8546,88,-1,5.04
8547,91,5,5.14
8548,95,11,10.15
8550,98,31,10.16
8551,101,20,10.17
8552,104,11,10.18
8553,106,7,13.19
8555,108,0,13.2
8556,109,-2,13.21
8557,110,-1,13.22
8558,110,-31,19.14
8560,111,-48,19.06
8561,112,-41,18.98
8562,113,-32,18.9
8563,114,-23,23.74
8565,116,27,23.58
8566,118,18,23.42
8567,120,11,23.26
8568,121,0,30.03
8570,122,-15,29.8
8571,123,-35,29.57
8572,123,-42,29.31
8573,123,-58,37.96
8575,123,-79,37.61
8576,121,-44,37.23
8577,120,-19,36.85
8578,119,40,44.39
8580,117,102,43.93
8581,116,115,43.47
8582,115,110,49.96
8583,114,80,49.45
8585,114,47,48.94
8586,114,-4,49.42
8587,114,-48,48.91
8588,114,-63,48.4
8590,114,-60,47.89
8591,113,-38,47.38
8592,113,4,54.79
8593,112,23,54.14
8595,111,26,53.49
8596,110,19,52.84
8597,109,-6,52.19
8598,107,-9,59.46
8600,106,-6,58.73
8601,105,2,58
8602,105,6,57.27
8603,105,15,66.42
8605,105,14,65.57
8606,106,13,64.72
8607,107,11,63.87
8608,109,13,65.98
8610,110,28,65.09
8611,111,12,64.2
8612,113,1,63.31
8613,113,-3,68.35
8615,114,-2,67.39
8616,113,-5,66.43
8617,113,-3,65.47
8618,113,-11,73.4
8620,113,-27,72.33
8621,112,-8,71.26
8622,112,-6,70.19
8623,113,17,72.08
8625,114,43,70.97
8626,115,-6,69.86
8627,117,34,68.75
8628,118,-9,73.53
8630,120,-14,72.31
8631,121,-15,71.09
8632,122,-19,69.87
8633,122,-18,73.65
8635,122,-12,72.43
8636,121,-11,71.21
8637,120,-2,69.99
8638,119,-5,74.71
8640,118,-3,73.43
8641,117,-1,72.15
8642,116,1,70.87
8643,116,-1,73.57
8645,116,3,72.27
8646,116,8,70.97
8647,116,4,69.67
8648,116,6,71.34
8650,116,7,70.01
8651,116,4,68.68
8652,115,3,67.35
8653,114,3,70.99
8655,113,-2,69.63
8656,111,0,68.27
8657,110,5,66.91
8658,108,1,64.57
8660,106,4,63.23
8661,105,0,61.89
8662,104,4,60.55
8663,104,6,61.24
8665,104,3,59.93
8666,105,2,58.62
8667,106,4,57.31
8668,107,17,58.01
8670,109,47,56.71
8671,110,40,55.41
8672,111,26,54.11
8673,112,23,54.84
8675,112,14,53.57
8676,112,6,52.3
8677,112,3,51.03
8678,111,-44,50.78
8680,111,-37,49.53
8681,110,-31,48.28
8682,110,-21,47.03
8683,110,9,49.8
8685,111,33,48.57
8686,112,23,47.34
8687,114,19,46.11
8688,115,14,41.96
8690,117,3,40.81
8691,118,0,39.66
8692,119,-6,38.51
8693,120,-45,39.41
8695,120,-37,38.31
8696,120,-27,37.21
8697,119,-22,36.11
8698,119,9,33.12
8700,118,18,32.13
8701,118,9,31.14
8702,118,5,30.15
8703,119,1,29.24
8705,120,1,28.33
8706,120,-32,26.43
8707,121,-29,25.6
8708,121,-40,24.77
8710,120,-35,23.94
8711,120,-13,23.12
8712,119,25,20.32
8713,117,22,19.52
8715,116,29,18.72
8716,113,21,17.92
8717,112,-29,17.2
8718,110,-22,16.48
8720,109,-23,15.76
8721,109,-28,15.04
8722,108,-14,14.32
8723,108,0,13.68
8725,109,-2,13.04
8726,110,5,12.4
8727,112,3,11.76
8728,113,34,13.2
8730,114,37,12.64
8731,115,27,12.08
8732,116,20,11.52
8733,115,14,10
8735,115,11,9.48
8736,114,7,8.96
8737,112,-1,8.44
8738,111,-25,6
8740,110,-35,5.56
8741,109,-27,5.12
8742,108,-18,4.68
8743,107,18,3.34
8745,107,24,3
8746,107,-26,2.66
8747,108,35,2.32
8748,108,28,3.99
8750,108,19,3.66
8751,108,-16,3.33
8752,108,-19,3
8753,107,-11,2.73
8755,107,-4,2.46
8756,106,-13,2.19
8757,104,-6,1.92
8758,104,2,0.71
8760,103,2,0.5
8761,103,1,0.29
8762,104,-1,0.08
8763,104,0,-2.05
8765,106,-11,-2.18
8766,107,0,-2.31
8767,109,9,-2.44
8768,110,3,0.44
8770,111,-7,0.32
8771,112,3,0.2
8772,113,5,0.08
8773,113,1,-5.95
8775,112,-6,-5.98
8776,111,-11,-6.01
8777,110,-4,-6.04
8778,109,-3,-3.05
8780,108,-5,-3.06
8781,107,-15,-3.07
8782,106,5,-3.08
8783,105,-6,-7.06
8785,106,4,-7.04
8786,107,-1,-7.02
8787,108,-2,-7
8788,110,20,-5.97
8790,111,31,-5.94
8791,112,26,-5.91
8792,113,19,-5.88
8793,113,15,-7.81
8795,114,11,-7.74
8796,113,6,-7.67
8797,113,1,-7.6
8798,113,-42,-9.49
8800,113,-42,-9.38
8801,114,-27,-9.27
8802,114,-23,-9.16
8803,115,19,-12.01
8805,117,26,-11.86
8806,120,24,-11.71
8807,123,25,-11.56
8808,125,16,-14.34
8810,127,13,-14.12
8811,129,6,-13.9
8812,130,2,-13.68
8813,130,-53,-15.47
8815,129,-41,-15.26
8816,127,-26,-15.05
8817,124,-12,-14.84
8818,120,10,-15.6
8820,116,33,-15.36
8821,111,29,-15.12
8822,106,31,-14.88
8823,100,23,-14.66
8825,94,17,-14.44
8826,88,-24,-18.18
8827,83,-30,-17.92
8828,78,-19,-17.66
8830,74,-20,-17.4
8831,69,1,-17.15
8832,66,38,-12.94
8833,64,31,-12.73
8835,62,47,-12.52
8836,61,27,-12.31
8837,64,18,-19.05
8838,69,12,-18.79
8840,76,3,-18.53
8841,85,2,-18.27
8842,95,-1,-18.01
8843,108,-27,-14.78
8845,123,-26,-14.55
8846,140,-22,-14.32
8847,158,-19,-14.09
8848,176,24,-17.82
8850,195,24,-17.55
8851,213,25,-17.28
8852,232,19,-17.01
8853,250,9,-13.75
8855,270,8,-13.49
8856,289,-23,-13.23
8857,308,-32,-12.97
8858,328,-25,-12.72
8860,349,-20,-12.47
8861,371,-17,-12.22
8862,393,-9,-11.97
8863,415,26,-12.73
8865,436,22,-12.49
8866,456,18,-12.25
8867,476,10,-12.01
8868,492,0,-13.76
8870,505,-3,-13.51
8871,515,-3,-13.26
8872,523,-9,-13.01
8873,526,-41,-18.68
8875,525,-38,-18.35
8876,521,-27,-18.02
8877,514,-12,-17.69
8878,504,21,-15.38
8880,490,23,-15.07
8881,475,26,-14.76
8882,457,-2,-14.45
8883,438,18,-13.16
8885,417,16,-12.87
8886,396,-20,-12.58
8887,375,-23,-12.29
8888,352,-14,-14.99
8890,329,-4,-14.69
8891,306,-3,-14.39
8892,283,-5,-14.09
8893,260,-4,-12.77
8895,237,-4,-12.45
8896,215,-6,-12.13
8897,193,-7,-11.81
8898,172,-21,-19.47
8900,153,-19,-19.13
8901,135,-16,-18.79
8902,119,-13,-18.45
8903,104,3,-18.08
8905,91,12,-17.71
8906,80,13,-17.34
8907,71,19,-16.97
8908,62,15,-20.6
8910,54,13,-20.23
8911,48,14,-19.86
8912,42,10,-19.49
8913,36,15,-16.14
8915,31,15,-15.79
8916,27,15,-15.44
8917,22,12,-15.09
8918,19,11,-17.73
8920,16,8,-17.37
8921,14,6,-17.01
8922,13,6,-16.65
8923,13,44,-18.29
8925,14,48,-17.93
8926,15,27,-17.57
8927,17,27,-17.21
8928,20,6,-16.88
8930,22,8,-16.55
8931,24,-12,-16.22
8932,27,-12,-15.89
8933,29,-37,-20.54
8935,30,-46,-20.19
8936,31,-29,-19.84
8937,32,-26,-19.49
8938,34,12,-15.2
8940,35,30,-14.91
8941,36,22,-14.62
8942,38,19,-14.33
8943,40,15,-18.01
8945,43,10,-17.69
8946,47,0,-17.37
8947,51,-7,-17.05
8948,54,-38,-16.73
8950,57,-44,-16.41
8951,59,-45,-16.13
8952,61,-36,-15.85
8953,62,9,-16.56
8955,62,17,-16.27
8956,62,18,-15.98
8957,62,16,-17.63
8958,62,11,-17.28
8960,62,10,-16.93
8961,62,-20,-15.59
8962,63,-29,-15.32
8963,65,-22,-15.05
8965,66,-21,-14.78
8966,68,-13,-14.51
8967,70,22,-16.22
8968,71,20,-15.9
8970,71,24,-15.58
8971,71,14,-15.26
8972,71,-5,-14.94
8973,71,-48,-18.62
8975,70,-40,-18.3
8976,69,-39,-17.98
8977,67,-28,-17.66
8978,66,-22,-19.29
8980,66,-17,-18.92
8981,65,-1,-18.55
8982,65,-6,-18.18
8983,65,46,-20.78
8985,66,48,-20.38
8986,67,41,-19.98
8987,69,34,-19.58
8988,70,23,-18.2
8990,70,19,-17.82
8991,70,11,-17.44
8992,70,2,-17.06
8993,68,-26,-18.68
8995,66,-37,-18.3
8996,63,-22,-17.92
8997,60,-12,-17.54
8998,57,27,-21.18
9000,53,27,-20.82
9001,50,23,-20.46
9002,47,-6,-20.1
9003,45,-15,-22.69
9005,43,-8,-22.28
9006,42,-7,-21.87
9007,41,-4,-21.46
9008,40,-5,-22.03
9010,39,4,-21.6
9011,38,3,-21.17
9012,37,3,-20.74
9013,35,-4,-21.33
9015,33,3,-20.92
9016,31,-3,-20.51
9017,29,1,-20.1
9018,27,3,-21.66
9020,26,1,-21.22
9021,24,4,-20.78
9022,23,2,-20.34
9023,23,3,-18.99
9025,23,4,-18.64
9026,23,5,-18.29
9027,24,0,-17.94
9028,25,-2,-21.55
9030,26,-4,-21.16
9031,27,-3,-20.77
9032,28,2,-20.38
9033,28,-2,-21.02
9035,27,0,-20.66
9036,26,5,-20.3
9037,25,4,-19.94
9038,24,4,-23.51
9040,23,8,-23.08
9041,22,4,-22.65
9042,21,1,-22.22
9043,20,22,-22.81
9045,20,34,-22.4
9046,21,21,-21.99
9047,21,19,-21.58
9048,22,10,-22.18
9050,22,-4,-21.78
9051,22,-6,-21.38
9052,22,-5,-20.98
9053,22,-33,-20.58
9055,21,-51,-20.18
9056,20,-23,-19.78
9057,18,-24,-19.38
9058,17,7,-21.01
9060,16,24,-20.64
9061,15,17,-20.27
9062,14,17,-19.9
9063,14,14,-23.45
9065,14,5,-23
9066,15,4,-22.55
9067,16,-1,-22.1
9068,17,-35,-24.66
9070,18,-45,-24.22
9071,18,-42,-23.78
9072,19,-22,-23.34
9073,19,16,-26.86
9075,18,27,-26.38
9076,18,29,-25.9
9077,17,23,-26.41
9078,17,19,-25.93
9080,16,10,-25.45
9081,17,-10,-22.99
9082,18,-58,-22.55
9083,19,-36,-22.11
9085,21,-44,-21.67
9086,23,-23,-21.22
9087,25,37,-23.74
9088,27,36,-23.26
9090,28,33,-22.78
9091,29,31,-22.3
9092,30,25,-21.84
9093,31,17,-19.4
9095,31,10,-18.96
9096,31,-1,-18.52
9097,30,0,-18.08
9098,30,-45,-19.66
9100,31,-50,-19.24
9101,31,-31,-18.82
9102,32,-19,-18.4
9103,34,28,-19.98
9105,36,32,-19.56
9106,39,30,-19.14
9107,42,29,-18.72
9108,45,22,-14.37
9110,47,13,-14.02
9111,49,9,-13.67
9112,52,0,-13.32
9113,53,-36,-15.93
9115,54,-37,-15.54
9116,55,-24,-15.15
9117,56,-12,-14.76
9118,57,29,-14.39
9120,58,24,-14.02
9121,59,24,-13.65
9122,60,20,-13.28
9123,62,14,-12.95
9125,64,8,-12.62
9126,67,5,-12.29
9127,70,-30,-11.96
9128,72,-37,-7.7
9130,75,-14,-7.44
9131,78,-16,-7.18
9132,80,-5,-6.92
9133,81,-6,-2.71
9135,83,-5,-2.5
9136,83,10,-2.29
9137,84,8,-2.08
9138,84,7,1.09
9140,85,9,1.26
9141,86,9,1.43
9142,88,3,1.6
9143,90,-6,4.72
9145,92,2,4.84
9146,95,3,4.96
9147,99,3,5.08
9148,102,-5,13.13
9150,105,-2,13.18
9151,107,-4,13.23
9152,110,2,13.28
9153,111,-7,17.25
9155,112,-2,17.22
9156,113,-8,17.19
9157,113,-13,17.16
9158,113,-19,26.03
9160,113,-21,25.9
9161,113,-22,25.77
9162,113,-21,25.64
9163,113,18,29.43
9165,115,30,29.22
9166,116,6,29.01
9167,118,-12,28.8
9168,119,-24,37.49
9170,120,-31,37.18
9171,121,-43,36.87
9172,121,-39,36.56
9173,121,-50,44.16
9175,120,-49,43.76
9176,119,-4,43.36
9177,117,14,42.96
9178,115,87,47.51
9180,114,87,47.06
9181,112,75,46.61
9182,111,63,46.16
9183,110,40,51.63
9185,110,22,51.1
9186,110,9,50.57
9187,110,-4,50.04
9188,110,-43,59.37
9190,110,-31,58.7
9191,110,-18,58.03
9192,109,-10,57.36
9193,108,31,62.6
9195,107,34,61.84
9196,106,28,61.08
9197,105,19,64.28
9198,104,10,63.44
9200,103,5,62.6
9201,103,-19,67.7
9202,104,-43,66.79
9203,106,-28,65.88
9205,108,-17,64.97
9206,110,-9,64.08
9207,112,22,71.11
9208,113,30,70.14
9210,114,24,69.17
9211,115,24,68.2
9212,115,-20,67.2
9213,116,-17,75.11
9215,115,-6,74.02
9216,115,-5,72.93
9217,114,-2,71.84
9218,114,2,73.74
9220,113,4,72.64
9221,113,9,71.54
9222,114,11,70.44
9223,115,44,77.24
9225,116,40,76.04
9226,118,27,74.84
9227,120,16,73.64
9228,122,9,78.36
9230,124,6,77.08
9231,126,1,75.8
9232,128,-9,74.52
9233,129,-34,78.23
9235,130,-35,76.94
9236,130,-30,75.65
9237,130,-16,74.36
9238,130,24,75.02
9240,130,28,73.68
9241,130,26,72.34
9242,130,21,71
9243,130,12,75.6
9245,131,11,74.2
9246,132,6,72.8
9247,133,-2,71.4
9248,134,-36,72.97
9250,135,-39,71.54
9251,135,-30,70.11
9252,135,-22,68.68
9253,135,19,71.25
9255,135,20,69.82
9256,134,12,68.39
9257,133,-23,66.96
9258,133,22,68.54
9260,133,23,67.12
9261,133,-11,65.7
9262,134,-26,64.28
9263,135,-22,60.91
9265,137,-13,59.54
9266,139,-10,58.17
9267,142,-6,56.8
9268,144,-9,58.43
9270,146,2,57.06
9271,147,0,55.69
9272,148,4,54.32
9273,149,-3,53.03
9275,149,-2,51.74
9276,148,0,50.45
9277,148,-3,49.16
9278,147,0,51.87
9280,147,-3,50.58
9281,147,5,49.29
9282,147,3,48
9283,148,-5,41.85
9285,149,-2,40.7
9286,150,0,39.55
9287,152,0,38.4
9288,153,1,39.27
9290,154,3,38.14
9291,155,2,37.01
9292,155,6,35.88
9293,155,5,29.89
9295,154,5,28.9
9296,153,7,27.91
9297,151,3,26.92
9298,149,24,26.01
9300,147,35,25.1
9301,146,24,24.19
9302,145,15,23.28
9303,144,8,23.41
9305,144,-6,22.54
9306,144,-8,21.67
9307,145,-10,20.8
9308,145,-29,18.01
9310,145,-35,17.22
9311,145,-25,16.43
9312,145,-15,15.64
9313,145,6,16.93
9315,144,23,16.22
9316,143,16,15.51
9317,141,17,14.8
9318,140,12,9.2
9320,139,4,8.6
9321,139,3,8
9322,139,-2,7.44
9323,139,-27,8.86
9325,140,-33,8.28
9326,141,-28,7.76
9327,143,-10,7.24
9328,145,27,5.73
9330,146,22,5.22
9331,147,22,4.71
9332,148,16,4.28
9333,148,15,3.85
9335,148,8,3.42
9336,148,-17,-0.97
9337,149,-28,-1.36
9338,149,-20,-1.66
9340,150,-19,-1.96
9341,151,-12,-2.26
9342,153,-6,-3.55
9343,154,37,-3.81
9345,156,34,-4.07
9346,158,27,-4.33
9347,161,19,-4.59
9348,163,-22,-0.81
9350,164,-25,-1.03
9351,165,-20,-1.25
9352,166,-19,-1.47
9353,167,-11,-4.6
9355,166,-4,-4.73
9356,166,-1,-4.86
9357,164,-1,-4.99
9358,164,27,-5.07
9360,163,34,-5.15
9361,162,24,-5.23
9362,161,10,-5.31
9363,161,7,-5.37
9365,160,6,-5.43
9366,160,0,-5.49
9367,161,-6,-5.55
9368,159,-34,-6.54
9370,157,-37,-6.53
9371,154,-32,-6.52
9372,150,-20,-6.51
9373,144,19,-9.44
9375,137,26,-9.37
9376,129,19,-9.3
9377,121,-15,-9.23
9378,111,25,-9.12
9380,102,-21,-9.01
9381,92,-10,-8.9
9382,82,-15,-8.79
9383,74,-4,-5.68
9385,67,-2,-5.57
9386,60,1,-5.46
9387,55,2,-5.35
9388,51,2,-6.25
9390,49,-3,-6.15
9391,48,5,-6.05
9392,47,4,-5.95
9393,50,2,-6.81
9395,54,10,-6.67
9396,61,7,-6.53
9397,69,-3,-6.39
9398,80,7,-8.23
9400,93,4,-8.07
9401,107,4,-7.91
9402,123,7,-7.75
9403,140,-1,-7.55
9405,159,4,-7.35
9406,178,-2,-7.15
9407,198,0,-6.95
9408,219,3,-7.79
9410,239,2,-7.63
9411,260,3,-7.47
9412,280,5,-7.31
9413,301,4,-8.12
9415,324,2,-7.93
9416,346,1,-7.74
9417,369,3,-7.55
9418,390,31,-7.41
9420,410,32,-7.27
9421,428,22,-7.13
9422,446,15,-6.99
9423,460,4,-4.87
9425,472,-2,-4.75
9426,481,-4,-4.63
9427,488,-7,-4.51
9428,492,-29,-7.35
9430,491,-35,-7.19
9431,488,-17,-7.03
9432,483,-16,-6.87
9433,473,13,-6.73
9435,460,34,-6.59
9436,444,24,-6.45
9437,427,30,-6.31
9438,408,16,-8.13
9440,387,11,-7.95
9441,366,5,-7.77
9442,345,1,-7.59
9443,324,-33,-5.48
9445,304,-37,-5.37
9446,284,-39,-5.26
9447,264,-37,-5.15
9448,245,-9,-5.02
9450,227,6,-4.89
9451,209,-47,-4.76
9452,192,-61,-4.63
9453,176,3,-10.45
9455,161,0,-10.27
9456,146,-5,-10.09
9457,132,-12,-9.91
9458,120,-35,-10.72
9460,108,-34,-10.53
9461,98,-20,-10.38
9462,89,-13,-10.23
9463,82,48,-13.05
9465,75,52,-12.87
9466,70,55,-12.69
9467,66,52,-11.53
9468,62,56,-11.37
9470,58,37,-11.21
9471,55,11,-12.04
9472,51,-7,-11.87
9473,48,-9,-11.66
9475,45,-4,-11.45
9476,42,-1,-11.24
9477,39,27,-15.98
9478,38,37,-15.75
9480,37,31,-15.52
9481,36,29,-15.29
9482,35,21,-15.06
9483,36,12,-16.81
9485,37,8,-16.56
9486,39,-16,-16.31
9487,42,-11,-16.06
9488,44,-29,-17.79
9490,47,-45,-17.52
9491,49,-40,-17.25
9492,50,-30,-16.98
9493,52,6,-16.72
9495,52,13,-16.46
9496,53,14,-16.2
9497,53,18,-15.94
9498,53,17,-17.69
9500,54,3,-17.44
9501,54,0,-17.19
9502,55,-50,-16.94
9503,57,-41,-20.65
9505,59,-37,-20.36
9506,62,-28,-20.07
9507,64,-14,-19.78
9508,67,-9,-16.49
9510,68,-1,-16.2
9511,70,0,-15.91
9512,71,6,-15.62
9513,72,7,-19.3
9515,72,9,-18.98
9516,72,14,-18.66
9517,72,9,-18.34
9518,72,8,-19.02
9520,72,-3,-18.7
9521,71,5,-18.38
9522,71,10,-18.06
9523,71,1,-19.74
9525,72,1,-19.42
9526,72,2,-19.1
9527,73,4,-18.78
9528,73,-7,-16.48
9530,73,-8,-16.18
9531,72,-17,-15.88
9532,71,-5,-15.58
9533,69,-6,-20.24
9535,67,-7,-19.9
9536,65,-13,-19.56
9537,62,-9,-19.22
9538,59,18,-19.88
9540,57,31,-19.54
9541,55,28,-19.2
9542,53,20,-18.86
9543,52,19,-21.49
9545,51,15,-21.12
9546,51,7,-20.75
9547,52,2,-20.38
9548,52,-23,-20.98
9550,52,-27,-20.58
9551,52,-24,-20.18
9552,52,-16,-19.78
9553,51,16,-20.4
9555,50,25,-20.02
9556,48,26,-19.64
9557,46,21,-19.26
9558,44,16,-22.84
9560,42,7,-22.42
9561,41,3,-22
9562,40,0,-21.58
9563,39,-29,-21.18
9565,39,-31,-20.78
9566,39,-24,-20.38
9567,39,-14,-19.98
9568,38,25,-21.54
9570,38,21,-21.1
9571,37,15,-20.66
9572,35,13,-20.22
9573,33,9,-19.78
9575,30,5,-19.34
9576,28,-23,-19.89
9577,26,-50,-19.44
9578,24,-37,-19.05
9580,22,-17,-18.66
9581,21,-14,-18.27
9582,20,21,-19.86
9583,19,29,-19.46
9585,19,28,-19.06
9586,19,31,-18.66
9587,19,16,-18.26
9588,19,10,-19.87
9590,18,5,-19.48
9591,17,-34,-19.09
9592,16,-49,-18.69
9593,15,-23,-17.3
9595,13,-18,-16.91
9596,11,-2,-16.53
9597,9,3,-16.15
9598,8,39,-20.72
9600,7,37,-20.29
9601,7,33,-19.86
9602,6,18,-19.48
9603,7,10,-23.06
9605,8,4,-22.64
9606,10,0,-22.22
9607,12,-3,-21.8
9608,14,-19,-21.4
9610,15,-27,-21
9611,16,-28,-20.6
9612,17,-13,-20.2
9613,17,28,-23.78
9615,17,25,-23.36
9616,17,16,-22.94
9617,17,17,-22.52
9618,17,8,-24.08
9620,17,5,-23.64
9621,17,0,-23.2
9622,18,-1,-22.76
9623,19,-28,-24.32
9625,20,-30,-23.88
9626,21,-28,-23.44
9627,23,-18,-23
9628,24,-10,-21.61
9630,25,26,-21.22
9631,26,-2,-20.83
9632,26,20,-20.44
9633,26,21,-24.97
9635,25,14,-24.5
9636,24,-31,-24.03
9637,23,-24,-23.56
9638,23,-21,-22.14
9640,23,-18,-21.72
9641,23,-11,-21.3
9642,23,-6,-20.88
9643,24,-13,-25.42
9645,25,-3,-24.96
9646,27,-9,-24.5
9647,30,4,-24.04
9648,32,6,-24.59
9650,33,6,-24.14
9651,35,10,-23.69
9652,36,17,-23.24
9653,36,15,-21.78
9655,37,15,-21.32
9656,36,6,-20.86
9657,36,12,-20.4
9658,36,1,-23.95
9660,37,-1,-23.5
9661,38,2,-23.05
9662,39,6,-22.6
9663,41,6,-23.15
9665,44,11,-22.7
9666,47,7,-22.25
9667,51,3,-21.8
9668,54,8,-17.42
9670,58,3,-17.04
9671,61,6,-16.66
9672,63,4,-16.28
9673,66,33,-18.88
9675,67,35,-18.48
9676,69,25,-18.08
9677,70,22,-17.68
9678,71,9,-11.35
9680,73,13,-11.02
9681,75,4,-10.69
9682,77,1,-10.36
9683,79,-24,-11.06
9685,81,-39,-10.76
9686,84,-24,-10.46
9687,87,-20,-10.16
9688,90,17,-2.93
9690,92,18,-2.7
9691,94,19,-2.47
9692,95,18,-2.24
9693,96,8,-0.05
9695,96,9,0.14
9696,97,1,0.33
9697,96,-4,0.52
9698,96,-28,1.7
9700,97,-44,1.88
9701,97,-30,2.05
9702,97,-23,2.22
9703,98,11,8.33
9705,99,10,8.44
9706,101,11,8.55
9707,103,9,8.64
9708,104,6,10.71
9710,105,0,10.78
9711,106,-19,18.77
9712,106,-56,18.76
9713,106,-59,18.73
9715,105,-48,18.7
9716,104,-42,18.67
9717,104,14,21.61
9718,103,9,21.56
9720,102,-2,21.51
9721,102,3,21.46
9722,101,-7,21.41
9723,101,-2,30.22
9725,101,-2,30.03
9726,102,22,29.84
9727,103,33,29.65
9728,104,17,35.36
9730,104,18,35.07
9731,104,25,34.78
9732,104,20,34.49
9733,103,34,42.12
9735,102,24,41.75
9736,101,12,41.38
9737,99,9,41.01
9738,97,-2,43.57
9740,96,-9,43.13
9741,95,-42,42.69
9742,94,-60,42.25
9743,94,-36,47.73
9745,94,-17,47.21
9746,94,6,46.69
9747,95,14,46.17
9748,96,55,57.51
9750,97,56,56.85
9751,98,46,56.19
9752,98,-6,55.53
9753,99,-2,56.86
9755,99,-6,56.19
9756,99,-3,55.52
9757,99,-8,54.85
9758,99,-4,60.07
9760,99,2,59.29
9761,100,3,58.51
9762,101,2,57.73
9763,102,1,63.89
9765,104,5,63.05
9766,107,6,62.21
9767,109,8,61.37
9768,111,5,68.4
9770,113,9,67.43
9771,114,13,66.46
9772,114,13,65.49
9773,114,10,68.47
9775,114,5,67.45
9776,113,12,66.43
9777,112,10,65.41
9778,110,-3,70.34
9780,109,-8,69.27
9781,108,-7,68.2
9782,107,-1,67.13
9783,107,-10,69.98
9785,106,-10,68.83
9786,107,-7,67.68
9787,107,-5,66.53
9788,107,-2,69.33
9790,107,-4,68.13
9791,107,-3,66.93
9792,107,-1,65.73
9793,106,18,66.55
9795,105,37,65.37
9796,104,22,64.19
9797,103,15,63.01
9798,102,13,66.75
9800,102,7,65.49
9801,102,4,64.23
9802,102,-1,62.97
9803,103,-32,63.75
9805,104,-38,62.53
9806,106,-28,61.31
9807,108,-24,60.09
9808,110,20,62.82
9810,111,26,61.55
9811,112,21,60.28
9812,112,22,59.01
9813,112,14,59.79
9815,111,13,58.57
9816,110,3,57.35
9817,108,-9,56.13
9818,107,-36,52.95
9820,105,-41,51.77
9821,103,-29,50.59
9822,101,-22,49.41
9823,99,15,52.2
9825,96,18,50.99
9826,93,17,49.78
9827,89,17,45.6
9828,84,9,44.48
9830,78,6,43.36
9831,71,-17,38.28
9832,62,-30,37.2
9833,53,-23,36.14
9835,42,-18,35.08
9836,32,-8,34.1
9837,22,21,35.1
9838,12,26,34.1
9840,3,23,33.1
9841,-4,23,32.1
9842,-12,-12,31.13
9843,-18,-24,26.2
9845,-22,-18,25.27
9846,-25,-20,24.34
9847,-27,-13,23.41
9848,-27,-9,25.54
9850,-25,-4,24.67
9851,-21,4,23.8
9852,-17,1,22.93
9853,-10,37,21.13
9855,-3,32,20.33
9856,4,23,19.53
9857,13,19,18.73
9858,24,4,15.04
9860,36,-1,14.35
9861,50,-5,13.66
9862,64,-8,12.97
9863,82,-41,11.32
9865,101,-34,10.67
9866,121,-31,10.02
9867,143,-21,9.37
9868,166,21,4.82
9870,191,19,4.27
9871,217,15,3.72
9872,243,17,3.17
9873,267,13,1.75
9875,289,7,1.33
9876,309,2,0.91
9877,327,-2,0.49
9878,342,-55,0.09
9880,355,-32,-0.31
9881,364,-28,-0.71
9882,372,-20,-1.11
9883,376,-16,-3.43
9885,378,9,-3.75
9886,377,19,-4.07
9887,374,27,-4.39
9888,368,26,-5.63
9890,359,31,-5.87
9891,347,27,-6.11
9892,334,13,-6.35
9893,318,19,-9.48
9895,301,9,-9.61
9896,283,16,-9.74
9897,264,7,-9.87
9898,246,-5,-6.99
9900,227,-4,-7.11
9901,210,-8,-7.23
9902,193,-4,-7.35
9903,177,-10,-7.41
9905,163,-5,-7.47
9906,150,-2,-7.53
9907,137,1,-7.59
9908,126,1,-8.6
9910,115,1,-8.61
9911,106,2,-8.62
9912,97,-4,-8.63
9913,88,14,-10.58
9915,80,36,-10.53
9916,73,14,-10.48
9917,66,-2,-10.43
9918,61,-11,-13.33
9920,57,-16,-13.23
9921,54,-49,-13.13
9922,51,-57,-13.03
9923,50,-110,-11.89
9925,50,-114,-11.75
9926,51,-105,-11.61
9927,53,-78,-11.47
9928,54,-28,-13.29
9930,56,14,-13.11
9931,58,31,-12.93
9932,60,39,-12.75
9933,61,50,-11.54
9935,62,54,-11.33
9936,63,64,-11.12
9937,64,60,-10.91
9938,65,22,-12.66
9940,66,24,-12.41
9941,67,42,-12.16
9942,68,35,-11.91
9943,70,67,-11.68
9945,71,74,-11.45
9946,73,9,-11.22
9947,74,59,-10.99
9948,75,-19,-13.69
9950,75,-24,-13.39
9951,75,-28,-13.09
9952,74,-32,-12.82
9953,72,-23,-16.51
9955,70,-10,-16.2
9956,67,-8,-15.93
9957,64,1,-15.66
9958,61,23,-16.38
9960,58,52,-16.1
9961,56,27,-15.82
9962,54,23,-15.52
9963,52,28,-13.24
9965,51,7,-12.96
9966,50,-11,-18.62
9967,49,-42,-18.28
9968,47,-43,-17.98
9970,45,-32,-17.68
9971,43,-21,-17.38
9972,41,1,-16.09
9973,39,24,-15.77
9975,36,18,-15.45
9976,33,19,-15.13
9977,30,17,-14.81
9978,28,17,-16.48
9980,26,6,-16.15
9981,24,10,-15.82
9982,23,6,-15.49
9983,23,-18,-12.22
9985,24,-30,-11.95
9986,25,-26,-11.68
9987,26,-18,-11.41
9988,28,14,-13.13
9990,29,18,-12.85
9991,29,16,-12.57
9992,30,7,-12.29
9993,30,-1,-11.06
9995,29,-5,-10.83
9996,29,-11,-10.6
9997,28,-14,-10.37
9998,27,-42,-13.12
10000,27,-46,-12.87
10001,26,-31,-12.62
10002,25,-21,-12.37
10003,25,-27,-11.13
10005,25,-15,-10.89
10006,26,35,-10.65
10007,27,-2,-10.41
10008,27,36,-11.18
10010,27,29,-10.95
10011,27,-15,-10.72
10012,26,-20,-10.49
10013,25,-14,-9.28
10015,23,-18,-9.07
10016,21,-8,-8.86
10017,19,-3,-8.65
10018,17,-9,-13.42
10020,16,5,-13.19
10021,15,2,-12.96
10022,14,2,-12.73
10023,14,7,-11.48
10025,15,-4,-11.23
10026,16,4,-10.98
10027,17,-2,-10.73
10028,19,-14,-10.48
10030,20,3,-10.23
10031,21,2,-9.98
10032,21,0,-9.73
10033,22,4,-13.45
10035,22,-1,-13.17
10036,21,-8,-12.89
10037,20,-2,-12.61
10038,20,-4,-15.32
10040,20,1,-15.03
10041,20,7,-14.74
10042,20,8,-14.45
10043,20,4,-13.2
10045,21,12,-12.95
10046,22,3,-12.7
10047,24,11,-12.45
10048,24,27,-14.17
10050,25,36,-13.89
10051,24,26,-13.61
10052,24,16,-13.33
10053,23,13,-14.06
10055,22,9,-13.79
10056,20,7,-13.52
10057,18,-2,-13.25
10058,16,-10,-16.93
10060,15,-47,-16.61
10061,14,-25,-16.29
10062,13,-22,-15.97
10063,13,9,-13.69
10065,14,24,-13.41
10066,15,21,-13.13
10067,16,18,-12.85
10068,17,20,-16.53
10070,17,13,-16.21
10071,18,9,-15.89
10072,18,4,-15.57
10073,17,-20,-17.26
10075,16,-38,-16.95
10076,14,-29,-16.64
10077,12,-15,-16.33
10078,9,12,-15.07
10080,7,26,-14.81
10081,4,20,-14.55
10082,2,17,-14.29
10083,0,13,-16.02
10085,-1,7,-15.75
10086,-3,-5,-20.43
10087,-6,-40,-20.11
10088,-8,-35,-19.77
10090,-11,-28,-19.43
10091,-14,-19,-19.15
10092,-17,17,-18.87
10093,-20,31,-18.59
10095,-23,24,-18.31
10096,-26,24,-18.03
10097,-29,17,-17.74
10098,-32,-35,-18.44
10100,-33,-14,-18.14
10101,-34,-20,-17.84
10102,-35,-9,-17.54
10103,-35,-9,-17.26
10105,-33,-5,-16.98
10106,-32,4,-16.7
10107,-29,10,-16.42
10108,-27,32,-21.06
10110,-25,34,-20.7
10111,-23,25,-20.34
10112,-20,24,-19.98
10113,-18,15,-20.63
10115,-16,7,-20.28
10116,-15,1,-19.93
10117,-13,3,-19.58
10118,-11,-20,-23.18
10120,-8,-42,-22.78
10121,-6,-36,-22.38
10122,-3,-17,-21.98
10123,0,13,-16.66
10125,4,27,-16.34
10126,9,22,-16.02
10127,13,-18,-15.7
10128,18,20,-19.33
10130,22,9,-18.96
10131,25,-29,-18.59
10132,29,-32,-18.22
10133,31,-22,-19.84
10135,34,-21,-19.46
10136,36,-16,-19.08
10137,38,-23,-18.7
10138,40,-31,-19.3
10140,42,-27,-18.9
10141,45,-22,-18.5
10142,48,-23,-18.1
10143,51,-13,-21.71
10145,55,5,-21.32
10146,59,35,-20.93
10147,64,33,-20.54
10148,67,51,-18.16
10150,70,52,-17.78
10151,72,38,-17.4
10152,74,25,-17.02
10153,75,16,-19.61
10155,76,3,-19.2
10156,76,-7,-18.79
10157,76,-9,-18.38
10158,76,-22,-16.03
10160,76,-17,-15.68
10161,76,-19,-15.33
10162,76,-22,-14.98
10163,76,-26,-18.62
10165,77,-7,-18.26
10166,78,-17,-17.9
10167,79,-7,-17.54
10168,80,26,-19.15
10170,80,38,-18.76
10171,80,31,-18.37
10172,80,23,-17.98
10173,80,13,-13.65
10175,80,10,-13.32
10176,79,0,-12.99
10177,78,-7,-12.66
10178,77,-44,-16.3
10180,76,-64,-15.94
10181,76,-60,-15.58
10182,76,-45,-15.22
10183,77,15,-9.95
10185,78,36,-9.68
10186,79,30,-9.41
10187,80,37,-9.14
10188,81,31,-11.82
10190,82,26,-11.5
10191,81,28,-11.18
10192,81,16,-10.86
10193,80,-2,-10.58
10195,79,-19,-10.3
10196,77,-6,-10.02
10197,76,-2,-9.74
10198,74,36,-11.46
10200,73,41,-11.18
10201,72,18,-10.9
10202,72,13,-10.62
10203,72,9,-5.38
10205,73,7,-5.14
10206,73,-2,-6.88
10207,73,-31,-6.62
10208,72,-13,-6.38
10210,71,-13,-6.14
10211,70,-12,-5.95
10212,69,17,-4.77
10213,68,20,-4.59
10215,66,20,-4.41
10216,64,23,-4.23
10217,62,14,-4.05
10218,60,-30,0.09
10220,58,-22,0.23
10221,57,-15,0.37
10222,56,-14,0.51
10223,56,-12,-1.34
10225,55,-4,-1.19
10226,55,-1,-1.04
10227,56,0,-0.89
10228,55,14,1.24
10230,53,38,1.37
10231,51,-16,1.5
10232,48,26,1.63
10233,44,19,1.71
10235,38,11,1.79
10236,32,15,1.87
10237,26,7,1.95
10238,19,-19,1.03
10240,12,-31,1.11
10241,4,-24,1.19
10242,-2,-22,1.27
10243,-9,13,-2.65
10245,-16,25,-2.57
10246,-23,21,-2.49
10247,-29,18,-2.41
10248,-35,13,-3.27
10250,-41,6,-3.13
10251,-46,1,-2.99
10252,-51,-41,-2.85
10253,-55,-34,-1.76
10255,-58,-21,-1.67
10256,-60,-31,-1.58
10257,-61,-5,-1.49
10258,-59,37,-2.41
10260,-56,32,-2.33
10261,-50,2,-2.25
10262,-43,-9,-2.17
10263,-34,-6,-6.06
10265,-23,-9,-5.95
10266,-11,-13,-5.84
10267,2,-9,-5.73
10268,17,-2,-7.64
10270,34,2,-7.55
10271,52,0,-7.46
10272,71,1,-7.37
10273,92,-1,-10.23
10275,115,-3,-10.09
10276,139,-1,-9.95
10277,163,4,-9.81
10278,189,-4,-9.7
10280,216,-2,-9.59
10281,243,-6,-9.48
10282,269,-6,-9.37
10283,294,-12,-10.23
10285,316,-16,-10.09
10286,336,-2,-9.95
10287,354,-8,-9.81
10288,367,-5,-13.67
10290,375,3,-13.53
10291,380,10,-13.39
10292,382,9,-13.25
10293,379,19,-16.1
10295,373,17,-15.95
10296,363,17,-15.8
10297,351,18,-15.65
10298,336,16,-16.45
10300,320,22,-16.25
10301,303,16,-16.05
10302,286,18,-15.85
10303,268,53,-17.67
10305,250,69,-17.49
10306,233,51,-17.31
10307,216,39,-17.13
10308,199,22,-19.87
10310,183,22,-19.61
10311,166,6,-19.35
10312,150,-2,-19.09
10313,134,-48,-19.85
10315,118,-55,-19.61
10316,104,-45,-19.37
10317,89,-32,-19.13
10318,77,20,-24.83
10320,65,25,-24.53
10321,55,14,-24.23
10322,47,9,-23.93
10323,39,-4,-22.66
10325,33,-14,-22.39
10326,29,-34,-22.12
10327,25,-42,-21.85
10328,22,-116,-16.58
10330,19,-110,-16.31
10331,16,-113,-16.06
10332,14,-96,-15.81
10333,12,-46,-20.51
10335,9,-27,-20.21
10336,7,-6,-19.91
10337,4,14,-19.6
10338,2,38,-23.25
10340,1,53,-22.9
10341,1,41,-23.54
10342,1,-5,-23.18
10343,2,22,-22.78
10345,4,32,-22.38
10346,6,33,-21.98
10347,7,70,-26.53
10348,9,70,-26.1
10350,10,69,-25.67
10351,10,61,-25.24
10352,11,46,-24.81
10353,11,-9,-25.35
10355,11,-18,-24.89
10356,10,-14,-24.43
10357,8,-16,-23.97
10358,7,-18,-24.5
10360,6,-13,-24.03
10361,5,-14,-23.56
10362,4,-9,-23.09
10363,4,11,-22.63
10365,5,25,-22.17
10366,6,17,-21.71
10367,7,12,-21.25
10368,8,5,-23.8
10370,9,4,-23.35
10371,10,5,-22.9
10372,10,-1,-22.45
10373,10,-21,-23.99
10375,10,-41,-23.53
10376,10,-27,-23.07
10377,9,-19,-22.61
10378,9,-14,-22.14
10380,10,-10,-21.67
10381,11,39,-21.2
10382,12,3,-20.73
10383,13,36,-26.21
10385,15,26,-25.69
10386,18,-12,-25.17
10387,21,-9,-24.65
10388,23,-16,-22.19
10390,24,-15,-21.73
10391,25,-11,-21.27
10392,26,-11,-20.81
10393,26,-10,-23.34
10395,25,-1,-22.87
10396,24,-7,-22.4
10397,23,1,-21.93
10398,22,-5,-21.49
10400,22,-12,-21.05
10401,21,-1,-20.61
10402,21,-6,-20.17
10403,22,-7,-19.73
10405,22,-5,-19.29
10406,24,-10,-18.85
10407,25,-8,-18.41
10408,26,-9,-21.94
10410,27,-14,-21.47
10411,27,-16,-21
10412,28,-5,-20.53
10413,27,0,-18.12
10415,27,-6,-17.71
10416,26,1,-17.3
10417,25,-7,-16.89
10418,24,-1,-21.46
10420,23,-6,-21.03
10421,23,-3,-20.6
10422,23,-6,-20.17
10423,23,29,-19.75
10425,24,39,-19.33
10426,25,35,-18.91
10427,27,29,-18.49
10428,27,22,-20.07
10430,28,14,-19.65
10431,28,9,-19.23
10432,27,-1,-18.81
10433,26,-22,-18.42
10435,25,-51,-18.03
10436,24,-28,-17.64
10437,22,-20,-17.25
10438,20,25,-21.82
10440,19,21,-21.39
10441,18,24,-20.96
10442,17,28,-20.53
10443,17,20,-24.12
10445,17,11,-23.71
10446,18,-1,-23.3
10447,17,-28,-22.89
10448,17,-32,-22.47
10450,16,-28,-22.05
10451,16,-7,-21.63
10452,14,32,-22.2
10453,12,28,-21.72
10455,10,22,-21.24
10456,7,22,-20.76
10457,4,24,-20.28
10458,2,-19,-23.81
10460,0,-23,-23.34
10461,-1,-15,-22.87
10462,-3,-13,-22.4
10463,-4,-5,-22.96
10465,-5,0,-22.52
10466,-5,5,-22.09
10467,-5,6,-21.66
10468,-6,30,-19.25
10470,-6,37,-18.84
10471,-7,28,-18.43
10472,-9,18,-18.07
10473,-10,21,-20.68
10475,-12,14,-20.29
10476,-14,5,-19.9
10477,-16,-4,-19.51
10478,-18,-25,-23.09
10480,-19,-34,-22.67
10481,-20,-27,-22.25
10482,-21,-15,-21.83
10483,-21,10,-23.4
10485,-21,27,-22.97
10486,-20,18,-22.54
10487,-20,20,-22.11
10488,-19,13,-20.69
10490,-19,6,-20.27
10491,-20,-2,-19.85
10492,-20,-7,-19.43
10493,-21,-31,-23
10495,-23,-41,-22.57
10496,-24,-32,-22.14
10497,-26,-25,-21.71
10498,-28,4,-22.29
10500,-29,21,-21.87
10501,-31,11,-21.45
10502,-32,-27,-21.03
10503,-32,19,-18.63
10505,-32,10,-18.23
10506,-31,-34,-17.83
10507,-30,-37,-17.43
10508,-28,-22,-23.03
10510,-28,-27,-22.63
10511,-27,-16,-22.23
10512,-26,-11,-21.83
10513,-25,-5,-21.41
10515,-25,-6,-20.99
10516,-24,-3,-20.57
10517,-24,11,-20.15
10518,-23,7,-22.73
10520,-21,9,-22.31
10521,-19,10,-21.89
10522,-17,7,-21.47
10523,-13,0,-23.03
10525,-9,5,-22.59
10526,-5,8,-22.15
10527,0,-1,-21.71
10528,4,-4,-21.27
10530,9,-4,-20.83
10531,13,-14,-20.39
10532,17,-8,-19.95
10533,21,-7,-18.56
10535,25,-8,-18.17
10536,28,-2,-17.78
10537,31,-12,-17.39
10538,34,-14,-19.95
10540,37,-9,-19.51
10541,41,-19,-19.07
10542,45,-22,-18.63
10543,50,0,-19.23
10545,54,27,-18.83
10546,60,11,-18.43
10547,65,2,-18.03
10548,69,-2,-19.61
10550,73,-3,-19.19
10551,77,20,-18.77
10552,80,19,-18.35
10553,82,10,-15.97
10555,84,-10,-15.59
10556,85,11,-15.21
10557,86,19,-14.83
10558,87,32,-13.46
10560,88,52,-13.09
10561,90,29,-12.72
10562,91,23,-12.35
10563,94,15,-11.04
10565,96,3,-10.73
10566,99,-14,-10.42
10567,102,-15,-10.11
10568,104,-51,-10.83
10570,106,-59,-10.55
10571,108,-49,-10.27
10572,109,-25,-9.99
10573,110,12,-11.69
10575,110,38,-11.39
10576,110,48,-11.09
10577,109,44,-10.8
10578,109,37,-4.57
10580,109,27,-4.34
10581,109,17,-4.11
10582,109,-28,-1.9
10583,110,-26,-1.73
10585,111,-13,-1.56
10586,112,-8,-1.39
10587,113,36,-3.2
10588,113,30,-3.02
10590,113,29,-2.84
10591,112,28,-2.66
10592,112,19,-2.48
10593,111,20,1.68
10595,109,8,1.84
10596,107,4,2
10597,105,3,2.16
10598,104,-18,5.26
10600,102,-37,5.36
10601,101,-21,5.46
10602,101,-18,5.56
10603,100,11,11.56
10605,100,24,11.56
10606,101,21,11.56
10607,101,28,11.56
10608,101,20,12.53
10610,101,9,12.5
10611,100,2,12.47
10612,98,2,12.44
10613,96,-23,17.37
10615,94,-30,17.3
10616,92,-22,17.23
10617,89,-17,17.16
10618,86,7,20.02
10620,84,22,19.88
10621,82,21,19.74
10622,81,18,19.6
10623,80,14,17.47
10625,79,6,17.34
10626,79,5,17.21
10627,79,-37,17.08
10628,79,-28,19.94
10630,78,-24,19.8
10631,77,-12,19.66
10632,76,-10,19.52
10633,74,-10,21.3
10635,72,-9,21.08
10636,70,3,20.86
10637,67,4,20.64
10638,66,1,19.43
10640,64,3,19.22
10641,63,1,19.01
10642,62,0,18.8
10643,62,0,15.59
10645,62,2,15.38
10646,62,5,15.17
10647,64,4,14.96
10648,64,3,20.67
10650,64,-2,20.38
10651,64,0,20.09
10652,64,1,19.8
10653,63,2,19.51
10655,62,-3,19.22
10656,61,1,18.93
10657,60,3,18.64
10658,60,2,17.37
10660,60,1,17.1
10661,61,-1,16.83
10662,62,3,16.56
10663,63,18,14.28
10665,66,43,14
10666,69,23,13.72
10667,72,23,13.44
10668,75,12,16.12
10670,78,3,15.8
10671,80,-1,15.48
10672,82,-1,15.16
10673,83,-24,9.87
10675,84,-40,9.58
10676,85,-33,9.29
10677,85,-25,9
10678,86,4,9.72
10680,87,11,9.44
10681,88,16,9.16
10682,89,13,8.88
10683,91,2,5.64
10685,92,1,5.4
10686,94,-3,5.16
10687,96,-9,4.92
10688,98,-22,3.7
10690,98,-39,3.48
10691,99,-34,3.26
10692,98,-21,3.04
10693,98,-1,-0.16
10695,97,31,-0.36
10696,95,19,-0.56
10697,94,17,-0.76
10698,92,17,-5.93
10700,91,11,-6.1
10701,91,-8,-7.26
10702,91,-56,-7.42
10703,92,-30,-7.52
10705,93,-24,-7.62
10706,95,-20,-7.72
10707,96,26,-11.76
10708,97,31,-11.8
10710,97,30,-11.84
10711,96,13,-11.88
10712,95,20,-11.94
10713,94,-29,-14.97
10715,93,-14,-15
10716,91,-11,-15.03
10717,89,-17,-15.06
10718,88,-14,-15.05
10720,87,0,-15.04
10721,86,4,-15.03
10722,86,2,-15.02
10723,86,19,-14.98
10725,86,30,-14.94
10726,87,25,-14.9
10727,89,21,-14.86
10728,90,12,-18.72
10730,90,10,-18.58
10731,91,5,-18.44
10732,91,4,-18.3
10733,91,-10,-21.12
10735,91,-39,-20.94
10736,91,-24,-20.76
10737,90,-19,-20.58
10738,90,4,-16.39
10740,90,24,-16.2
10741,90,24,-16.01
10742,91,20,-15.82
10743,92,22,-19.56
10745,93,13,-19.3
10746,95,11,-19.04
10747,98,0,-18.78
10748,99,-21,-22.5
10750,101,-31,-22.22
10751,102,-16,-21.94
10752,102,-15,-21.66
10753,103,-15,-19.37
10755,102,-6,-19.08
10756,102,36,-18.79
10757,101,31,-18.5
10758,100,21,-21.16
10760,100,17,-20.82
10761,100,-21,-20.48
10762,101,-20,-20.14
10763,102,-18,-21.79
10765,103,-19,-21.44
10766,105,-20,-21.09
10767,107,-6,-20.74
10768,109,-14,-18.44
10770,110,-1,-18.14
10771,111,-2,-17.84
10772,112,-5,-17.54
10773,112,3,-22.13
10775,112,6,-21.72
10776,112,7,-21.31
10777,111,0,-20.9
10778,111,7,-18.51
10780,111,6,-18.12
10781,112,1,-17.73
10782,113,5,-17.34
10783,114,-1,-17.95
10785,116,1,-17.56
10786,117,-9,-17.17
10787,120,3,-16.78
10788,121,-4,-18.39
10790,122,3,-18
10791,122,2,-17.61
10792,122,2,-17.22
10793,122,6,-19.77
10795,121,3,-19.32
10796,120,2,-18.87
10797,119,3,-18.42
10798,118,21,-18.02
10800,117,34,-17.62
10801,117,25,-17.22
10802,117,14,-16.82
10803,118,15,-16.41
10805,119,13,-16
10806,120,-3,-15.59
10807,121,1,-15.18
10808,122,-22,-14.8
10810,123,-33,-14.42
10811,124,-24,-14.04
10812,124,-15,-13.66
10813,125,2,-15.27
10815,125,30,-14.88
10816,125,27,-14.49
10817,125,25,-14.1
10818,126,14,-16.71
10820,127,8,-16.32
10821,128,3,-15.93
10822,130,-1,-15.54
10823,131,-20,-16.19
10825,132,-39,-15.84
10826,132,-23,-15.5
10827,133,-18,-15.16
10828,132,10,-18.78
10830,130,25,-18.4
10831,127,13,-18.02
10832,123,12,-17.68
10833,117,8,-19.32
10835,110,4,-18.96
10836,104,-4,-19.59
10837,98,-28,-19.22
10838,92,-23,-18.88
10840,86,-22,-18.54
10841,81,-8,-18.2
10842,77,4,-19.84
10843,75,24,-19.48
10845,74,26,-19.12
10846,74,27,-18.76
10847,75,16,-18.4
10848,78,-32,-20.02
10850,82,-21,-19.64
10851,88,-19,-19.26
10852,95,-14,-18.88
10853,104,-11,-21.51
10855,114,-6,-21.14
10856,126,-2,-20.77
10857,139,4,-20.4
10858,153,19,-18.08
10860,168,34,-17.76
10861,184,20,-17.44
10862,201,15,-17.12
10863,220,7,-17.75
10865,240,7,-17.38
10866,261,-1,-17.01
10867,283,-6,-16.64
10868,307,-29,-18.29
10870,331,-45,-17.94
10871,355,-38,-17.59
10872,380,-25,-17.24
10873,404,5,-20.89
10875,427,25,-20.54
10876,449,22,-20.19
10877,470,-11,-19.84
10878,488,26,-16.5
10880,503,-34,-16.16
10881,516,-24,-15.82
10882,526,-14,-15.48
10883,533,-3,-18.14
10885,536,-6,-17.8
10886,537,18,-17.46
10887,534,18,-17.12
10888,528,26,-19.77
10890,517,21,-19.42
10891,503,17,-19.07
10892,487,16,-18.72
10893,468,13,-22.31
10895,446,22,-21.9
10896,422,7,-21.49
10897,398,1,-21.08
10898,372,-1,-19.73
10900,347,-6,-19.38
10901,322,-6,-19.03
10902,297,-11,-18.68
10903,274,-15,-19.3
10905,252,-19,-18.92
10906,231,-23,-18.54
10907,211,-25,-18.16
10908,192,-17,-19.77
10910,174,-16,-19.38
10911,156,-7,-18.99
10912,139,10,-18.6
10913,124,20,-25.16
10915,109,28,-24.72
10916,96,27,-24.28
10917,83,21,-23.84
10918,72,47,-22.44
10920,63,63,-22.04
10921,54,38,-21.64
10922,48,28,-21.24
10923,42,14,-23.81
10925,38,0,-23.38
10926,35,-11,-22.95
10927,33,-22,-22.52
10928,32,-61,-26.05
10930,31,-82,-25.58
10931,30,-75,-25.11
10932,29,-72,-24.64
10933,29,-18,-24.17
10935,29,17,-23.7
10936,28,13,-23.23
10937,29,10,-22.76
10938,29,0,-24.29
10940,31,-13,-23.82
10941,33,-21,-23.35
10942,36,-26,-22.88
10943,40,-45,-24.42
10945,44,-58,-23.96
10946,48,-27,-23.5
10947,53,-14,-23.04
10948,58,24,-22.59
10950,62,62,-22.14
10951,65,60,-21.69
10952,69,67,-21.24
10953,71,57,-22.81
10955,73,48,-22.38
10956,75,32,-25.91
10957,76,1,-25.44
10958,78,-5,-24.99
10960,79,-2,-24.54
10961,81,-6,-24.1
10962,83,37,-28.61
10963,84,35,-28.12
10965,86,31,-27.63
10966,88,44,-27.14
10967,89,14,-26.67
10968,90,-28,-30.16
10970,91,-28,-29.65
10971,91,-31,-29.14
10972,90,-22,-28.63
10973,89,-19,-26.16
10975,87,-16,-25.69
10976,86,-3,-25.22
10977,84,2,-24.75
10978,82,13,-26.29
10980,80,30,-25.83
10981,79,16,-25.37
10982,77,6,-24.91
10983,76,5,-25.42
10985,76,-3,-24.93
10986,76,-6,-24.44
10987,76,-10,-23.95
10988,75,-35,-27.43
10990,74,-57,-26.91
10991,72,-39,-26.39
10992,71,-35,-25.87
10993,68,11,-23.39
10995,66,29,-22.91
10996,63,26,-22.43
10997,60,27,-21.95
10998,58,23,-22.5
11000,56,15,-22.05
11001,54,12,-21.6
11002,52,-37,-21.15
11003,51,-20,-25.62
11005,51,-19,-25.09
11006,51,-7,-24.56
11007,51,-9,-24.03
11008,51,-5,-22.54
11010,51,2,-22.05
11011,50,9,-21.56
11012,49,14,-21.07
11013,48,11,-22.59
11015,46,14,-22.11
11016,43,10,-21.63
11017,41,2,-21.15
11018,39,2,-22.69
11020,37,-1,-22.23
11021,36,-7,-21.77
11022,35,0,-21.31
11023,34,1,-25.79
11025,34,2,-25.27
11026,34,-1,-24.75
11027,34,0,-24.23
11028,34,-2,-24.71
11030,33,-1,-24.19
11031,32,1,-23.67
11032,30,-1,-23.15
11033,28,-10,-26.61
11035,26,-3,-26.07
11036,23,-6,-25.53
11037,21,-2,-24.99
11038,18,9,-22.54
11040,16,29,-22.09
11041,14,18,-21.64
11042,13,13,-21.19
11043,12,9,-23.7
11045,11,6,-23.21
11046,10,0,-22.72
11047,10,-2,-22.23
11048,8,-34,-20.78
11050,7,-57,-20.33
11051,5,-37,-19.88
11052,3,-36,-19.43
11053,1,10,-23.97
11055,-1,30,-23.51
11056,-4,28,-23.05
11057,-7,27,-22.59
11058,-9,20,-22.13
11060,-11,10,-21.67
11061,-12,5,-21.21
11062,-14,-8,-20.75
11063,-14,-19,-24.27
11065,-14,-60,-23.79
11066,-14,-39,-23.31
11067,-14,-35,-22.83
11068,-14,15,-18.41
11070,-14,41,-17.99
11071,-15,27,-17.57
11072,-16,24,-17.15
11073,-17,28,-19.7
11075,-19,22,-19.25
11076,-20,-18,-18.8
11077,-20,-41,-18.35
11078,-21,-35,-17.92
11080,-20,-19,-17.49
11081,-20,-6,-17.1
11082,-20,25,-13.74
11083,-19,39,-13.38
11085,-18,34,-13.02
11086,-16,30,-12.66
11087,-15,-14,-12.35
11088,-14,-16,-11.05
11090,-14,-15,-10.75
11091,-14,-14,-10.45
11092,-14,-3,-10.15
11093,-15,3,-3.95
11095,-16,5,-3.75
11096,-17,6,-3.55
11097,-18,6,-3.35
11098,-19,28,4.79
11100,-19,45,4.93
11101,-20,34,5.07
11102,-19,29,5.21
11103,-19,20,14.24
11105,-17,13,14.27
11106,-15,11,14.3
11107,-13,3,14.33
11108,-11,-15,18.31
11110,-9,-34,18.29
11111,-7,-24,18.27
11112,-5,-19,18.25
11113,-4,17,28.09
11115,-2,32,27.93
11116,0,25,27.77
11117,1,26,27.61
11118,4,22,37.37
11120,7,14,37.13
11121,11,6,36.89
11122,15,1,36.65
11123,19,-27,46.3
11125,24,-40,45.95
11126,29,-30,45.6
11127,35,-28,45.25
11128,40,-18,55.74
11130,44,-19,55.23
11131,49,23,54.72
11132,52,33,54.21
11133,56,4,64.6
11135,59,-20,63.99
11136,62,-18,63.38
11137,65,-17,62.77
11138,68,-16,77.98
11140,71,-17,77.19
11141,75,-23,76.4
11142,78,-10,75.61
11143,81,-22,82.72
11145,85,-22,81.83
11146,89,-20,80.94
11147,93,-15,80.05
11148,96,-20,92.97
11150,99,-5,91.89
11151,101,-26,90.81
11152,102,-13,89.73
11153,103,-24,100.52
11155,104,-22,99.31
11156,104,4,98.1
11157,104,14,96.89
11158,105,47,108.51
11160,105,53,107.13
11161,105,59,105.75
11162,106,52,104.37
11163,107,40,113.9
11165,108,26,112.43
11166,109,16,110.96
11167,111,0,109.49
11168,112,-6,121.85
11170,113,-11,120.21
11171,113,-24,118.57
11172,113,-22,116.93
11173,112,0,127.18
11175,112,17,125.43
11176,111,5,123.68
11177,110,7,121.93
11178,110,1,132.01
11180,110,-3,130.09
11181,110,-14,128.17
11182,110,-22,126.25
11183,111,-57,136.21
11185,113,-87,134.17
11186,114,-65,132.13
11187,116,-60,130.09
11188,117,8,138.9
11190,118,52,136.71
11191,119,56,134.52
11192,119,64,132.33
11193,118,58,138.1
11195,118,42,135.87
11196,118,30,145.52
11197,118,-15,143.17
11198,118,-13,140.79
11200,118,-9,138.41
11201,119,-5,136.03
11202,119,10,146.52
11203,120,39,144.01
11205,121,34,141.5
11206,122,31,138.99
11207,122,31,136.51
11208,123,30,142.94
11210,122,17,140.37
11211,121,14,137.8
11212,120,6,135.23
11213,118,-22,138.61
11215,116,-36,135.99
11216,113,-29,133.37
11217,111,-23,130.75
11218,109,4,142.05
11220,108,36,139.35
11221,106,20,136.65
11222,106,16,133.95
11223,105,8,135.29
11225,106,-2,132.63
11226,106,-6,129.97
11227,107,-11,127.31
11228,108,-34,134.64
11230,108,-54,131.97
11231,108,-32,129.3
11232,108,-23,126.63
11233,107,12,128.95
11235,106,27,126.27
11236,105,19,123.59
11237,103,18,120.91
11238,102,25,122.29
11240,101,14,119.67
11241,101,5,117.05
11242,101,-8,114.43
11243,101,-23,119.83
11245,102,-38,117.23
11246,104,-27,114.63
11247,105,-23,112.03
11248,106,1,112.5
11250,107,15,109.97
11251,107,20,107.44
11252,107,-18,104.91
11253,107,-13,103.48
11255,107,-21,101.05
11256,106,-21,98.62
11257,106,-8,96.19
11258,106,-6,98.82
11260,106,2,96.45
11261,106,3,94.08
11262,107,8,91.71
11263,108,0,94.45
11265,110,-4,92.19
11266,112,9,89.93
11267,114,9,87.67
11268,116,2,81.53
11270,117,13,79.39
11271,118,0,77.25
11272,119,5,75.11
11273,119,3,75.09
11275,119,-2,73.07
11276,119,2,71.05
11277,119,1,69.03
11278,119,-1,69.11
11280,120,-3,67.19
11281,120,-5,65.27
11282,121,0,63.35
11283,123,-6,63.54
11285,124,5,61.73
11286,126,3,59.92
11287,128,2,58.11
11288,129,-5,58.39
11290,130,2,56.67
11291,131,-1,54.95
11292,131,-1,53.23
11293,130,18,48.68
11295,129,27,47.13
11296,128,23,45.58
11297,127,17,44.03
11298,126,6,45.57
11300,125,4,44.11
11301,124,1,42.65
11302,124,-4,41.19
11303,124,-19,40.84
11305,124,-47,39.49
11306,124,-35,38.14
11307,125,-21,36.79
11308,125,3,33.58
11310,124,26,32.37
11311,122,22,31.16
11312,121,21,29.95
11313,119,20,30.83
11315,116,14,29.71
11316,114,8,28.59
11317,111,4,27.47
11318,109,-19,25.44
11320,108,-41,24.41
11321,106,-34,23.5
11322,105,-14,22.59
11323,104,15,22.67
11325,104,24,21.75
11326,104,25,20.83
11327,105,19,20.04
11328,104,21,19.25
11330,104,13,18.46
11331,103,6,17.67
11332,101,-32,16.88
11333,99,-29,16.18
11335,97,-24,15.48
11336,95,-9,14.78
11337,94,29,14.08
11338,93,24,13.44
11340,92,17,12.8
11341,92,23,12.16
11342,92,-1,11.52
11343,92,-27,11.02
11345,93,-29,10.52
11346,94,-14,10.02
11347,95,-16,9.52
11348,96,-4,9.06
11350,96,-3,8.6
11351,96,-2,8.14
11352,96,6,7.68
11353,95,20,13.26
11355,94,32,12.84
11356,93,25,12.42
11357,92,14,12
11358,92,6,8.66
11360,91,5,8.32
11361,91,0,7.98
11362,92,-2,7.64
11363,92,-19,7.34
11365,94,-47,7.04
11366,95,-31,6.74
11367,97,-23,6.44
11368,98,11,5.23
11370,99,32,5.02
11371,100,21,4.81
11372,100,24,4.6
11373,100,20,8.38
11375,100,11,8.16
11376,99,6,7.94
11377,99,-38,7.72
11378,99,-24,3.55
11380,99,-24,3.38
11381,99,-17,3.21
11382,100,-10,3.04
11383,101,-12,3.91
11385,103,-5,3.78
11386,104,-1,3.65
11387,107,3,3.52
11388,108,-2,3.44
11390,109,12,3.36
11391,110,4,3.28
11392,111,0,3.2
11393,111,3,0.11
11395,111,7,0.02
11396,110,0,-0.07
11397,109,6,-0.16
11398,109,-9,0.76
11400,109,-11,0.68
11401,108,-7,0.6
11402,109,4,0.52
11403,109,-1,2.44
11405,110,-6,2.36
11406,111,-1,2.28
11407,113,7,2.2
11408,114,5,1.15
11410,114,7,1.1
11411,115,11,1.05
11412,115,9,1
11413,115,19,0.97
11415,115,36,0.94
11416,115,25,0.91
11417,115,28,0.88
11418,115,18,0.82
11420,115,7,0.76
11421,116,3,0.7
11422,117,3,0.64
11423,119,-11,-1.37
11425,120,-47,-1.38
11426,122,-29,-1.39
11427,124,-15,-1.4
11428,125,10,0.58
11430,126,30,0.56
11431,126,20,0.54
11432,126,23,0.52
11433,125,21,-2.49
11435,124,9,-2.5
11436,123,2,-2.51
11437,121,-4,-2.52
11438,119,-19,-3.5
11440,118,-38,-3.48
11441,116,-26,-3.46
11442,115,-23,-3.44
11443,113,16,-5.41
11445,111,5,-5.38
11446,108,15,-5.35
11447,105,13,-5.32
11448,101,11,-5.28
11450,96,6,-5.24
11451,89,-7,-7.18
11452,81,-44,-7.12
11453,72,-27,-7.06
11455,63,-31,-7
11456,53,-12,-6.94
11457,45,-9,-6.88
11458,37,31,-6.82
11460,31,28,-6.76
11461,26,35,-6.7
11462,22,31,-6.64
11463,20,-13,-7.57
11465,20,-35,-7.5
11466,21,-18,-7.43
11467,25,-30,-7.36
11468,30,-6,-10.26
11470,38,-7,-10.16
11471,47,-4,-10.06
11472,58,8,-9.96
11473,70,12,-7.88
11475,83,30,-7.8
11476,98,29,-7.72
11477,113,18,-7.64
11478,129,14,-12.45
11480,147,11,-12.26
11481,166,5,-12.07
11482,186,2,-11.88
11483,207,-17,-13.7
11485,229,-45,-13.52
11486,251,-31,-13.34
11487,274,-29,-13.16
11488,298,10,-12.98
11490,322,24,-12.8
11491,346,23,-12.62
11492,369,23,-12.44
11493,390,28,-11.28
11495,409,18,-11.12
11496,426,11,-10.96
11497,440,1,-10.8
11498,451,-12,-12.58
11500,460,-39,-12.36
11501,466,-29,-12.14
11502,471,-18,-11.92
11503,472,-23,-16.69
11505,470,-11,-16.46
11506,466,37,-16.23
11507,460,6,-16
11508,450,48,-17.74
11510,437,35,-17.48
11511,421,9,-17.22
11512,404,-7,-16.96
11513,384,-6,-15.71
11515,363,-3,-15.46
11516,340,-2,-15.21
11517,318,-2,-14.96
11518,295,2,-14.74
11520,274,4,-14.52
11521,252,-5,-14.3
11522,232,-3,-14.08
11523,213,-4,-16.82
11525,195,-11,-16.56
11526,178,-8,-16.3
11527,163,-16,-16.04
11528,148,-9,-16.75
11530,134,-1,-16.46
11531,121,-5,-16.17
11532,109,1,-15.88
11533,97,1,-15.6
11535,87,1,-15.32
11536,77,9,-15.04
11537,69,12,-14.76
11538,61,16,-21.41
11540,55,12,-21.06
11541,50,13,-20.71
11542,46,7,-20.36
11543,43,9,-16.05
11545,41,8,-15.74
11546,40,7,-15.43
11547,39,3,-15.12
11548,39,15,-17.8
11550,38,40,-17.48
11551,37,24,-17.16
11552,37,15,-16.84
11553,36,-1,-17.49
11555,35,-5,-17.14
11556,34,-10,-16.79
11557,33,-20,-16.44
11558,33,-37,-20.08
11560,33,-52,-19.72
11561,34,-37,-19.36
11562,35,-25,-19
11563,36,-6,-22.61
11565,38,12,-22.22
11566,40,15,-21.83
11567,43,8,-21.44
11568,45,14,-19.09
11570,46,9,-18.74
11571,47,-24,-25.32
11572,48,-51,-24.9
11573,47,-45,-24.48
11575,47,-27,-24.06
11576,46,-10,-23.66
11577,46,39,-18.31
11578,45,37,-17.96
11580,45,36,-17.61
11581,45,30,-17.26
11582,45,22,-16.91
11583,45,-23,-22.5
11585,46,-30,-22.09
11586,47,-6,-21.68
11587,49,-10,-21.27
11588,49,-2,-18.89
11590,49,3,-18.51
11591,49,0,-18.13
11592,48,0,-17.75
11593,47,14,-26.31
11595,46,22,-25.87
11596,45,21,-25.43
11597,44,15,-24.99
11598,43,11,-22.55
11600,43,5,-22.11
11601,43,5,-21.67
11602,43,1,-21.23
11603,44,-27,-23.81
11605,45,-47,-23.39
11606,46,-36,-22.97
11607,48,-25,-22.55
11608,48,5,-23.14
11610,49,29,-22.73
11611,48,29,-22.32
11612,47,30,-21.91
11613,46,25,-25.46
11615,45,17,-25.01
11616,43,10,-24.56
11617,41,3,-24.11
11618,39,-20,-25.63
11620,38,-43,-25.15
11621,37,-36,-24.67
11622,36,-25,-24.19
11623,36,7,-25.71
11625,36,24,-25.23
11626,36,24,-24.75
11627,36,-28,-24.27
11628,36,-19,-22.85
11630,35,-17,-22.43
11631,33,-20,-22.01
11632,32,-13,-21.59
11633,30,1,-23.17
11635,27,-5,-22.75
11636,24,17,-22.33
11637,21,12,-21.91
11638,18,-4,-23.46
11640,16,7,-23.01
11641,14,-2,-22.56
11642,13,10,-22.11
11643,12,7,-24.63
11645,12,17,-24.15
11646,12,13,-23.67
11647,12,0,-23.19
11648,12,1,-23.73
11650,12,3,-23.27
11651,11,9,-22.81
11652,10,3,-22.35
11653,9,3,-23.88
11655,8,-1,-23.41
11656,6,4,-22.94
11657,5,3,-22.47
11658,4,1,-22
11660,3,4,-21.53
11661,2,4,-21.06
11662,2,5,-20.59
11663,2,11,-26.13
11665,3,7,-25.67
11666,4,6,-25.21
11667,6,3,-24.75
11668,7,17,-21.28
11670,8,38,-20.81
11671,8,28,-20.34
11672,8,20,-19.87
11673,8,8,-19.43
11675,8,8,-18.99
11676,8,-7,-18.55
11677,7,-9,-18.11
11678,7,-19,-23.62
11680,8,-42,-23.13
11681,8,-32,-22.64
11682,9,-23,-22.15
11683,10,-12,-25.66
11685,12,19,-25.17
11686,14,13,-24.68
11687,16,19,-24.19
11688,17,13,-21.76
11690,18,11,-21.33
11691,18,6,-20.9
11692,18,1,-20.47
11693,17,-29,-25.96
11695,16,-36,-25.45
11696,14,-26,-25.01
11697,13,-31,-24.57
11698,11,-4,-21.16
11700,11,23,-20.75
11701,10,22,-20.34
11702,10,21,-19.88
11703,10,16,-20.41
11705,11,14,-19.94
11706,11,4,-19.47
11707,12,-60,-19.99
11708,11,-52,-19.57
11710,11,-32,-19.15
11711,9,-14,-18.73
11712,8,36,-20.29
11713,6,28,-19.83
11715,4,33,-19.37
11716,2,32,-18.91
11717,0,21,-18.45
11718,-1,-36,-18.08
11720,-3,-33,-17.71
11721,-4,-27,-17.34
11722,-4,-20,-16.97
11723,-4,-19,-18.56
11725,-3,-4,-18.15
11726,-2,7,-17.74
11727,0,13,-17.33
11728,0,22,-13.98
11730,2,41,-13.63
11731,2,34,-13.28
11732,3,28,-12.93
11733,3,19,-14.57
11735,3,12,-14.21
11736,3,10,-13.85
11737,3,4,-13.49
11738,4,-10,-11.19
11740,5,-31,-10.89
11741,7,-13,-10.59
11742,9,-16,-10.29
11743,12,7,-9.02
11745,16,30,-8.75
11746,20,-10,-8.48
11747,24,26,-8.21
11748,28,23,-3.01
11750,32,19,-2.81
11751,35,13,-2.61
11752,38,-29,-2.41
11753,41,-18,2.75
11755,44,-11,2.91
11756,46,-11,3.07
11757,49,-10,3.23
11758,51,-13,5.35
11760,54,-4,5.47
11761,57,0,5.59
11762,60,-1,5.71
11763,63,1,10.76
11765,67,-4,10.81
11766,71,3,10.86
11767,75,14,10.91
11768,79,-3,17.86
11770,82,-3,17.81
11771,85,0,17.76
11772,87,0,17.71
11773,89,-11,22.6
11775,91,-16,22.49
11776,92,-27,22.38
11777,93,-22,22.27
11778,95,-29,30.06
11780,97,-21,29.85
11781,98,-20,29.64
11782,100,-15,29.43
11783,103,-32,34.17
11785,105,-26,33.91
11786,108,-42,33.65
11787,111,-41,33.39
11788,113,-9,40.99
11790,114,23,40.59
11791,114,44,40.19
11792,114,48,39.79
11793,114,71,43.38
11795,113,66,42.97
11796,111,58,42.56
11797,110,56,42.15
11798,108,9,47.68
11800,107,-3,47.21
11801,106,-12,46.74
11802,105,-15,46.27
11803,105,-15,54.65
11805,104,6,54.03
11806,105,5,53.41
11807,105,5,52.79
11808,105,5,57.08
11810,104,6,56.37
11811,104,4,55.66
11812,103,6,54.95
11813,101,-13,62.18
11815,100,-19,61.41
11816,98,-4,60.64
11817,97,-4,59.87
11818,96,20,64.98
11820,95,37,64.09
11821,94,18,63.2
11822,94,19,62.31
11823,95,6,66.4
11825,95,6,65.49
11826,96,3,64.58
11827,97,-35,74.56
11828,97,-16,73.53
11830,97,-4,72.5
11831,96,9,71.47
11832,96,43,74.39
11833,95,30,73.31
11835,94,37,72.23
11836,92,32,71.15
11837,91,26,70.05
11838,90,20,77.86
11840,90,12,76.67
11841,91,0,75.48
11842,91,-3,74.29
11843,93,-25,80.03
11845,94,-48,78.77
11846,96,-38,77.51
11847,98,-30,76.25
11848,100,-7,81.9
11850,100,16,80.55
11851,101,12,79.2
11852,101,10,77.85
11853,100,10,79.5
11855,99,9,78.15
11856,98,-21,76.8
11857,97,-50,75.45
11858,96,-28,79.03
11860,96,-21,77.61
11861,96,-14,76.19
11862,96,-8,74.77
11863,96,15,75.35
11865,97,34,73.93
11866,99,24,72.51
11867,100,19,71.09
11868,101,12,71.66
11870,101,7,70.23
11871,101,-1,68.8
11872,101,-7,67.37
11873,100,-21,68.96
11875,99,-39,67.55
11876,97,-28,66.14
11877,95,-19,64.73
11878,94,-23,62.38
11880,93,-13,61.03
11881,92,38,59.68
11882,92,0,58.33
11883,92,35,57.99
11885,93,23,56.65
11886,94,-2,55.31
11887,95,-27,53.97
11888,96,-15,54.66
11890,96,-18,53.35
11891,96,-4,52.04
11892,96,-9,50.73
11893,95,0,44.54
11895,94,3,43.35
11896,92,0,42.16
11897,91,1,40.97
11898,90,3,41.81
11900,90,4,40.65
11901,90,12,39.49
11902,91,4,38.33
11903,92,18,32.3
11905,94,6,31.27
11906,96,1,30.24
11907,98,1,29.21
11908,100,-4,28.23
11910,102,-2,27.25
11911,103,-2,26.27
11912,104,5,25.29
11913,104,2,26.37
11915,104,-1,25.45
11916,104,2,24.53
11917,103,1,23.61
11918,103,4,18.77
11920,103,-1,17.93
11921,104,-1,17.09
11922,105,3,16.25
11923,106,10,15.47
11925,107,31,14.69
11926,109,21,13.91
11927,111,16,13.13
11928,112,8,9.47
11930,112,10,8.81
11931,112,1,8.15
11932,112,1,7.49
11933,111,-14,5.89
11935,109,-44,5.29
11936,108,-31,4.69
11937,106,-17,4.09
11938,104,4,5.55
11940,102,28,5.01
11941,101,17,4.47
11942,100,17,3.93
11943,100,9,-1.5
11945,100,13,-1.93
11946,101,13,-2.36
11947,101,3,-2.79
11948,102,-14,-2.18
11950,102,-39,-2.57
11951,102,-26,-2.96
11952,101,-24,-3.24
11953,100,6,-4.51
11955,100,14,-4.78
11956,99,19,-5.05
11957,98,10,-5.28
11958,97,16,-8.48
11960,97,14,-8.68
11961,98,0,-8.88
11962,99,-38,-9.08
11963,100,-28,-9.19
11965,101,-26,-9.3
11966,103,-16,-9.41
11967,104,37,-11.5
11968,105,16,-11.52
11970,105,14,-11.54
11971,105,9,-11.56
11972,104,13,-11.58
11973,103,-25,-11.53
11975,102,-24,-11.48
11976,101,-22,-11.43
11977,99,-13,-11.38
11978,99,-4,-13.28
11980,99,-6,-13.18
11981,99,-3,-13.08
11982,100,4,-12.98
11983,101,17,-12.83
11985,102,32,-12.68
11986,104,24,-12.53
11987,106,17,-12.38
11988,108,13,-10.23
11990,109,14,-10.08
11991,110,6,-9.93
11992,111,0,-9.78
11993,111,-16,-9.61
11995,111,-31,-9.44
11996,111,-24,-9.27
11997,110,-16,-9.1
11998,110,9,-9.89
12000,110,27,-9.68
12001,111,21,-9.47
12002,111,-11,-9.26
12003,112,26,-12.03
12005,113,-15,-11.8
12006,114,-17,-11.57
12007,116,-15,-11.34
12008,117,-11,-11.1
12010,117,-4,-10.86
12011,116,-1,-10.62
12012,116,2,-10.38
12013,114,-1,-12.1
12015,113,0,-11.82
12016,111,2,-11.54
12017,109,1,-11.26
12018,107,1,-11.03
12020,106,-2,-10.8
12021,105,3,-10.57
12022,105,-1,-10.34
12023,105,-2,-13.06
12025,105,4,-12.78
12026,106,8,-12.5
12027,107,1,-12.22
12028,107,1,-11.99
12030,107,-1,-11.76
12031,107,1,-11.53
12032,106,0,-11.3
12033,106,-2,-12.06
12035,105,-3,-11.82
12036,104,3,-11.58
12037,102,-3,-11.34
12038,102,3,-12.07
12040,101,4,-11.8
12041,102,4,-11.53
12042,102,4,-11.26
12043,103,12,-12.02
12045,104,35,-11.78
12046,105,25,-11.54
12047,107,19,-11.3
12048,108,12,-13.04
12050,108,3,-12.78
12051,109,5,-12.52
12052,108,1,-12.26
12053,108,-14,-14.01
12055,107,-27,-13.76
12056,106,-31,-13.51
12057,105,-27,-13.26
12058,105,4,-14.01
12060,105,18,-13.76
12061,105,14,-13.51
12062,105,19,-13.26
12063,106,13,-12.99
12065,107,6,-12.72
12066,109,4,-12.45
12067,110,-5,-12.18
12068,111,-16,-10.97
12070,111,-33,-10.76
12071,110,-29,-10.55
12072,109,-23,-10.34
12073,107,-2,-16.06
12075,106,11,-15.78
12076,103,14,-15.5
12077,101,16,-15.22
12078,99,12,-10.99
12080,97,9,-10.76
12081,95,4,-10.53
12082,94,-50,-14.26
12083,93,-30,-14.02
12085,93,-30,-13.78
12086,93,-7,-13.54
12087,92,31,-16.27
12088,91,27,-16
12090,90,26,-15.73
12091,88,28,-15.46
12092,86,17,-15.21
12093,84,8,-17.93
12095,82,4,-17.65
12096,80,-4,-17.37
12097,77,-3,-17.09
12098,75,-15,-16.81
12100,74,-51,-16.53
12101,74,-26,-16.25
12102,73,-16,-15.97
12103,74,6,-15.71
12105,74,29,-15.45
12106,75,26,-15.19
12107,77,23,-14.93
12108,78,17,-17.64
12110,78,7,-17.35
12111,78,4,-17.06
12112,78,-1,-16.77
12113,78,-18,-21.41
12115,77,-43,-21.05
12116,76,-21,-20.69
12117,75,-23,-20.33
12118,74,4,-20.96
12120,74,24,-20.59
12121,75,21,-20.22
12122,76,20,-19.85
12123,77,17,-22.46
12125,79,11,-22.07
12126,82,8,-21.68
12127,84,-34,-21.29
12128,86,-32,-18.95
12130,88,-28,-18.61
12131,89,-12,-18.27
12132,90,-9,-17.93
12133,91,-7,-21.55
12135,92,4,-21.17
12136,93,5,-20.79
12137,94,10,-20.41
12138,95,4,-18.07
12140,97,15,-17.73
12141,100,9,-17.39
12142,102,-3,-17.05
12143,105,-5,-21.66
12145,108,0,-21.27
12146,111,-1,-20.88
12147,114,6,-20.49
12148,116,2,-23.1
12150,118,-4,-22.71
12151,119,1,-22.32
12152,120,-1,-21.93
12153,121,-2,-19.56
12155,121,1,-19.19
12156,121,1,-18.82
12157,121,-3,-18.45
12158,122,1,-21.06
12160,123,8,-20.67
12161,124,5,-20.28
12162,125,7,-19.89
12163,127,9,-22.48
12165,129,31,-22.07
12166,131,29,-21.66
12167,133,14,-21.25
12168,135,13,-23.82
12170,136,4,-23.39
12171,136,4,-22.96
12172,136,0,-22.53
12173,135,-11,-20.14
12175,134,-33,-19.75
12176,133,-26,-19.36
12177,131,-23,-18.97
12178,130,0,-22.56
12180,130,24,-22.15
12181,129,22,-21.74
12182,129,16,-21.33
12183,130,14,-20.93
12185,130,10,-20.53
12186,131,2,-20.13
12187,131,-3,-19.73
12188,131,-32,-24.28
12190,131,-42,-23.83
12191,130,-28,-23.38
12192,130,-18,-22.93
12193,128,-3,-24.45
12195,126,16,-23.97
12196,124,24,-23.49
12197,121,23,-23.01
12198,119,20,-20.61
12200,117,15,-20.21
12201,116,15,-19.81
12202,115,-43,-25.35
12203,114,-26,-24.85
12205,114,-21,-24.35
12206,113,-10,-23.85
12207,112,29,-24.38
12208,111,22,-23.91
12210,108,20,-23.44
12211,106,18,-22.97
12212,103,10,-22.53
12213,99,-28,-26.05
12215,94,-23,-25.57
12216,89,-23,-25.09
12217,84,-20,-24.61
12218,78,-7,-26.14
12220,72,2,-25.67
12221,66,-1,-25.2
12222,60,8,-24.73
12223,54,28,-25.25
12225,48,32,-24.77
12226,42,23,-24.29
12227,36,22,-23.81
12228,28,21,-23.33
12230,21,8,-22.85
12231,12,13,-22.37
12232,4,1,-21.89
12233,-4,-21,-24.41
12235,-12,-27,-23.93
12236,-19,-21,-23.45
12237,-26,-12,-22.97
12238,-30,10,-24.52
12240,-33,30,-24.07
12241,-34,34,-23.62
12242,-34,27,-23.17
12243,-31,14,-27.68
12245,-25,13,-27.19
12246,-18,4,-26.7
12247,-9,-8,-26.21
12248,0,-25,-29.71
12250,9,-46,-29.21
12251,20,-32,-28.71
12252,30,-25,-28.21
12253,42,-23,-28.68
12255,56,-17,-28.15
12256,71,27,-27.62
12257,86,-20,-27.09
12258,103,25,-30.56
12260,121,18,-30.03
12261,140,-3,-29.5
12262,159,-38,-28.97
12263,181,-20,-27.43
12265,205,-23,-26.89
12266,230,-11,-26.35
12267,255,-5,-25.81
12268,279,-2,-29.28
12270,300,1,-28.75
12271,319,8,-28.22
12272,336,7,-27.69
12273,349,13,-28.18
12275,359,-1,-27.67
12276,365,13,-27.16
12277,369,10,-26.65
12278,370,13,-28.1
12280,368,16,-27.55
12281,363,14,-27
12282,357,14,-26.45
12283,347,13,-28.9
12285,336,9,-28.35
12286,323,7,-27.8
12287,308,7,-27.25
12288,292,10,-29.7
12290,274,7,-29.15
12291,255,11,-28.6
12292,236,13,-28.05
12293,217,5,-27.53
12295,197,5,-27.01
12296,178,-3,-26.49
12297,160,-7,-25.97
12298,142,6,-26.42
12300,127,21,-25.87
12301,112,-9,-25.32
12302,99,-13,-24.77
12303,87,-17,-27.23
12305,76,-26,-26.69
12306,67,-28,-26.15
12307,59,-31,-25.61
12308,51,-52,-27.05
12310,43,-79,-26.49
12311,36,-37,-25.93
12312,29,-30,-25.37
12313,23,10,-26.84
12315,18,36,-26.31
12316,13,58,-25.78
12317,9,55,-25.25
12318,6,46,-22.76
12320,4,37,-22.27
12321,3,30,-21.78
12322,2,-11,-28.22
12323,3,-17,-27.64
12325,5,-19,-27.06
12326,7,-9,-26.48
12327,8,24,-24.97
12328,10,15,-24.46
12330,11,9,-23.95
12331,13,10,-23.44
12332,14,-12,-22.94
12333,15,-45,-27.39
12335,16,-40,-26.84
12336,16,-26,-26.29
12337,17,-14,-25.74
12338,18,0,-28.2
12340,20,6,-27.66
12341,22,10,-27.12
12342,25,20,-26.58
12343,28,32,-27.05
12345,31,55,-26.52
12346,34,43,-25.99
12347,37,36,-25.46
12348,39,24,-25.93
12350,41,17,-25.4
12351,43,9,-24.87
12352,44,-1,-24.34
12353,44,-18,-26.78
12355,44,-45,-26.22
12356,44,-33,-25.66
12357,44,-24,-25.1
12358,43,1,-26.55
12360,44,22,-26
12361,44,19,-25.45
12362,44,13,-24.9
12363,45,15,-28.33
12365,46,9,-27.76
12366,46,8,-27.19
12367,47,-7,-26.62
12368,47,-12,-25.11
12370,47,-33,-24.6
12371,46,-18,-24.09
12372,45,-22,-23.58
12373,43,0,-27.07
12375,41,21,-26.56
12376,39,16,-26.05
12377,37,-20,-25.54
12378,35,-8,-27.02
12380,34,-29,-26.5
12381,33,-19,-25.98
12382,33,-24,-25.46
12383,33,-7,-29.93
12385,34,-1,-29.4
12386,35,-3,-28.87
12387,35,-1,-28.34
12388,36,3,-27.8
12390,36,-6,-27.26
12391,36,1,-26.72
12392,35,4,-26.18
12393,34,-4,-25.68
12395,34,-3,-26.17
12396,32,-4,-25.66
12397,31,-5,-25.15
12398,30,-4,-24.65
12400,28,-10,-28.11
12401,28,-4,-27.57
12402,27,1,-27.03
12403,27,-6,-26.51
12405,27,-8,-24.01
12406,27,-18,-23.51
12407,27,2,-23.01
12408,28,-2,-22.54
12410,27,13,-23.06
12411,26,7,-22.58
12412,24,10,-22.1
12413,22,9,-21.65
12415,20,15,-24.17
12416,18,10,-23.69
12417,15,14,-23.21
12418,12,9,-22.73
12420,10,38,-27.2
12421,9,25,-26.67
12422,8,25,-26.14
12423,7,16,-25.62
12425,7,10,-24.11
12426,6,6,-23.6
12427,6,4,-23.09
12428,6,-3,-22.61
12430,6,-40,-20.15
12431,5,-23,-19.69
12432,4,-25,-19.23
12433,2,-12,-18.79
12435,0,15,-21.32
12436,-1,22,-20.85
12437,-3,18,-20.38
12438,-5,16,-19.93
12440,-6,13,-19.48
12441,-7,4,-19.03
12442,-7,2,-18.58
12443,-7,-6,-18.11
12445,-7,-52,-24.57
12446,-6,-39,-24.03
12447,-5,-24,-23.56
12448,-4,-17,-23.09
12450,-3,24,-25.59
12451,-3,24,-25.09
12452,-3,20,-24.58
12453,-4,20,-24.07
12455,-4,13,-23.56
12456,-5,0,-23.05
12457,-5,-51,-23.53
12458,-5,-43,-23.06
12460,-4,-24,-22.59
12461,-4,-16,-22.12
12462,-3,34,-22.64
12463,-1,33,-22.19
12465,0,29,-21.74
12466,0,30,-21.29
12467,2,2,-20.84
12468,3,-32,-26.34
12470,3,-24,-25.84
12471,3,-20,-25.34
12472,2,-10,-24.84
12473,1,0,-24.35
12475,0,-4,-22.87
12476,-2,0,-22.39
12477,-4,4,-21.91
12478,-6,-6,-21.46
12480,-7,35,-20.02
12481,-8,31,-19.58
12482,-9,25,-19.14
12483,-9,20,-18.72
12485,-8,18,-17.31
12486,-8,8,-16.9
12487,-7,5,-16.49
12488,-6,-1,-16.12
12490,-5,-39,-17.73
12491,-5,-27,-17.34
12492,-5,-21,-16.95
12493,-5,-17,-16.55
12495,-6,28,-15.16
12496,-6,22,-14.77
12497,-7,19,-14.38
12498,-8,23,-14.03
12500,-8,12,-10.71
12501,-7,12,-10.39
12502,-6,-38,-10.07
12503,-3,-35,-4.82
12505,-1,-22,-4.57
12506,1,-10,-4.32
12507,5,-10,-4.07
12508,8,-2,0.09
12510,11,0,0.25
12511,14,7,0.41
12512,16,10,0.57
12513,18,2,5.68
12515,20,8,5.79
12516,22,8,5.9
12517,23,3,6.01
12518,25,6,6.12
12520,27,8,7.21
12521,29,9,7.3
12522,32,12,7.39
12523,35,5,7.48
12525,39,1,15.45
12526,43,8,15.42
12527,47,4,15.39
12528,51,-2,15.36
12530,55,0,26.24
12531,58,12,26.12
12532,60,7,26
12533,62,2,25.88
12535,64,3,32.68
12536,66,1,32.48
12537,67,1,32.28
12538,68,1,32.08
12540,69,39,40.76
12541,71,33,40.44
12542,74,24,40.12
12543,76,21,39.8
12545,79,9,49.33
12546,83,-4,48.86
12547,86,-7,48.39
12548,89,-15,47.92
12550,92,-49,54.39
12551,95,-33,53.86
12552,97,-33,53.33
12553,98,-27,52.8
12555,99,12,63.18
12556,100,8,62.56
12557,101,8,61.94
12558,101,9,61.32
12560,101,1,70.57
12561,102,0,69.82
12562,103,-5,69.07
12563,105,-18,68.32
12565,106,-100,78.46
12566,107,-82,77.6
12567,109,-66,76.74
12568,110,-48,75.88
12570,111,55,84.85
12571,111,69,83.82
12572,110,101,82.79
12573,109,112,93.64
12575,108,89,92.46
12576,106,13,94.25
12577,105,-10,93.04
12578,105,-26,91.83
12580,104,-33,90.62
12581,104,-33,89.41
12582,104,-2,99.08
12583,104,0,97.75
12585,104,-1,96.42
12586,104,-6,95.09
12587,105,-16,93.75
12588,104,-60,101.32
12590,104,-58,99.89
12591,103,-48,98.46
12592,101,-28,97.03
12593,99,-19,95.54
12595,97,-15,102.96
12596,95,-9,101.38
12597,93,-3,99.8
12598,91,-14,98.22
12600,89,56,108.53
12601,88,50,106.84
12602,87,47,105.15
12603,87,42,103.46
12605,87,37,110.69
12606,87,28,108.92
12607,88,22,107.15
12608,89,9,105.38
12610,90,-13,112.53
12611,90,-11,110.68
12612,89,-2,108.83
12613,89,-13,106.98
12615,88,40,113.03
12616,87,4,111.08
12617,87,44,109.13
12618,86,44,107.18
12620,86,33,109.2
12621,87,24,107.22
12622,88,18,105.24
12623,90,-1,103.26
12625,92,-36,110.22
12626,94,-32,108.18
12627,96,-30,106.14
12628,98,-22,109.1
12630,99,-19,107.06
12631,100,-11,105.02
12632,100,-6,102.98
12633,100,41,100.98
12635,99,27,105.91
12636,98,-20,103.84
12637,97,-21,101.77
12638,97,-16,100.74
12640,97,-15,98.71
12641,97,-17,96.68
12642,98,-10,94.65
12643,99,-9,92.62
12645,100,-2,95.55
12646,102,2,93.48
12647,103,2,91.41
12648,105,-1,89.34
12650,107,3,94.28
12651,107,-1,92.22
12652,108,-5,90.16
12653,108,-10,88.1
12655,108,-4,86.15
12656,107,-1,84.2
12657,107,-3,82.25
12658,106,-5,80.3
12660,106,-6,80.4
12661,107,-7,78.5
12662,108,1,76.6
12663,110,32,74.7
12665,112,27,74.87
12666,114,21,73.04
12667,117,20,71.21
12668,120,12,69.38
12670,122,-21,64.68
12671,124,-24,62.98
12672,125,-18,61.28
12673,125,-14,59.58
12675,126,25,58.94
12676,126,23,57.3
12677,126,25,55.66
12678,126,21,54.02
12680,126,17,51.5
12681,126,11,49.98
12682,127,3,48.46
12683,127,-7,46.94
12685,128,-32,48.49
12686,129,-34,47.04
12687,129,-19,45.59
12688,130,-21,44.14
12690,129,27,40.82
12691,127,19,39.5
12692,125,8,38.18
12693,122,12,34.88
12695,118,4,33.68
12696,113,2,32.48
12697,108,-24,32.27
12698,102,-43,31.18
12700,96,-17,30.09
12701,89,-17,29.03
12702,82,13,25.99
12703,74,26,24.95
12705,66,23,23.91
12706,58,22,22.87
12707,50,15,21.94
12708,41,4,17.05
12710,32,1,16.16
12711,23,0,15.27
12712,14,-3,14.38
12713,4,2,13.58
12715,-3,-40,14.76
12716,-10,-31,13.94
12717,-17,-19,13.12
12718,-23,-17,12.3
12720,-25,22,9.59
12721,-25,18,8.88
12722,-23,17,8.17
12723,-18,18,7.46
12725,-10,14,6.87
12726,0,9,6.28
12727,12,-28,5.69
12728,26,-30,5.1
12730,41,-23,3.61
12731,58,-15,3.12
12732,76,-8,2.63
12733,93,-11,2.14
12735,114,36,1.74
12736,135,33,1.34
12737,158,24,0.94
12738,181,17,0.54
12740,208,13,-2.75
12741,236,10,-3.04
12742,265,3,-3.33
12743,296,1,-3.62
12745,325,-37,-1.89
12746,353,-24,-2.16
12747,380,-21,-2.43
12748,405,-18,-2.7
12750,426,22,-2.88
12751,443,22,-3.06
12752,457,-16,-3.24
12753,468,35,-3.37
12755,474,-11,-4.49
12756,476,1,-4.61
12757,475,1,-4.73
12758,471,-3,-4.85
12760,464,0,-1.93
12761,454,5,-2.01
12762,441,3,-2.09
12763,427,9,-2.16
12765,411,5,-4.21
12766,393,-3,-4.26
12767,374,-1,-4.31
12768,354,-6,-4.36
12770,334,0,-8.32
12771,312,0,-8.28
12772,289,0,-8.24
12773,267,4,-8.2
12775,245,8,-7.1
12776,223,7,-7
12777,201,5,-6.9
12778,181,2,-6.8
12780,162,-3,-4.72
12781,145,-5,-4.64
12782,129,-5,-4.56
12783,116,-9,-4.48
12785,104,-10,-4.38
12786,93,-14,-4.28
12787,84,-27,-4.18
12788,76,-48,-4.08
12790,69,-65,-6.93
12791,62,-75,-6.78
12792,56,-74,-6.63
12793,50,-70,-6.48
12795,45,-7,-9.33
12796,41,1,-9.18
12797,37,20,-9.03
12798,34,25,-8.88
12800,32,38,-6.74
12801,31,54,-6.6
12802,31,57,-6.46
12803,32,56,-6.32
12805,34,2,-8.17
12806,36,26,-8.02
12807,39,31,-7.87
12808,42,37,-7.72
12810,45,69,-8.53
12811,47,70,-8.34
12812,49,62,-8.15
12813,50,58,-7.96
12815,51,46,-10.76
12816,52,37,-10.56
12817,53,24,-10.36
12818,54,20,-10.18
12820,55,-53,-12.97
12821,56,-45,-12.76
12822,58,-30,-12.54
12823,60,-26,-12.32
12825,61,40,-6.16
12826,63,28,-6
12827,64,30,-5.86
12828,65,25,-8.69
12830,64,2,-8.52
12831,64,-41,-11.32
12832,63,-64,-11.12
12833,61,-65,-10.96
12835,59,-47,-10.8
12836,57,-34,-10.64
12837,55,2,-12.46
12838,54,15,-12.28
12840,53,15,-12.08
12841,52,15,-11.88
12842,51,7,-11.68
12843,51,-35,-11.48
12845,51,-33,-11.3
12846,52,-24,-11.12
12847,52,-18,-10.94
12848,53,-17,-10.76
12850,54,-13,-14.54
12851,54,-11,-14.32
12852,53,-10,-14.1
12853,53,-15,-13.88
12855,52,28,-15.65
12856,51,28,-15.42
12857,50,23,-15.19
12858,49,18,-14.96
12860,49,15,-12.75
12861,49,12,-12.54
12862,50,3,-12.33
12863,51,-1,-12.12
12865,52,-48,-14.91
12866,53,-40,-14.7
12867,54,-33,-14.49
12868,55,-25,-14.28
12870,56,24,-16.03
12871,55,24,-15.78
12872,55,23,-15.53
12873,54,27,-15.28
12875,52,20,-15.03
12876,50,11,-14.78
12877,48,-51,-14.53
12878,46,-45,-14.28
12880,45,-39,-13.05
12881,43,-20,-12.82
12882,42,-11,-12.59
12883,42,-6,-12.36
12885,42,9,-17.05
12886,41,10,-16.74
12887,41,10,-16.43
12888,41,7,-16.12
12890,41,13,-15.83
12891,39,14,-15.54
12892,38,1,-15.25
12893,36,10,-14.96
12895,34,12,-16.69
12896,32,7,-16.42
12897,30,6,-16.15
12898,27,1,-15.88
12900,26,-4,-17.58
12901,24,-2,-17.28
12902,23,-1,-16.98
12903,22,3,-16.68
12905,22,5,-18.34
12906,22,-2,-18
12907,22,-2,-17.66
12908,22,-6,-17.32
12910,22,0,-14.01
12911,21,3,-13.7
12912,19,-4,-13.39
12913,18,-6,-13.08
12915,16,37,-18.74
12916,15,28,-18.4
12917,13,19,-18.06
12918,12,14,-17.72
12920,11,14,-20.38
12921,10,7,-20.04
12922,11,3,-19.7
12923,11,-2,-19.36
12925,12,-49,-18.01
12926,14,-34,-17.66
12927,16,-27,-17.31
12928,18,-14,-16.96
12930,19,28,-19.6
12931,21,26,-19.24
12932,21,24,-18.88
12933,22,26,-18.52
12935,23,17,-21.14
12936,23,15,-20.76
12937,23,4,-20.38
12938,24,4,-20
12940,24,-30,-22.62
12941,26,-28,-22.24
12942,27,-17,-21.86
12943,29,-16,-21.48
12945,32,20,-23.11
12946,34,-4,-22.74
12947,36,23,-22.37
12948,38,23,-22
12950,39,17,-23.55
12951,40,17,-23.1
12952,39,4,-22.65
12953,39,2,-22.23
12955,38,-37,-24.78
12956,37,-31,-24.36
12957,36,-22,-23.94
12958,36,-9,-23.52
12960,35,25,-22.11
12961,35,14,-21.7
12962,35,16,-21.31
12963,36,14,-20.92
12965,37,9,-20.53
12966,38,5,-20.14
12967,38,-48,-24.7
12968,37,-36,-24.26
12970,36,-26,-23.82
12971,35,-23,-23.38
12972,33,13,-23.93
12973,32,30,-23.48
12975,30,26,-23.07
12976,28,29,-22.66
12977,27,19,-22.25
12978,25,13,-21.84
12980,24,8,-22.44
12981,24,1,-22.04
12982,25,-1,-21.64
12983,26,0,-21.24
12985,27,-48,-24.78
12986,29,-48,-24.32
12987,31,-18,-23.86
12988,33,-24,-23.4
12990,35,29,-27.92
12991,37,26,-27.44
12992,39,26,-26.96
12993,41,26,-26.48
12995,42,16,-27.01
12996,44,11,-26.54
12997,45,3,-26.07
12998,47,0,-25.6
13000,49,-55,-27.11
13001,52,-40,-26.62
13002,56,-27,-26.13
13003,59,-24,-31.58
13005,63,-22,-31.02
13006,68,36,-30.46
13007,72,1,-29.9
13008,76,41,-29.34
13010,80,30,-27.84
13011,84,26,-27.34
13012,86,-38,-26.84
13013,89,-42,-26.34
13015,90,-46,-29.8
13016,92,-42,-29.26
13017,93,-38,-28.72
13018,94,-29,-28.18
13020,95,-22,-29.64
13021,97,2,-29.1
13022,100,24,-28.56
13023,102,41,-28.02
13025,105,61,-30.47
13026,108,57,-29.92
13027,111,58,-29.37
13028,113,44,-28.82
13030,115,47,-30.27
13031,117,25,-29.72
13032,118,9,-29.17
13033,118,-11,-28.62
13035,119,-24,-31.01
13036,119,-18,-30.4
13037,119,-16,-29.79
13038,118,-32,-29.18
13040,119,-15,-30.61
13041,119,-5,-30.04
13042,120,-5,-29.47
13043,121,1,-28.9
13045,122,3,-29.35
13046,122,3,-28.8
13047,123,7,-28.25
13048,124,-10,-27.7
13050,124,32,-24.17
13051,124,24,-23.64
13052,123,8,-23.11
13053,121,6,-22.58
13055,120,5,-25.05
13056,118,0,-24.52
13057,116,0,-23.99
13058,113,-6,-23.46
13060,112,-55,-19.99
13061,110,-44,-19.52
13062,109,-24,-19.05
13063,108,-13,-18.58
13065,108,26,-21.11
13066,108,28,-20.64
13067,108,27,-20.17
13068,107,26,-16.73
13070,106,19,-16.31
13071,105,12,-15.89
13072,104,-44,-18.44
13073,102,-41,-17.99
13075,101,-28,-17.56
13076,99,-13,-17.13
13077,98,21,-18.68
13078,97,26,-18.23
13080,97,26,-17.81
13081,97,32,-17.39
13082,98,18,-16.97
13083,99,12,-11.6
13085,100,7,-11.22
13086,101,1,-10.84
13087,102,-3,-10.46
13088,104,-43,-10.08
13090,105,-20,-11.68
13091,105,-20,-11.28
13092,105,-13,-10.93
13093,105,-18,-10.58
13095,105,31,-13.2
13096,104,29,-12.82
13097,103,21,-12.45
13098,103,15,-12.08
13100,103,16,-12.7
13101,103,10,-12.32
13102,104,8,-11.94
13103,106,2,-11.56
13105,108,-24,-14.16
13106,110,-25,-13.76
13107,112,-19,-13.36
13108,115,-13,-12.96
13110,117,22,-15.57
13111,119,31,-15.18
13112,121,22,-14.79
13113,122,23,-14.4
13115,123,20,-14.06
13116,124,13,-13.72
13117,125,6,-13.38
13118,125,5,-13.04
13120,126,-31,-15.68
13121,128,-19,-15.32
13122,130,-15,-14.96
13123,132,-12,-14.6
13125,133,31,-13.27
13126,135,29,-12.94
13127,137,-26,-12.61
13128,138,31,-12.34
13130,139,-27,-15.04
13131,139,-14,-14.74
13132,139,-12,-14.44
13133,138,-15,-14.14
13135,136,-2,-17.79
13136,135,1,-17.44
13137,132,-1,-17.09
13138,130,5,-16.74
13140,128,0,-17.42
13141,126,-9,-17.1
13142,125,3,-16.78
13143,124,0,-16.46
13145,123,-1,-18.14
13146,123,2,-17.82
13147,122,0,-17.5
13148,121,0,-17.18
13150,120,1,-20.85
13151,118,0,-20.52
13152,115,-1,-20.19
13153,113,-6,-19.86
13155,110,-3,-23.51
13156,107,-11,-23.16
13157,104,0,-22.81
13158,101,-8,-22.46
13160,99,-6,-23.13
13161,97,-3,-22.8
13162,96,-3,-22.47
13163,96,-2,-22.14
13165,95,-1,-23.81
13166,96,1,-23.48
13167,96,-5,-23.15
13168,97,-9,-22.82
13170,98,31,-26.46
13171,98,26,-26.1
13172,97,19,-25.74
13173,97,10,-25.38
13175,96,8,-25.98
13176,95,2,-25.58
13177,94,-2,-25.18
13178,93,-5,-24.78
13180,93,-57,-25.4
13181,93,-36,-25.02
13182,93,-27,-24.64
13183,94,-25,-24.26
13185,95,30,-30.78
13186,97,27,-30.3
13187,98,25,-29.82
13188,99,26,-29.34
13190,100,15,-30.87
13191,99,11,-30.4
13192,99,7,-29.93
13193,98,0,-29.43
13195,97,-42,-31.9
13196,95,-37,-31.37
13197,93,-25,-30.87
13198,91,-31,-30.37
13200,90,19,-33.83
13201,89,26,-33.29
13202,88,26,-32.77
13203,87,26,-32.25
13205,87,21,-31.73
13206,86,16,-31.21
13207,85,-34,-33.66
13208,84,-28,-33.06
13210,82,-22,-32.46
13211,79,-19,-31.86
13212,76,19,-31.26
13213,74,25,-30.66
13215,71,26,-30.08
13216,68,17,-29.5
13217,65,21,-28.92
13218,62,-26,-33.29
13220,61,-16,-32.69
13221,59,-11,-32.09
13222,58,-6,-31.49
13223,58,-2,-30.89
13225,58,2,-30.3
13226,58,1,-29.71
13227,58,13,-29.12
13228,58,7,-28.53
13230,58,35,-32.92
13231,58,34,-32.31
13232,58,22,-31.7
13233,57,14,-31.09
13235,56,9,-32.49
13236,55,3,-31.89
13237,54,-6,-31.29
13238,53,-4,-30.69
13240,53,-37,-29.1
13241,53,-26,-28.51
13242,54,-19,-27.92
13243,55,-15,-27.33
13245,56,23,-33.7
13246,58,20,-33.07
13247,59,15,-32.44
13248,61,14,-31.81
13250,62,8,-31.17
13251,63,3,-30.53
13252,64,-37,-29.89
13253,64,-31,-29.25
13255,65,-34,-28.64
13256,65,-18,-28.03
13257,65,-11,-27.42
13258,66,0,-26.81
13260,67,-6,-28.22
13261,68,0,-27.63
13262,70,5,-27.04
13263,72,1,-26.45
13265,74,5,-29.83
13266,76,7,-29.21
13267,79,2,-28.59
13268,82,1,-27.97
13270,84,-3,-28.36
13271,86,5,-27.75
13272,88,4,-27.14
13273,89,-2,-26.53
13275,90,3,-29.92
13276,92,4,-29.31
13277,93,-7,-28.7
13278,94,0,-28.09
13280,96,1,-26.53
13281,98,-3,-25.97
13282,101,6,-25.41
13283,104,2,-24.85
13285,107,3,-25.29
13286,111,-1,-24.73
13287,114,-1,-24.17
13288,118,-1,-23.61
13290,121,35,-25.05
13291,123,22,-24.49
13292,125,32,-23.93
13293,126,22,-23.37
13295,127,14,-25.82
13296,128,7,-25.27
13297,129,2,-24.72
13298,130,-3,-24.17
13300,131,-40,-24.62
13301,133,-32,-24.07
13302,135,-20,-23.52
13303,137,-16,-22.97
13305,139,27,-25.4
13306,141,24,-24.83
13307,143,21,-24.26
13308,145,20,-23.69
13310,146,10,-22.2
13311,147,14,-21.71
13312,146,0,-21.22
13313,145,-7,-20.73
13315,144,-35,-25.21
13316,143,-26,-24.69
13317,141,-25,-24.17
13318,140,-14,-23.65
13320,138,13,-23.16
13321,137,20,-22.67
13322,136,20,-22.18
13323,135,19,-25.65
13325,133,22,-25.16
13326,132,3,-24.67
13327,130,-29,-27.15
13328,126,-40,-26.63
13330,123,-23,-26.11
13331,118,-17,-25.59
13332,114,19,-26.09
13333,109,21,-25.59
13335,104,22,-25.09
13336,100,23,-24.59
13337,95,17,-24.09
13338,91,-27,-23.59
13340,88,-21,-23.09
13341,86,-21,-22.59
13342,84,-11,-22.09
13343,83,-7,-21.64
13345,82,-1,-27.13
13346,82,-3,-26.62
13347,82,6,-26.11
13348,82,1,-25.6
13350,82,42,-25.09
13351,81,33,-24.58
13352,80,20,-24.07
13353,78,23,-23.56
13355,76,15,-28.05
13356,75,8,-27.54
13357,73,2,-27.03
13358,71,-7,-26.52
13360,69,-42,-26.03
13361,69,-28,-25.54
13362,69,-28,-25.05
13363,69,-27,-24.56
13365,70,24,-30
13366,71,20,-29.44
13367,72,17,-28.88
13368,73,14,-28.32
13370,74,10,-26.84
13371,74,2,-26.36
13372,73,2,-25.88
13373,73,-7,-25.4
13375,72,-44,-24.92
13376,70,-38,-24.44
13377,69,-18,-23.96
13378,68,-22,-23.48
13380,67,-7,-28.94
13381,67,39,-28.4
13382,67,32,-27.86
13383,68,29,-27.32
13385,68,21,-30.76
13386,70,17,-30.2
13387,71,-30,-29.64
13388,73,-28,-29.08
13390,74,-20,-28.56
13391,74,-22,-28.04
13392,75,-10,-27.52
13393,75,-8,-27
13395,75,-4,-29.46
13396,75,0,-28.92
13397,75,3,-28.38
13398,74,-9,-27.84
13400,74,-5,-29.32
13401,75,-9,-28.8
13402,76,-2,-28.28
13403,77,-7,-27.76
13405,78,5,-27.23
13406,79,10,-26.7
13407,80,12,-26.17
13408,81,9,-25.64
13410,82,12,-29.08
13411,83,3,-28.52
13412,83,12,-27.96
13413,83,-2,-27.4
13415,83,1,-26.86
13416,82,0,-26.32
13417,81,0,-25.78
13418,80,5,-25.24
13420,80,2,-28.69
13421,80,-4,-28.14
13422,81,4,-27.59
13423,81,4,-27.04
13425,82,32,-23.53
13426,83,23,-23.02
13427,84,20,-22.51
13428,85,8,-22
13430,85,5,-25.48
13431,85,5,-24.96
13432,83,5,-24.44
13433,81,0,-23.92
13435,77,-36,-26.36
13436,73,-26,-25.8
13437,69,-20,-25.24
13438,63,-16,-24.68
13440,58,24,-28.13
13441,51,22,-27.58
13442,45,12,-27.03
13443,39,15,-27.47
13445,34,9,-26.91
13446,28,7,-26.35
13447,23,-34,-26.78
13448,19,-28,-26.25
13450,16,-27,-25.72
13451,13,-11,-25.19
13452,10,-1,-24.69
13453,10,28,-24.19
13455,11,23,-23.69
13456,14,36,-23.19
13457,18,17,-22.7
13458,25,-20,-28.15
13460,36,-14,-27.6
13461,48,-17,-27.05
13462,63,-20,-26.5
13463,79,-8,-25.95
13465,96,-8,-26.39
13466,114,0,-25.83
13467,133,-1,-25.27
13468,151,-5,-24.71
13470,171,30,-28.17
13471,190,24,-27.63
13472,210,19,-27.09
13473,229,16,-26.55
13475,249,8,-27
13476,269,4,-26.45
13477,289,0,-25.9
13478,309,-4,-25.35
13480,330,-33,-24.85
13481,352,-32,-24.35
13482,373,-26,-23.85
13483,395,-24,-23.35
13485,414,21,-23.84
13486,431,21,-23.33
13487,446,21,-22.82
13488,458,21,-22.31
13490,466,22,-25.82
13491,470,14,-25.33
13492,471,13,-24.84
13493,468,5,-24.35
13495,461,-20,-24.84
13496,451,-11,-24.33
13497,437,0,-23.82
13498,422,-4,-23.31
13500,404,40,-26.76
13501,384,-2,-26.21
13502,363,44,-25.66
13503,342,32,-25.11
13505,319,-14,-23.63
13506,296,-19,-23.15
13507,273,-20,-22.67
13508,251,-23,-22.19
13510,227,-25,-22.74
13511,204,-37,-22.29
13512,181,-45,-21.84
13513,158,-48,-21.39
13515,137,-57,-23.91
13516,116,-49,-23.43
13517,96,-50,-22.95
13518,78,-29,-22.47
13520,61,-24,-23.01
13521,46,-6,-22.55
13522,33,17,-22.09
13523,21,28,-21.63
13525,11,48,-22.18
13526,2,61,-21.73
13527,-5,62,-21.28
13528,-11,53,-20.83
13530,-17,38,-23.35
13531,-22,33,-22.87
13532,-27,23,-22.39
13533,-32,7,-21.91
13535,-35,10,-23.45
13536,-39,-4,-22.99
13537,-42,-8,-22.53
13538,-44,-12,-22.07
13540,-45,-17,-22.6
13541,-46,-18,-22.13
13542,-46,-18,-21.66
13543,-44,-22,-21.19
13545,-43,17,-24.72
13546,-41,14,-24.25
13547,-38,13,-23.78
13548,-36,11,-23.31
13550,-33,9,-19.84
13551,-31,5,-19.37
13552,-29,2,-18.9
13553,-27,-3,-18.43
13555,-26,-68,-23.94
13556,-24,-54,-23.45
13557,-22,-39,-22.96
13558,-20,-20,-22.47
13560,-18,32,-22.01
13561,-15,31,-21.55
13562,-12,28,-21.09
13563,-8,32,-20.63
13565,-5,27,-22.19
13566,-1,15,-21.75
13567,1,12,-21.31
13568,5,3,-20.88
13570,8,-41,-23.42
13571,10,-31,-22.96
13572,11,-17,-22.51
13573,12,-12,-22.06
13575,12,14,-22.6
13576,11,27,-22.14
13577,10,28,-21.68
13578,10,23,-26.17
13580,9,18,-25.66
13581,9,11,-25.15
13582,9,-32,-24.64
13583,10,-38,-24.19
13585,10,-21,-23.74
13586,10,-20,-23.29
13587,10,-8,-22.84
13588,10,30,-24.37
13590,10,27,-23.91
13591,9,26,-23.45
13592,8,19,-22.99
13593,7,12,-22.53
13595,6,8,-22.11
13596,6,4,-21.69
13597,5,0,-21.27
13598,4,-1,-20.85
13600,5,-48,-25.39
13601,5,-28,-24.93
13602,7,-24,-24.47
13603,9,-29,-24.01
13605,11,26,-26.52
13606,13,25,-26.03
13607,15,24,-25.54
13608,17,24,-25.05
13610,18,18,-25.56
13611,19,12,-25.07
13612,19,-49,-24.58
13613,19,-38,-24.09
13615,18,-27,-24.63
13616,17,-9,-24.17
13617,15,-2,-23.71
13618,13,8,-23.25
13620,12,48,-28.74
13621,11,40,-28.23
13622,10,33,-27.72
13623,10,20,-27.21
13625,9,13,-25.75
13626,9,7,-25.29
13627,9,-34,-24.83
13628,10,-32,-24.37
13630,9,-23,-28.85
13631,8,-12,-28.33
13632,7,-5,-27.81
13633,5,-8,-27.29
13635,3,-8,-24.8
13636,1,-24,-24.31
13637,-1,-12,-23.82
13638,-4,-4,-23.33
13640,-5,-4,-27.82
13641,-7,-9,-27.31
13642,-8,-2,-26.8
13643,-8,0,-26.29
13645,-8,-5,-21.83
13646,-8,8,-21.37
13647,-8,2,-20.91
13648,-8,10,-20.45
13650,-9,-1,-27.92
13651,-9,-3,-27.39
13652,-10,5,-26.86
13653,-11,12,-26.33
13655,-12,8,-24.84
13656,-14,-3,-24.35
13657,-15,2,-23.86
13658,-16,4,-23.37
13660,-17,3,-26.86
13661,-17,3,-26.35
13662,-17,-3,-25.84
13663,-16,-10,-25.33
13665,-14,34,-23.84
13666,-13,27,-23.35
13667,-11,22,-22.86
13668,-9,18,-22.37
13670,-8,13,-24.89
13671,-7,9,-24.41
13672,-7,5,-23.93
13673,-8,-3,-23.45
13675,-8,-60,-22.94
13676,-9,-42,-22.43
13677,-10,-23,-21.92
13678,-10,-20,-21.41
13680,-11,31,-21.95
13681,-11,29,-21.49
13682,-11,29,-21.03
13683,-10,28,-20.57
13685,-10,21,-21.1
13686,-9,12,-20.63
13687,-9,6,-20.16
13688,-8,0,-19.69
13690,-8,-45,-17.26
13691,-9,-28,-16.83
13692,-10,-21,-16.4
13693,-11,-19,-15.97
13695,-12,26,-14.58
13696,-14,22,-14.19
13697,-15,21,-13.8
13698,-15,22,-15.39
13700,-15,18,-14.99
13701,-14,12,-14.59
13702,-13,-34,-8.25
13703,-12,-37,-7.96
13705,-11,-14,-7.67
13706,-10,-15,-7.38
13707,-8,-11,-7.09
13708,-7,27,-6.8
13710,-7,36,-6.51
13711,-7,23,-6.22
13712,-7,20,-5.93
13713,-7,-28,1.27
13715,-8,-24,1.47
13716,-8,-15,1.67
13717,-8,-13,1.87
13718,-9,-7,2.07
13720,-9,-2,5.24
13721,-8,4,5.41
13722,-7,7,5.58
13723,-5,0,5.75
13725,-3,41,10.82
13726,-1,30,10.89
13727,0,26,10.96
13728,3,22,11.03
13730,5,14,20.97
13731,6,13,20.91
13732,8,5,20.85
13733,9,2,20.79
13735,10,-38,27.65
13736,11,-26,27.51
13737,12,-16,27.37
13738,13,-14,27.23
13740,15,29,35
13741,18,29,34.77
13742,20,28,34.54
13743,23,23,34.31
13745,27,19,46.89
13746,30,14,46.47
13747,34,6,46.05
13748,38,-2,45.63
13750,41,-36,51.16
13751,44,-29,50.69
13752,46,-24,50.22
13753,47,-21,49.75
13755,49,-16,63.09
13756,50,31,62.43
13757,52,26,61.77
13758,53,26,61.11
13760,55,9,73.34
13761,57,0,72.57
13762,59,-33,71.8
13763,62,-43,71.03
13765,65,-50,79.12
13766,67,-40,78.21
13767,70,-32,77.3
13768,72,-32,76.39
13770,74,-34,85.42
13771,74,-36,84.45
13772,74,-29,83.48
13773,74,-22,82.51
13775,73,-12,94.33
13776,72,6,93.15
13777,70,35,91.97
13778,69,57,90.79
13780,68,61,99.52
13781,68,49,98.25
13782,69,39,96.98
13783,69,27,95.71
13785,71,12,106.28
13786,72,-3,104.85
13787,74,-13,103.42
13788,75,-32,101.99
13790,76,-34,114.43
13791,77,-46,112.87
13792,77,-46,111.31
13793,77,-39,109.75
13795,77,-27,117.07
13796,77,-17,115.39
13797,77,-9,113.71
13798,77,5,112.03
13800,77,68,123.22
13801,79,59,121.41
13802,80,44,119.6
13803,82,41,117.79
13805,84,29,120.92
13806,87,18,119.05
13807,89,6,117.18
13808,91,4,115.31
13810,93,-55,129.27
13811,94,-38,127.23
13812,95,-15,125.19
13813,96,-11,123.15
13815,96,38,127.07
13816,96,44,124.99
13817,97,45,122.91
13818,97,40,120.83
13820,97,32,127.67
13821,98,21,125.51
13822,99,13,123.35
13823,101,6,121.17
13825,103,-38,134.83
13826,105,-23,132.49
13827,107,-19,130.21
13828,110,-22,127.93
13830,111,23,131.59
13831,113,16,129.25
13832,113,7,126.91
13833,114,14,129.52
13835,115,3,127.13
13836,115,4,124.74
13837,116,-44,132.25
13838,118,-26,129.83
13840,119,-19,127.41
13841,121,-17,124.99
13842,123,-16,122.57
13843,125,29,129.06
13845,127,21,126.58
13846,128,19,124.1
13847,130,20,121.62
13848,130,17,124.09
13850,130,16,121.61
13851,130,8,119.13
13852,129,-5,116.65
13853,127,-1,114.17
13855,126,-32,116.74
13856,124,-19,114.31
13857,123,-24,111.88
13858,122,-14,109.45
13860,121,35,111.05
13861,121,25,108.65
13862,122,25,106.25
13863,122,19,103.85
13865,123,14,106.48
13866,124,7,104.11
13867,125,-5,101.74
13868,126,-8,99.37
13870,126,-38,103.07
13871,126,-26,100.77
13872,125,-25,98.47
13873,124,14,96.17
13875,122,19,94.92
13876,120,17,92.67
13877,119,-23,90.42
13878,117,19,88.17
13880,116,-24,90.02
13881,115,-13,87.87
13882,114,-18,85.72
13883,114,-10,83.57
13885,114,-7,81.55
13886,113,4,79.53
13887,113,-4,77.51
13888,113,5,75.49
13890,112,-2,75.54
13891,111,-11,73.59
13892,109,1,71.64
13893,107,0,69.69
13895,105,8,67.84
13896,103,2,65.99
13897,101,1,64.14
13898,99,-5,62.29
13900,98,-1,59.58
13901,97,0,57.87
13902,97,1,56.16
13903,98,-8,54.45
13905,98,-4,53.83
13906,99,-4,52.21
13907,99,8,50.59
13908,100,1,48.97
13910,100,7,49.45
13911,99,-1,47.93
13912,98,-1,46.41
13913,97,5,44.89
13915,96,3,43.51
13916,94,-2,42.13
13917,92,4,40.75
13918,91,-6,39.37
13920,90,36,40.06
13921,90,25,38.75
13922,90,18,37.44
13923,91,7,36.13
13925,92,4,34.95
13926,93,0,33.77
13927,95,1,32.59
13928,96,-1,31.41
13930,97,-38,27.31
13931,97,-21,26.21
13932,97,-15,25.11
13933,96,-10,24.01
13935,96,26,25.05
13936,95,24,24.09
13937,95,20,23.13
13938,95,22,22.17
13940,95,12,18.3
13941,96,8,17.43
13942,98,5,16.56
13943,100,-2,15.69
13945,102,-32,13.92
13946,105,-33,13.15
13947,107,-19,12.38
13948,110,-6,11.61
13950,111,23,14.96
13951,113,15,14.31
13952,114,11,13.66
13953,115,14,12.02
13955,115,5,11.44
13956,116,-10,10.86
13957,118,-33,7.31
13958,120,-31,6.81
13960,122,-16,6.31
13961,125,-18,5.81
13962,128,-17,5.41
13963,131,23,6
13965,134,23,5.59
13966,137,29,5.18
13967,140,15,4.77
13968,142,-41,4.45
13970,144,-33,8.09
13971,146,-22,7.73
13972,147,-15,7.37
13973,147,-9,7.06
13975,148,0,-0.18
13976,148,8,-0.42
13977,148,3,-0.66
13978,149,-5,-0.9
13980,149,40,-1.09
13981,151,31,-1.28
13982,152,28,-1.47
13983,154,22,-1.66
13985,156,10,2.15
13986,157,9,1.96
13987,159,4,1.77
13988,160,-1,1.58
13990,161,-40,2.43
13991,161,-24,2.28
13992,161,-15,2.13
13993,160,21,1.98
13995,159,21,-0.09
13996,157,22,-0.16
13997,156,20,-0.23
13998,154,20,-0.3
14000,152,6,-0.36
14001,150,9,-0.42
14002,148,-29,-0.48
14003,146,-32,-0.54
14005,144,-20,3.4
14006,140,-8,3.34
14007,136,-7,3.28
14008,131,-3,3.22
14010,125,-1,4.15
14011,118,3,4.08
14012,111,9,4.01
14013,103,0,3.94
14015,94,2,-1.06
14016,84,3,-1.06
14017,75,2,-1.06
14018,65,2,-1.06
14020,56,-3,-3.04
14021,49,1,-3.02
14022,42,3,-3
14023,36,-6,-2.98
14025,32,4,-2.97
14026,29,-3,-2.96
14027,27,2,-2.95
14028,26,0,-2.94
14030,28,-13,-0.94
14031,31,-5,-0.94
14032,36,0,-0.94
14033,42,-3,-0.94
14035,49,-2,-3.89
14036,58,1,-3.84
14037,67,-4,-3.79
14038,77,-2,-3.74
14040,89,3,-2.7
14041,102,29,-2.66
14042,117,24,-2.62
14043,132,20,-2.58
14045,149,10,-4.5
14046,165,9,-4.42
14047,182,9,-4.34
14048,199,-1,-4.26
14050,217,-46,-5.17
14051,236,-29,-5.08
14052,255,-16,-4.99
14053,274,-30,-4.9
14055,291,22,-8.8
14056,307,25,-8.7
14057,321,25,-8.6
14058,334,19,-8.5
14060,344,11,-3.43
14061,353,5,-3.36
14062,359,3,-3.29
14063,364,0,-3.22
14065,365,-38,-3.18
14066,365,-19,-3.14
14067,362,-8,-3.1
14068,357,-8,-3.06
14070,350,24,-6
14071,339,26,-5.94
14072,326,24,-5.88
14073,312,22,-7.8
14075,296,4,-7.68
14076,280,9,-7.56
14077,264,-36,-2.49
14078,247,-31,-2.43
14080,231,-36,-2.37
14081,216,-22,-2.31
14082,201,-15,-2.28
14083,187,24,-6.21
14085,174,24,-6.14
14086,161,25,-6.07
14087,149,12,-6
14088,137,8,-5.92
14090,126,-50,-8.81
14091,115,-39,-8.7
14092,105,-35,-8.59
14093,95,-25,-8.48
14095,86,-11,-7.34
14096,78,5,-7.2
14097,71,9,-7.06
14098,64,34,-6.92
14100,59,64,-5.86
14101,54,61,-5.8
14102,51,51,-5.74
14103,49,42,-5.68
14105,47,31,-7.6
14106,46,25,-7.52
14107,45,27,-7.44
14108,45,-4,-7.36
14110,45,-40,-7.24
14111,44,-34,-7.12
14112,44,-31,-7
14113,43,-25,-6.88
14115,42,9,-10.71
14116,41,-2,-10.54
14117,40,2,-10.37
14118,39,1,-10.2
14120,39,-2,-12.03
14121,39,-1,-11.86
14122,40,-1,-11.69
14123,42,-3,-11.52
14125,43,-39,-15.31
14126,45,-31,-15.1
14127,47,-24,-14.89
14128,49,-30,-14.68
14130,50,-29,-11.46
14131,51,28,-11.24
14132,51,-12,-11.02
14133,51,31,-10.8
14135,50,24,-13.54
14136,50,-33,-13.28
14137,49,-21,-13.02
14138,49,-24,-12.76
14140,49,-26,-14.53
14141,49,-16,-14.3
14142,49,-2,-14.07
14143,50,0,-13.84
14145,51,12,-15.61
14146,52,9,-15.38
14147,52,17,-15.15
14148,52,10,-14.92
14150,52,14,-16.67
14151,50,18,-16.42
14152,49,12,-16.17
14153,47,7,-15.92
14155,44,11,-18.62
14156,42,7,-18.32
14157,40,7,-18.02
14158,37,2,-17.72
14160,35,-7,-18.44
14161,34,3,-18.16
14162,33,7,-17.88
14163,33,0,-17.6
14165,33,5,-17.31
14166,32,0,-17.02
14167,32,4,-16.73
14168,32,2,-16.44
14170,31,-1,-17.16
14171,30,1,-16.88
14172,28,0,-16.6
14173,26,-16,-16.32
14175,23,31,-16.05
14176,21,18,-15.78
14177,18,14,-15.51
14178,16,7,-15.24
14180,14,6,-16.99
14181,13,5,-16.74
14182,12,1,-16.49
14183,12,-1,-16.24
14185,12,-36,-17.92
14186,12,-28,-17.6
14187,13,-21,-17.28
14188,14,-22,-16.96
14190,14,33,-18.62
14191,14,20,-18.28
14192,14,18,-17.94
14193,14,20,-17.6
14195,14,11,-17.29
14196,14,5,-16.98
14197,14,-45,-20.63
14198,14,-55,-20.3
14200,15,-27,-19.97
14201,16,-24,-19.64
14202,18,-15,-19.26
14203,19,33,-17.89
14205,20,34,-17.52
14206,21,37,-17.15
14207,22,27,-16.78
14208,23,-29,-16.45
14210,23,-36,-18.1
14211,22,-32,-17.75
14212,21,-19,-17.4
14213,20,-11,-17.05
14215,18,1,-18.71
14216,16,3,-18.37
14217,14,4,-18.03
14218,13,6,-17.69
14220,11,41,-18.33
14221,11,34,-17.97
14222,10,28,-17.61
14223,10,26,-17.25
14225,9,17,-12.92
14226,9,11,-12.59
14227,9,5,-12.26
14228,9,0,-11.93
14230,9,-52,-19.54
14231,8,-31,-19.15
14232,7,-27,-18.76
14233,5,16,-18.37
14235,4,19,-18.97
14236,2,18,-18.57
14237,0,18,-18.17
14238,0,18,-17.77
14240,-1,8,-23.35
14241,-2,4,-22.93
14242,-2,-1,-22.51
14243,-1,0,-22.09
14245,-1,-55,-22.68
14246,0,-42,-22.27
14247,0,-33,-21.86
14248,0,23,-21.45
14250,0,24,-24.05
14251,0,23,-23.65
14252,0,-39,-23.25
14253,-1,29,-22.85
14255,-1,-45,-21.43
14256,-2,-33,-21.01
14257,-2,-26,-20.59
14258,-3,-17,-20.17
14260,-2,0,-22.75
14261,-1,7,-22.33
14262,0,-3,-21.91
14263,3,1,-21.49
14265,6,3,-25.05
14266,9,-2,-24.61
14267,12,5,-24.17
14268,16,-2,-23.73
14270,18,7,-23.31
14271,21,9,-22.89
14272,22,2,-22.47
14273,23,10,-22.05
14275,24,19,-26.6
14276,25,5,-26.15
14277,25,12,-25.7
14278,26,1,-25.25
14280,27,-10,-24.83
14281,29,7,-24.41
14282,31,5,-23.99
14283,33,2,-23.57
14285,36,10,-22.17
14286,38,3,-21.77
14287,41,3,-21.37
14288,43,11,-20.97
14290,45,2,-26.51
14291,46,0,-26.05
14292,46,5,-25.59
14293,47,-4,-25.13
14295,47,41,-24.68
14296,47,32,-24.23
14297,47,25,-23.78
14298,47,21,-23.33
14300,47,13,-23.87
14301,49,6,-23.41
14302,51,4,-22.95
14303,53,-1,-22.49
14305,56,-39,-24.03
14306,59,-27,-23.57
14307,62,-21,-23.11
14308,65,-14,-22.65
14310,68,31,-19.24
14311,70,28,-18.83
14312,71,23,-18.42
14313,73,21,-18.01
14315,74,9,-17.62
14316,75,8,-17.23
14317,76,1,-16.84
14318,77,-5,-16.45
14320,78,-33,-19.03
14321,81,-29,-18.61
14322,83,-19,-18.23
14323,86,-15,-17.85
14325,89,19,-13.51
14326,92,13,-13.17
14327,95,13,-12.83
14328,98,14,-13.47
14330,100,13,-13.11
14331,101,4,-12.75
14332,102,-33,-6.45
14333,102,-32,-6.15
14335,102,-23,-5.87
14336,102,-24,-5.59
14337,102,-24,-5.31
14338,102,29,-0.08
14340,103,24,0.13
14341,104,25,0.34
14342,106,19,0.55
14343,108,-32,0.76
14345,109,-27,2.94
14346,111,-29,3.12
14347,112,-35,3.3
14348,113,-33,3.48
14350,114,-36,4.69
14351,113,-42,4.9
14352,113,-41,5.11
14353,111,-49,5.32
14355,110,23,12.38
14356,108,33,12.44
14357,106,53,12.5
14358,104,65,12.56
14360,103,64,20.53
14361,102,63,20.5
14362,102,57,20.47
14363,101,51,20.44
14365,101,0,22.33
14366,101,-5,22.22
14367,101,-9,22.11
14368,101,-22,22
14370,100,6,26.83
14371,99,-23,26.66
14372,97,-7,26.49
14373,95,3,26.32
14375,93,0,31.07
14376,91,-2,30.82
14377,89,-55,30.57
14378,86,-50,30.32
14380,85,-33,36.02
14381,84,-29,35.72
14382,84,-18,35.42
14383,84,-6,35.12
14385,84,-2,38.75
14386,84,21,38.38
14387,85,15,38.01
14388,85,12,37.64
14390,85,5,43.17
14391,85,17,42.7
14392,84,19,42.23
14393,83,6,41.76
14395,83,16,46.24
14396,82,10,45.72
14397,82,10,45.2
14398,82,18,44.68
14400,82,9,50.05
14401,83,1,49.42
14402,85,13,48.79
14403,87,8,48.16
14405,89,12,54.46
14406,91,6,53.76
14407,92,8,53.06
14408,94,10,52.36
14410,95,5,53.65
14411,96,4,52.94
14412,96,3,52.23
14413,96,8,51.52
14415,95,48,55.7
14416,95,39,54.88
14417,94,33,54.06
14418,93,28,53.24
14420,92,14,59.35
14421,92,5,58.46
14422,92,0,57.57
14423,92,-16,56.68
14425,92,-51,54.79
14426,91,-43,53.9
14427,91,-36,53.01
14428,90,-25,52.12
14430,88,17,54.18
14431,86,13,53.24
14432,84,14,52.3
14433,81,9,51.36
14435,78,2,52.43
14436,75,1,51.5
14437,73,-1,50.57
14438,70,-8,49.64
14440,68,-41,49.7
14441,67,-24,48.76
14442,66,-22,47.82
14443,66,-21,46.88
14445,66,29,47.89
14446,66,14,46.9
14447,66,18,45.91
14448,66,13,45.91
14450,65,10,44.95
14451,64,7,43.99
14452,63,-35,44.02
14453,62,-33,43.04
14455,61,-13,42.06
14456,60,-7,41.08
14457,59,-5,40.16
14458,58,32,38.25
14460,59,27,37.34
14461,60,32,36.43
14462,61,24,35.52
14463,63,14,34.66
14465,64,12,31.82
14466,66,6,30.98
14467,67,-3,30.14
14468,68,2,29.3
14470,69,-35,27.49
14471,69,-24,26.68
14472,69,-15,25.87
14473,68,-15,25.06
14475,67,31,22.28
14476,66,24,21.5
14477,66,24,20.72
14478,65,27,19.94
14480,65,12,16.26
14481,66,9,15.58
14482,67,-35,14.9
14483,69,-31,14.22
14485,71,-25,11.64
14486,72,-18,11.06
14487,74,-16,10.48
14488,76,27,9.9
14490,77,26,9.34
14491,77,20,8.78
14492,77,16,8.22
14493,77,11,7.66
14495,76,-2,4.18
14496,75,-2,3.7
14497,74,-11,3.22
14498,74,-9,2.74
14500,73,-42,-0.66
14501,73,-43,-1.06
14502,74,-26,-1.46
14503,75,-21,-1.86
14505,75,-18,-1.21
14506,76,-5,-1.56
14507,76,31,-1.91
14508,76,-2,-2.26
14510,75,0,-2.57
14511,73,3,-2.88
14512,69,-9,-3.19
14513,65,-8,-3.5
14515,60,-5,-6.72
14516,55,-1,-6.94
14517,48,9,-7.16
14518,41,1,-7.38
14520,34,8,-7.55
14521,27,5,-7.72
14522,20,3,-7.89
14523,13,6,-8.06
14525,6,5,-11.14
14526,0,2,-11.22
14527,-6,2,-11.3
14528,-12,-4,-11.38
14530,-18,7,-12.38
14531,-23,16,-12.38
14532,-28,6,-12.38
14533,-33,9,-12.38
14535,-35,6,-12.36
14536,-35,6,-12.34
14537,-33,3,-12.32
14538,-30,0,-12.3
14540,-23,3,-13.22
14541,-13,6,-13.14
14542,-1,5,-13.06
14543,11,5,-12.98
14545,26,3,-16.79
14546,43,2,-16.6
14547,60,-1,-16.41
14548,78,-3,-16.22
14550,98,36,-13.07
14551,118,32,-12.92
14552,138,20,-12.77
14553,159,13,-12.62
14555,181,3,-14.42
14556,205,5,-14.22
14557,229,2,-14.02
14558,254,-9,-13.82
14560,278,-41,-17.56
14561,301,-27,-17.3
14562,323,-27,-17.04
14563,344,-22,-16.78
14565,361,20,-12.55
14566,375,16,-12.32
14567,385,18,-12.09
14568,392,19,-14.83
14570,394,15,-14.55
14571,393,11,-14.27
14572,387,-33,-14.98
14573,379,-25,-14.68
14575,367,-17,-14.38
14576,354,-12,-14.08
14577,338,-6,-13.77
14578,322,31,-12.47
14580,304,30,-12.17
14581,287,23,-11.87
14582,268,18,-11.57
14583,250,-25,-11.28
14585,232,-17,-13.96
14586,213,-11,-13.64
14587,195,-11,-13.32
14588,177,-8,-13
14590,159,-2,-14.68
14591,141,0,-14.36
14592,124,3,-14.04
14593,108,-1,-13.72
14595,93,38,-13.41
14596,79,20,-13.1
14597,65,7,-12.79
14598,53,-11,-12.48
14600,43,-29,-15.16
14601,34,-49,-14.84
14602,27,-61,-14.52
14603,22,-58,-14.2
14605,17,-101,-11.93
14606,13,-76,-11.66
14607,10,-51,-11.39
14608,8,30,-11.12
14610,6,43,-13.84
14611,4,58,-13.56
14612,3,67,-13.28
14613,1,68,-13
14615,0,51,-14.7
14616,0,41,-14.4
14617,-1,37,-14.1
14618,-1,47,-13.8
14620,-1,-4,-15.51
14621,0,-4,-15.22
14622,1,4,-14.93
14623,3,57,-14.64
14625,5,56,-14.38
14626,7,42,-14.12
14627,8,31,-13.86
14628,10,3,-13.6
14630,11,-57,-20.26
14631,11,-59,-19.92
14632,11,-63,-19.58
14633,11,-46,-19.24
14635,10,-35,-16.92
14636,10,-18,-16.6
14637,10,-3,-16.28
14638,10,3,-15.96
14640,11,1,-20.62
14641,12,-6,-20.28
14642,14,1,-19.94
14643,16,-6,-19.6
14645,18,-4,-18.27
14646,20,-12,-17.94
14647,21,-16,-17.61
14648,23,-10,-17.28
14650,24,-6,-18.96
14651,24,3,-18.64
14652,24,-1,-18.32
14653,23,2,-18
14655,23,-7,-20.66
14656,22,-1,-20.32
14657,22,12,-19.98
14658,22,7,-19.64
14660,22,13,-19.3
14661,23,9,-18.96
14662,24,-1,-18.62
14663,26,4,-18.28
14665,28,1,-23.89
14666,30,4,-23.5
14667,32,-1,-23.11
14668,34,-11,-22.72
14670,36,22,-21.38
14671,37,18,-21.04
14672,37,14,-20.7
14673,37,9,-20.36
14675,37,7,-19
14676,37,4,-18.64
14677,37,-2,-18.28
14678,37,-10,-17.92
14680,37,-71,-20.55
14681,38,-51,-20.18
14682,39,-34,-19.81
14683,41,-31,-19.44
14685,43,38,-19.11
14686,44,35,-18.78
14687,45,39,-18.45
14688,47,34,-18.12
14690,47,26,-18.74
14691,48,17,-18.36
14692,48,11,-17.98
14693,47,3,-17.63
14695,47,-37,-19.26
14696,46,-31,-18.89
14697,46,-19,-18.53
14698,46,-18,-18.17
14700,46,29,-16.82
14701,46,34,-16.47
14702,47,27,-16.12
14703,48,28,-15.76
14705,50,17,-20.35
14706,51,11,-19.94
14707,52,4,-19.53
14708,53,-7,-19.12
14710,53,-44,-21.71
14711,52,-32,-21.3
14712,51,-22,-20.89
14713,49,-24,-20.48
14715,47,19,-20.09
14716,45,19,-19.7
14717,42,16,-19.31
14718,40,18,-22.88
14720,37,11,-22.45
14721,36,3,-22.02
14722,33,-43,-23.57
14723,31,-43,-23.12
14725,29,-28,-22.7
14726,27,-26,-22.28
14727,24,-12,-21.86
14728,22,35,-17.48
14730,19,38,-17.08
14731,16,42,-16.68
14732,13,25,-16.28
14733,9,19,-15.88
14735,7,12,-20.46
14736,4,4,-20.04
14737,1,-2,-19.62
14738,0,-1,-19.2
14740,-1,-48,-22.76
14741,-2,-29,-22.32
14742,-2,-23,-21.88
14743,-1,-21,-21.44
14745,-1,23,-23
14746,-1,24,-22.56
14747,0,24,-22.12
14748,0,23,-21.68
14750,0,17,-22.23
14751,0,11,-21.78
14752,-1,-30,-21.33
14753,-3,-28,-20.88
14755,-4,-29,-22.48
14756,-5,-12,-22.08
14757,-6,-15,-21.68
14758,-7,0,-21.28
14760,-8,-11,-22.84
14761,-8,6,-22.4
14762,-7,0,-21.96
14763,-6,6,-21.52
14765,-5,8,-24.1
14766,-4,13,-23.68
14767,-4,6,-23.26
14768,-3,2,-22.84
14770,-3,2,-23.4
14771,-3,6,-22.96
14772,-3,9,-22.52
14773,-4,0,-22.08
14775,-5,-6,-22.65
14776,-6,5,-22.22
14777,-7,-1,-21.79
14778,-8,1,-21.36
14780,-8,5,-21.95
14781,-8,-3,-21.54
14782,-7,2,-21.13
14783,-5,3,-20.72
14785,-4,4,-25.26
14786,-2,3,-24.8
14787,0,4,-24.34
14788,1,-11,-23.88
14790,2,41,-22.49
14791,4,23,-22.1
14792,5,22,-21.71
14793,6,18,-21.32
14795,7,9,-21.91
14796,8,9,-21.5
14797,9,-2,-21.09
14798,11,-9,-20.68
14800,13,-48,-23.23
14801,16,-31,-22.78
14802,19,-26,-22.33
14803,23,-25,-21.88
14805,27,28,-23.44
14806,31,27,-23
14807,35,25,-22.56
14808,39,23,-22.12
14810,42,15,-19.7
14811,46,5,-19.28
14812,49,3,-18.86
14813,52,-3,-18.44
14815,55,-36,-21
14816,58,-27,-20.56
14817,60,-14,-20.12
14818,63,-11,-19.68
14820,67,21,-17.28
14821,72,15,-16.88
14822,77,13,-16.48
14823,82,14,-17.07
14825,88,9,-16.65
14826,94,5,-16.23
14827,99,-40,-11.85
14828,104,-40,-11.47
14830,109,-24,-11.14
14831,113,-15,-10.81
14832,117,-10,-10.48
14833,120,28,-8.17
14835,124,27,-7.89
14836,128,22,-7.61
14837,131,21,-7.33
14838,134,-36,-7.05
14840,138,-35,-5.78
14841,143,-28,-5.51
14842,147,-26,-5.24
14843,152,-16,-5.01
14845,157,-15,-2.8
14846,161,-7,-2.59
14847,166,-6,-2.4
14848,170,-13,-2.21
14850,174,42,-2.02
14851,177,27,-1.83
14852,179,16,-1.64
14853,181,7,-1.41
14855,184,-9,4.76
14856,185,-27,4.93
14857,187,-43,5.1
14858,189,-50,5.27
14860,190,-88,9.35
14861,192,-61,9.43
14862,194,-37,9.51
14863,196,46,9.59
14865,198,81,12.6
14866,198,90,12.61
14867,199,85,12.62
14868,198,78,12.63
14870,197,63,19.55
14871,195,38,19.47
14872,192,9,19.39
14873,188,-2,19.31
14875,184,-60,24.17
14876,179,-52,24.03
14877,174,-65,23.89
14878,170,-54,23.75
14880,166,-52,27.55
14881,162,35,27.35
14882,160,47,27.15
14883,157,47,26.95
14885,155,46,30.69
14886,153,41,30.43
14887,150,2,30.17
14888,148,5,29.91
14890,146,3,39.52
14891,143,5,39.13
14892,139,-2,38.74
14893,136,1,38.35
14895,133,5,41.91
14896,130,-3,41.47
14897,127,-3,41.03
14898,124,-5,40.59
14900,122,-1,42.12
14901,121,4,41.65
14902,121,2,41.18
14903,121,7,40.71
14905,121,7,49.14
14906,121,6,48.57
14907,121,7,48
14908,121,4,47.43
14910,121,0,51.76
14911,120,2,51.09
14912,119,10,50.42
14913,118,0,49.75
14915,117,1,55.03
14916,116,3,54.31
14917,115,-2,53.59
14918,114,3,52.87
14920,114,-3,55.11
14921,114,-4,54.35
14922,115,-1,53.59
14923,116,-4,52.83
14925,117,41,53.03
14926,118,27,52.23
14927,118,25,51.43
14928,119,13,50.63
14930,119,13,55.75
14931,119,7,54.87
14932,119,2,53.99
14933,118,-3,53.11
14935,117,-40,52.25
14936,116,-29,51.39
14937,115,-20,50.53
14938,115,-23,49.67
14940,115,16,52.74
14941,115,14,51.81
14942,116,18,50.88
14943,117,14,46.98
14945,118,4,46.1
14946,119,1,45.22
14947,120,-34,46.32
14948,120,-31,45.41
14950,120,-15,44.5
14951,119,-17,43.59
14952,118,-3,42.72
14953,117,26,44.82
14955,117,20,43.92
14956,116,3,43.02
14957,116,32,42.12
14958,116,-12,41.24
14960,117,-21,38.38
14961,118,-17,37.52
14962,120,-17,36.66
14963,122,-14,35.8
14965,125,-7,34.95
14966,127,-8,34.1
14967,130,6,33.25
14968,132,7,32.4
14970,135,39,29.59
14971,137,25,28.78
14972,138,26,27.97
14973,139,18,27.16
14975,140,5,27.34
14976,141,5,26.52
14977,142,-2,25.7
14978,143,-10,24.88
14980,144,-42,19.17
14981,145,-41,18.46
14982,147,-21,17.75
14983,149,-23,17.04
14985,151,21,15.38
14986,152,20,14.72
14987,153,19,14.06
14988,154,16,13.4
14990,154,6,12.77
14991,154,2,12.14
14992,153,0,11.51
14993,151,-4,10.88
14995,150,-43,9.33
14996,149,-32,8.78
14997,147,-29,8.23
14998,145,9,7.68
15000,144,19,3.22
15001,144,16,2.76
15002,144,19,2.3
15003,144,20,1.84
15005,144,-26,-2.54
15006,145,-27,-2.92
15007,145,-30,-3.3
15008,145,-10,-3.68
15010,144,-15,-5.01
15011,143,-4,-5.34
15012,142,-2,-5.67
15013,140,8,-6
15015,139,4,-9.2
15016,137,2,-9.4
15017,135,3,-9.6
15018,133,9,-9.8
15020,132,5,-10.95
15021,131,0,-11.1
15022,131,1,-11.25
15023,131,-1,-11.4
15025,131,11,-12.52
15026,130,7,-12.64
15027,130,7,-12.76
15028,129,0,-12.88
15030,128,0,-15.88
15031,126,-2,-15.88
15032,124,7,-15.88
15033,122,-4,-15.88
15035,119,9,-16.82
15036,117,5,-16.76
15037,114,4,-16.7
15038,112,5,-16.64
15040,110,3,-16.52
15041,110,2,-16.4
15042,109,3,-16.28
15043,109,-1,-16.16
15045,109,34,-19.97
15046,108,27,-19.78
15047,106,20,-19.59
15048,105,21,-19.4
15050,101,17,-20.19
15051,97,0,-19.98
15052,92,1,-19.77
15053,86,-5,-19.56
15055,79,-42,-17.31
15056,72,-30,-17.06
15057,65,-21,-16.81
15058,58,-19,-16.56
15060,51,27,-20.27
15061,46,18,-19.98
15062,41,17,-19.69
15063,36,13,-19.4
15065,33,6,-19.07
15066,31,3,-18.74
15067,30,-1,-18.41
15068,30,-3,-18.11
15070,31,-39,-17.81
15071,34,-28,-17.51
15072,38,-17,-17.19
15073,43,-11,-16.87
15075,51,21,-17.54
15076,62,20,-17.21
15077,74,15,-16.88
15078,89,16,-23.45
15080,106,17,-23.02
15081,125,5,-22.59
15082,146,-34,-23.15
15083,168,-28,-22.71
15085,192,-23,-22.29
15086,217,-7,-21.87
15087,242,2,-21.45
15088,267,31,-19.05
15090,293,31,-18.65
15091,318,24,-18.25
15092,343,23,-17.85
15093,368,-26,-17.45
15095,391,-18,-18.06
15096,415,-26,-17.67
15097,437,-15,-17.28
15098,458,-9,-16.89
15100,476,-7,-16.49
15101,492,-8,-16.09
15102,505,-2,-15.69
15103,515,24,-15.29
15105,522,28,-18.9
15106,524,21,-18.51
15107,524,23,-18.12
15108,522,13,-17.73
15110,515,13,-15.37
15111,504,9,-15.01
15112,490,6,-14.65
15113,474,14,-14.29
15115,456,-28,-15.91
15116,436,-18,-15.53
15117,415,-11,-15.15
15118,393,28,-14.77
15120,370,33,-14.4
15121,348,21,-14.03
15122,327,15,-13.66
15123,305,5,-13.29
15125,285,-14,-14.94
15126,264,-22,-14.59
15127,244,-83,-14.24
15128,225,-91,-13.89
15130,207,-80,-13.58
15131,189,-70,-13.27
15132,172,-51,-12.96
15133,155,-41,-12.65
15135,140,-24,-12.35
15136,126,5,-12.05
15137,113,7,-11.75
15138,101,20,-11.45
15140,91,34,-14.15
15141,83,45,-13.85
15142,76,53,-13.55
15143,70,50,-13.25
15145,65,45,-13.95
15146,60,44,-13.65
15147,56,38,-13.35
15148,53,27,-13.05
15150,50,25,-18.7
15151,46,20,-18.35
15152,43,21,-18
15153,41,15,-17.65
15155,38,18,-22.28
15156,36,-1,-21.91
15157,34,2,-21.54
15158,32,-3,-21.17
15160,31,-5,-18.83
15161,31,-15,-18.49
15162,32,-6,-18.15
15163,33,-17,-17.81
15165,34,24,-18.46
15166,35,9,-18.11
15167,36,3,-17.76
15168,37,-2,-17.41
15170,38,-2,-22.05
15171,39,-5,-21.69
15172,39,1,-21.33
15173,39,-6,-20.97
15175,39,-46,-24.58
15176,39,-45,-24.19
15177,39,-37,-23.8
15178,39,-32,-23.41
15180,40,15,-24.98
15181,41,14,-24.55
15182,43,16,-24.12
15183,44,19,-23.69
15185,46,15,-24.29
15186,48,13,-23.89
15187,50,8,-23.49
15188,51,-1,-23.09
15190,53,-47,-23.68
15191,53,-27,-23.27
15192,54,-23,-22.86
15193,53,-14,-22.45
15195,53,34,-24.02
15196,53,22,-23.59
15197,54,20,-23.16
15198,54,20,-26.69
15200,56,11,-26.23
15201,58,9,-25.77
15202,59,-43,-25.31
15203,61,-32,-24.92
15205,62,-23,-24.53
15206,64,-10,-24.14
15207,65,26,-23.76
15208,65,28,-25.36
15210,65,19,-24.96
15211,64,21,-24.56
15212,63,28,-24.16
15213,61,-30,-23.74
15215,59,-14,-23.32
15216,57,-9,-22.9
15217,56,-11,-22.48
15218,54,-6,-22.06
15220,53,2,-22.64
15221,52,4,-22.22
15222,52,3,-21.8
15223,52,11,-21.38
15225,52,24,-23.93
15226,53,19,-23.48
15227,52,17,-23.03
15228,52,11,-22.58
15230,52,15,-26.13
15231,51,5,-25.68
15232,50,1,-25.23
15233,48,-8,-24.78
15235,47,-36,-25.3
15236,45,-32,-24.82
15237,43,-18,-24.34
15238,42,-12,-23.86
15240,41,31,-23.4
15241,40,-9,-22.94
15242,40,30,-22.48
15243,40,23,-22.02
15245,40,13,-25.52
15246,40,11,-25.02
15247,40,9,-24.52
15248,40,3,-24.02
15250,40,-26,-25.52
15251,39,-25,-25.02
15252,38,-17,-24.52
15253,37,-10,-24.02
15255,36,-18,-24.51
15256,34,-2,-24
15257,33,0,-23.49
15258,32,45,-22.98
15260,31,35,-23.46
15261,31,26,-22.94
15262,31,-17,-22.42
15263,32,-9,-21.9
15265,33,-16,-22.4
15266,34,-17,-21.9
15267,35,-8,-21.4
15268,36,-12,-20.9
15270,36,-7,-25.36
15271,36,-7,-24.82
15272,35,5,-24.28
15273,34,0,-23.74
15275,33,3,-23.26
15276,31,-1,-22.78
15277,30,-4,-22.3
15278,29,-3,-21.82
15280,28,4,-24.36
15281,27,2,-23.9
15282,27,1,-23.44
15283,26,-5,-22.98
15285,26,-8,-21.51
15286,25,-5,-21.04
15287,24,-18,-20.57
15288,23,31,-20.1
15290,21,33,-24.59
15291,18,24,-24.08
15292,15,16,-23.57
15293,12,9,-23.06
15295,9,-40,-23.59
15296,6,-24,-23.12
15297,3,-24,-22.65
15298,0,-31,-22.18
15300,-1,19,-24.72
15301,-2,17,-24.26
15302,-3,18,-23.8
15303,-3,19,-23.34
15305,-4,14,-21.91
15306,-4,8,-21.48
15307,-4,4,-21.05
15308,-5,-1,-20.62
15310,-5,-46,-22.18
15311,-7,-41,-21.74
15312,-8,-26,-21.3
15313,-10,-12,-20.86
15315,-12,20,-21.42
15316,-13,25,-20.98
15317,-15,23,-20.54
15318,-15,27,-22.08
15320,-15,18,-21.64
15321,-15,12,-21.2
15322,-14,-37,-18.78
15323,-13,-34,-18.4
15325,-11,-35,-18.02
15326,-10,-21,-17.64
15327,-8,-20,-17.26
15328,-7,34,-17.87
15330,-6,22,-17.48
15331,-5,30,-17.09
15332,-4,24,-16.7
15333,-4,21,-16.33
15335,-3,15,-13.98
15336,-2,7,-13.63
15337,-1,2,-13.28
15338,0,3,-12.93
15340,2,-47,-12.58
15341,5,-35,-12.23
15342,9,-19,-11.88
15343,13,12,-11.53
15345,17,22,-9.21
15346,21,18,-8.89
15347,25,19,-8.57
15348,29,20,-8.25
15350,33,14,-4
15351,36,5,-3.75
15352,38,-37,-3.5
15353,41,-21,-3.25
15355,43,-14,2.9
15356,45,-10,3.05
15357,48,-2,3.2
15358,51,33,3.35
15360,54,33,7.45
15361,59,31,7.55
15362,63,21,7.65
15363,68,9,7.75
15365,74,13,15.77
15366,79,-4,15.79
15367,85,-3,15.81
15368,91,-3,15.83
15370,96,-32,19.77
15371,101,-23,19.71
15372,105,-18,19.65
15373,109,12,19.59
15375,113,23,24.46
15376,117,21,24.33
15377,121,11,24.2
15378,125,2,24.07
15380,130,-35,32.84
15381,135,-30,32.61
15382,139,-39,32.38
15383,145,-23,32.15
15385,149,-22,40.82
15386,154,-19,40.49
15387,158,-17,40.16
15388,161,-25,39.83
15390,164,-33,45.43
15391,166,-40,45.03
15392,167,-39,44.63
15393,168,-53,44.23
15395,169,-46,51.7
15396,169,-42,51.17
15397,169,-31,50.64
15398,169,-17,50.11
15400,170,6,56.51
15401,170,31,55.91
15402,171,50,55.31
15403,173,76,54.71
15405,174,80,59.03
15406,174,64,58.35
15407,175,52,57.67
15408,175,29,56.99
15410,174,0,65.23
15411,173,-19,64.47
15412,171,-27,63.71
15413,168,-23,62.95
15415,165,-12,73.03
15416,162,-5,72.11
15417,158,5,71.19
15418,154,18,70.27
15420,151,67,78.25
15421,149,59,77.23
15422,147,49,76.21
15423,145,34,75.19
15425,144,25,78.1
15426,142,11,77.01
15427,140,2,75.92
15428,139,-7,74.83
15430,136,-59,80.68
15431,134,-31,79.53
15432,131,-25,78.38
15433,128,-31,77.23
15435,125,20,85.96
15436,123,22,84.69
15437,120,24,83.42
15438,118,24,82.15
15440,116,23,86.81
15441,115,23,85.47
15442,115,24,84.13
15443,115,16,82.77
15445,116,-25,85.37
15446,115,-18,83.97
15447,115,-15,82.59
15448,115,-13,81.21
15450,114,36,89.73
15451,113,26,88.25
15452,111,24,86.77
15453,109,14,91.22
15455,107,5,89.67
15456,105,-3,88.12
15457,104,-41,84.59
15458,104,-39,83.06
15460,104,-24,81.55
15461,104,-16,80.04
15462,105,27,78.53
15463,105,31,84.94
15465,105,17,83.35
15466,106,23,81.76
15467,106,6,80.17
15468,106,-34,78.58
15470,105,-28,80.97
15471,104,-24,79.36
15472,102,-15,77.75
15473,100,-12,76.14
15475,98,-5,76.55
15476,97,-2,74.96
15477,95,4,73.37
15478,93,31,71.78
15480,92,35,73.22
15481,92,20,71.66
15482,92,16,70.1
15483,93,7,68.54
15485,94,-1,67.02
15486,95,-4,65.5
15487,95,-8,63.98
15488,96,-9,62.46
15490,96,-36,63
15491,95,-30,61.54
15492,95,-26,60.08
15493,93,7,58.62
15495,92,23,59.18
15496,91,16,57.74
15497,89,15,56.3
15498,88,13,54.86
15500,88,-1,53.47
15501,87,3,52.08
15502,88,-36,50.69
15503,89,-31,49.3
15505,90,-20,45.03
15506,91,-13,43.76
15507,91,-9,42.49
15508,92,1,41.22
15510,93,3,40.04
15511,93,-3,38.86
15512,93,8,37.68
15513,94,0,36.5
15515,94,-3,30.43
15516,94,3,29.36
15517,95,-7,28.29
15518,96,9,27.22
15520,98,10,28.21
15521,100,6,27.2
15522,103,5,26.19
15523,106,-1,25.18
15525,109,-3,23.25
15526,111,0,22.32
15527,114,2,21.39
15528,116,-1,20.46
15530,118,4,15.62
15531,120,-1,14.78
15532,121,5,13.94
15533,122,8,13.1
15535,123,3,10.37
15536,124,1,9.64
15537,126,-3,8.91
15538,127,16,8.18
15540,129,26,5.58
15541,132,26,4.98
15542,136,20,4.38
15543,140,9,3.78
15545,144,2,5.25
15546,148,-6,4.72
15547,152,-9,4.19
15548,156,-8,3.66
15550,158,-44,3.17
15551,160,-27,2.68
15552,161,-23,2.19
15553,161,-21,1.7
15555,162,25,-4.66
15556,162,16,-5.02
15557,161,17,-5.38
15558,161,18,-5.74
15560,161,6,-3.03
15561,161,5,-3.32
15562,162,1,-3.61
15563,163,-2,-3.9
15565,164,-39,-6.11
15566,164,-23,-6.32
15567,164,-21,-6.53
15568,164,-29,-6.74
15570,163,24,-9.88
15571,162,-22,-10.02
15572,160,30,-10.16
15573,158,29,-10.3
15575,156,24,-14.3
15576,154,15,-14.3
15577,152,11,-14.3
15578,150,3,-14.24
15580,149,-39,-10.22
15581,148,-33,-10.2
15582,148,-24,-10.2
15583,148,-25,-10.2
15585,148,26,-12.18
15586,148,23,-12.16
15587,148,23,-12.14
15588,148,23,-15.01
15590,147,15,-14.88
15591,145,13,-14.75
15592,144,-35,-14.62
15593,142,-32,-14.49
15595,141,-16,-14.32
15596,139,-17,-14.15
15597,138,25,-13.98
15598,137,20,-14.8
15600,137,22,-14.6
15601,137,23,-14.4
15602,137,16,-14.2
15603,138,18,-14
15605,138,5,-12.78
15606,138,-2,-12.56
15607,139,-2,-12.34
15608,139,2,-12.12
15610,138,-29,-11.9
15611,138,-24,-11.68
15612,137,-22,-11.46
15613,135,14,-11.24
15615,134,19,-13.97
15616,133,20,-13.7
15617,132,18,-13.43
15618,132,20,-13.16
15620,132,11,-11.88
15621,132,4,-11.6
15622,133,5,-11.32
15623,134,-1,-11.04
15625,135,-32,-9.77
15626,136,-25,-9.5
15627,137,-15,-9.23
15628,137,-18,-8.96
15630,137,-12,-12.68
15631,136,34,-12.4
15632,135,29,-12.12
15633,133,21,-11.84
15635,131,30,-10.57
15636,130,14,-10.3
15637,128,-29,-10.03
15638,127,-24,-9.76
15640,126,-20,-12.51
15641,125,-17,-12.26
15642,125,-8,-12.01
15643,125,-6,-11.76
15645,125,-3,-14.46
15646,125,0,-14.16
15647,125,4,-13.86
15648,125,-6,-13.56
15650,124,-1,-10.3
15651,122,-4,-10.04
15652,121,-6,-9.78
15653,118,0,-9.52
15655,116,-7,-13.26
15656,114,0,-13
15657,112,-2,-12.74
15658,111,-1,-12.48
15660,110,-2,-14.22
15661,110,-5,-13.96
15662,110,-2,-13.7
15663,111,-6,-13.44
15665,112,0,-15.18
15666,113,2,-14.92
15667,113,-2,-14.66
15668,114,0,-14.4
15670,114,-1,-14.12
15671,115,-1,-13.84
15672,114,-7,-13.56
15673,114,-8,-13.28
15675,114,28,-14.98
15676,114,26,-14.68
15677,114,17,-14.38
15678,114,13,-14.08
15680,115,9,-15.82
15681,116,6,-15.56
15682,118,2,-15.3
15683,120,-2,-15.04
15685,122,-52,-17.72
15686,124,-32,-17.4
15687,126,-26,-17.08
15688,127,-23,-16.76
15690,129,27,-19.43
15691,129,26,-19.1
15692,129,23,-18.77
15693,129,24,-16.46
15695,129,16,-16.18
15696,128,11,-15.9
15697,128,-51,-18.59
15698,128,-44,-18.28
15700,128,-25,-18.01
15701,128,-16,-17.74
15702,129,29,-17.47
15703,129,29,-18.19
15705,129,27,-17.87
15706,129,27,-17.55
15707,129,22,-17.23
15708,129,13,-16.91
15710,128,5,-19.58
15711,126,-1,-19.25
15712,125,-28,-18.92
15713,123,-32,-18.62
15715,121,-29,-15.35
15716,120,-24,-15.08
15717,118,-16,-14.81
15718,117,-9,-14.54
15720,117,37,-17.24
15721,117,33,-16.94
15722,117,32,-16.64
15723,118,23,-16.35
15725,119,16,-17.05
15726,119,7,-16.75
15727,120,2,-16.45
15728,120,-3,-16.15
15730,120,-37,-19.8
15731,119,-23,-19.45
15732,118,-14,-19.1
15733,117,17,-18.75
15735,115,24,-20.38
15736,114,21,-20.01
15737,113,15,-19.64
15738,112,24,-19.27
15740,111,8,-20.91
15741,111,6,-20.55
15742,111,3,-20.19
15743,112,2,-19.83
15745,112,-35,-22.43
15746,113,-26,-22.03
15747,113,-18,-21.63
15748,113,16,-21.23
15750,113,11,-22.8
15751,113,17,-22.37
15752,112,12,-21.94
15753,110,10,-21.51
15755,109,-28,-24.09
15756,109,-23,-23.67
15757,108,-26,-23.25
15758,108,-17,-22.83
15760,108,-14,-22.4
15761,109,-9,-21.97
15762,111,-1,-21.54
15763,113,3,-21.11
15765,114,-5,-22.69
15766,116,-7,-22.27
15767,117,6,-21.85
15768,118,-1,-21.43
15770,119,-2,-26.98
15771,118,-1,-26.53
15772,118,-2,-26.08
15773,117,-8,-25.63
15775,116,2,-25.15
15776,115,3,-24.67
15777,114,1,-24.19
15778,112,-4,-23.71
15780,112,-9,-23.27
15781,112,3,-22.83
15782,112,-3,-22.39
15783,113,-8,-21.95
15785,113,0,-26.48
15786,114,5,-26.01
15787,114,6,-25.54
15788,114,3,-25.07
15790,113,2,-25.61
15791,112,9,-25.15
15792,110,10,-24.69
15793,108,5,-24.23
15795,105,31,-25.75
15796,102,28,-25.27
15797,99,26,-24.79
15798,96,12,-24.31
15800,92,8,-25.83
15801,88,6,-25.35
15802,84,6,-24.87
15803,80,6,-24.39
15805,76,-44,-27.89
15806,70,-31,-27.39
15807,64,-16,-26.89
15808,58,-9,-26.39
15810,50,30,-24.93
15811,42,34,-24.47
15812,34,23,-24.01
15813,25,25,-23.55
15815,18,19,-31.04
15816,11,8,-30.53
15817,5,0,-30.02
15818,0,1,-29.49
15820,-1,-33,-25
15821,-1,-28,-24.51
15822,0,-17,-24.05
15823,4,-18,-23.59
15825,11,29,-30.06
15826,21,20,-29.53
15827,33,18,-29
15828,46,13,-31.45
15830,62,7,-30.9
15831,78,3,-30.35
15832,96,-38,-30.79
15833,116,-38,-30.23
15835,137,-25,-29.7
15836,158,-11,-29.17
15837,179,-12,-28.64
15838,202,21,-31.08
15840,226,17,-30.49
15841,250,24,-29.9
15842,274,27,-29.31
15843,298,-7,-28.72
15845,323,-44,-26.18
15846,348,-24,-25.64
15847,374,-16,-25.1
15848,400,-13,-24.56
15850,424,-6,-27.99
15851,444,-10,-27.42
15852,462,6,-26.85
15853,477,-1,-26.28
15855,489,32,-26.74
15856,497,21,-26.2
15857,502,20,-25.66
15858,505,15,-25.12
15860,503,13,-28.56
15861,499,10,-28
15862,492,5,-27.44
15863,482,1,-26.88
15865,469,-24,-26.34
15866,452,-17,-25.8
15867,434,-13,-25.26
15868,413,-6,-24.72
15870,390,37,-27.18
15871,366,33,-26.64
15872,340,35,-26.1
15873,314,32,-25.56
15875,288,22,-27.02
15876,262,14,-26.48
15877,237,-35,-25.94
15878,212,-37,-25.4
15880,189,-37,-27.86
15881,168,-39,-27.32
15882,148,-49,-26.78
15883,130,-47,-26.24
15885,113,-43,-24.71
15886,96,-29,-24.18
15887,82,-24,-23.65
15888,68,-14,-23.12
15890,55,1,-26.57
15891,44,16,-26.02
15892,33,22,-25.47
15893,23,27,-24.92
15895,15,41,-29.38
15896,7,37,-28.84
15897,1,34,-28.3
15898,-3,27,-27.76
15900,-6,19,-27.22
15901,-8,14,-26.68
15902,-9,8,-26.14
15903,-9,3,-25.6
15905,-9,2,-28.03
15906,-8,-4,-27.46
15907,-7,-1,-26.89
15908,-7,-6,-26.32
15910,-6,-9,-26.79
15911,-6,-7,-26.26
15912,-6,-9,-25.73
15913,-6,-9,-25.2
15915,-6,23,-28.64
15916,-6,18,-28.08
15917,-5,16,-27.52
15918,-5,4,-26.96
15920,-4,4,-29.39
15921,-2,3,-28.82
15922,0,-1,-28.25
15923,3,-5,-27.68
15925,5,-35,-27.13
15926,7,-31,-26.58
15927,9,-21,-26.03
15928,10,-23,-25.48
15930,11,19,-26.95
15931,11,16,-26.42
15932,11,16,-25.89
15933,11,13,-25.36
15935,11,1,-27.79
15936,10,1,-27.22
15937,10,-8,-26.65
15938,10,-8,-26.08
15940,10,-61,-29.55
15941,11,-45,-29.02
15942,13,-29,-28.49
15943,14,-13,-27.96
15945,16,40,-29.37
15946,17,36,-28.78
15947,19,35,-28.19
15948,19,36,-31.56
15950,20,24,-31
15951,19,-10,-30.44
15952,19,-45,-27.9
15953,18,-31,-27.39
15955,17,-40,-26.88
15956,17,-20,-26.37
15957,16,33,-25.87
15958,15,31,-28.34
15960,15,33,-27.81
15961,15,31,-27.28
15962,16,-38,-26.75
15963,15,-34,-29.22
15965,15,-28,-28.69
15966,14,-21,-28.16
15967,13,-12,-27.63
15968,12,-14,-27.1
15970,10,-1,-31.5
15971,8,7,-30.9
15972,5,-3,-30.3
15973,1,10,-29.7
15975,-1,46,-28.15
15976,-5,40,-27.6
15977,-9,33,-27.05
15978,-13,26,-26.5
15980,-16,15,-29.92
15981,-18,6,-29.34
15982,-20,5,-28.76
15983,-21,3,-28.18
15985,-23,-52,-27.64
15986,-25,-43,-27.1
15987,-26,-24,-26.56
15988,-28,-10,-26.02
15990,-31,30,-28.45
15991,-33,30,-27.88
15992,-36,27,-27.31
15993,-39,30,-26.74
15995,-41,24,-26.2
15996,-44,14,-25.66
15997,-46,5,-25.12
15998,-48,8,-24.58
16000,-49,-29,-25.05
16001,-49,-19,-24.52
16002,-49,-14,-23.99
16003,-48,-11,-23.46
16005,-47,-6,-25.93
16006,-46,-1,-25.4
16007,-45,42,-24.87
16008,-43,2,-24.34
16010,-43,-3,-30.73
16011,-43,-8,-30.12
16012,-43,-7,-29.51
16013,-43,-9,-28.9
16015,-44,-3,-29.32
16016,-44,-8,-28.74
16017,-43,0,-28.16
16018,-43,-4,-27.58
16020,-42,-9,-29.03
16021,-40,-16,-28.48
16022,-38,0,-27.93
16023,-36,-4,-27.38
16025,-33,-15,-24.85
16026,-31,4,-24.32
16027,-29,1,-23.79
16028,-27,6,-23.26
16030,-25,-5,-26.72
16031,-23,-5,-26.18
16032,-22,5,-25.64
16033,-21,-6,-25.1
16035,-20,-7,-26.55
16036,-19,-3,-26
16037,-17,42,-25.45
16038,-16,32,-24.9
16040,-14,26,-25.38
16041,-12,18,-24.86
16042,-10,14,-24.34
16043,-7,6,-23.82
16045,-5,-53,-22.34
16046,-3,-30,-21.86
16047,-1,-24,-21.38
16048,0,-21,-20.9
16050,0,25,-25.37
16051,0,26,-24.84
16052,0,22,-24.31
16053,-1,24,-23.78
16055,-2,16,-22.28
16056,-3,10,-21.78
16057,-4,5,-21.28
16058,-5,6,-20.78
16060,-5,-39,-24.27
16061,-5,-34,-23.76
16062,-5,-12,-23.25
16063,-4,-9,-22.74
16065,-4,8,-20.29
16066,-4,21,-19.84
16067,-4,19,-19.39
16068,-4,19,-18.94
16070,-5,16,-18.51
16071,-7,-11,-18.08
16072,-8,-36,-11.71
16073,-9,-32,-11.38
16075,-10,-17,-11.05
16076,-11,-19,-10.72
16077,-11,28,-8.39
16078,-10,24,-8.06
16080,-9,30,-7.73
16081,-8,25,-7.4
16082,-6,-8,-7.07
16083,-4,-18,-5.78
16085,-3,-16,-5.49
16086,-1,-20,-5.2
16087,0,-4,-4.91
16088,0,-2,-4.65
16090,1,0,2.54
16091,1,5,2.73
16092,2,2,2.92
16093,2,1,3.11
16095,3,37,11.17
16096,4,22,11.23
16097,5,19,11.29
16098,7,20,11.35
16100,9,15,15.38
16101,13,6,15.41
16102,16,9,15.44
16103,20,0,15.47
16105,24,-33,23.38
16106,28,-23,23.29
16107,31,-12,23.2
16108,35,-6,23.11
16110,37,29,31.93
16111,40,26,31.75
16112,42,26,31.57
16113,43,23,31.39
16115,45,9,39.1
16116,46,8,38.81
16117,48,7,38.52
16118,50,7,38.23
16120,52,-32,49.82
16121,55,-25,49.41
16122,59,-18,49
16123,62,-11,48.59
16125,66,25,58.07
16126,69,-15,57.55
16127,72,25,57.03
16128,75,26,56.51
16130,77,-24,66.85
16131,79,-23,66.19
16132,80,-21,65.53
16133,80,-30,64.87
16135,81,-18,71.07
16136,81,-27,70.27
16137,81,-28,69.47
16138,81,-18,68.67
16140,81,-29,81.72
16141,81,-32,80.77
16142,82,-32,79.82
16143,84,-44,78.87
16145,85,-40,87.8
16146,85,-25,86.73
16147,86,-14,85.66
16148,86,1,84.59
16150,86,41,91.46
16151,86,52,90.33
16152,85,72,89.2
16153,85,62,88.07
16155,84,49,96.8
16156,83,41,95.53
16157,83,16,94.26
16158,83,2,92.99
16160,83,-21,103.58
16161,84,-24,102.17
16162,85,-33,100.76
16163,86,-27,99.35
16165,87,-45,104.86
16166,88,-31,103.37
16167,89,-21,101.88
16168,90,-2,100.39
16170,90,49,108.81
16171,90,44,107.23
16172,90,41,105.65
16173,89,30,104.07
16175,89,22,111.35
16176,88,13,109.63
16177,88,8,107.91
16178,88,-7,106.19
16180,89,-66,112.4
16181,90,-53,110.61
16182,91,-34,108.82
16183,93,-11,107.03
16185,95,35,117.08
16186,97,37,115.13
16187,99,36,113.18
16188,100,37,111.23
16190,101,31,116.23
16191,102,19,114.23
16192,103,22,112.23
16193,103,17,110.23
16195,103,-26,117.14
16196,103,-17,115.05
16197,104,-13,113.02
16198,104,-6,110.99
16200,105,26,113.91
16201,106,24,111.83
16202,108,21,109.77
16203,110,10,112.66
16205,111,6,110.55
16206,112,-16,108.44
16207,113,-41,113.26
16208,112,-50,111.09
16210,112,-25,108.92
16211,111,-22,106.75
16212,110,22,104.58
16213,109,23,105.38
16215,108,23,103.25
16216,107,24,101.12
16217,106,17,98.99
16218,106,11,96.86
16220,106,6,100.75
16221,107,6,98.64
16222,108,-1,96.53
16223,109,0,94.42
16225,110,-39,96.31
16226,112,-23,94.2
16227,113,-27,92.09
16228,114,-27,89.98
16230,114,15,93.89
16231,114,23,91.8
16232,114,17,89.71
16233,114,19,87.62
16235,114,13,86.61
16236,114,7,84.6
16237,115,-40,82.59
16238,115,-33,80.58
16240,117,-20,79.64
16241,119,-15,77.7
16242,121,-10,75.76
16243,123,-10,73.82
16245,126,34,72.99
16246,128,29,71.16
16247,130,23,69.33
16248,131,17,67.5
16250,132,12,66.76
16251,133,8,65.02
16252,132,-45,63.28
16253,132,-33,61.54
16255,131,-31,59.91
16256,130,-6,58.28
16257,130,-9,56.65
16258,129,-10,55.02
16260,130,-1,52.47
16261,130,4,50.92
16262,131,12,49.37
16263,132,8,47.82
16265,133,8,47.4
16266,134,6,45.98
16267,134,1,44.56
16268,134,6,43.14
16270,134,4,42.81
16271,133,3,41.48
16272,131,-2,40.15
16273,129,7,38.82
16275,126,0,35.59
16276,122,-1,34.36
16277,117,5,33.13
16278,112,3,31.9
16280,107,2,30.77
16281,102,-2,29.64
16282,97,-1,28.51
16283,91,1,27.38
16285,85,3,19.44
16286,77,2,18.5
16287,69,3,17.56
16288,61,7,16.62
16290,52,0,15.75
16291,44,29,14.88
16292,36,29,14.01
16293,29,15,13.14
16295,23,8,12.37
16296,20,8,11.6
16297,18,1,10.83
16298,18,2,10.06
16300,21,-39,5.42
16301,28,-30,4.78
16302,37,-21,4.14
16303,49,-8,3.5
16305,63,25,2.94
16306,78,26,2.38
16307,95,15,1.82
16308,113,23,1.26
16310,133,17,-1.16
16311,154,6,-1.58
16312,175,5,-2
16313,197,-2,-2.42
16315,221,-33,-3.76
16316,248,-28,-4.1
16317,275,-16,-4.44
16318,304,-12,-4.78
16320,334,21,-4.04
16321,364,16,-4.3
16322,395,14,-4.56
16323,423,12,-9.77
16325,448,10,-9.93
16326,469,-3,-10.09
16327,485,-27,-5.3
16328,497,-19,-5.46
16330,506,-15,-5.62
16331,510,-1,-5.78
16332,512,33,-5.87
16333,510,19,-8.93
16335,505,29,-8.99
16336,496,38,-9.05
16337,486,-13,-9.11
16338,472,-17,-10.13
16340,458,-15,-10.15
16341,441,-10,-10.17
16342,424,-5,-10.19
16343,406,-3,-10.21
16345,387,0,-9.18
16346,367,3,-9.15
16347,346,2,-9.12
16348,326,9,-9.09
16350,305,38,-11.99
16351,285,31,-11.89
16352,264,15,-11.79
16353,245,11,-11.69
16355,226,8,-8.56
16356,208,4,-8.43
16357,192,-9,-8.3
16358,177,-7,-8.17
16360,164,-39,-10.01
16361,152,-36,-9.85
16362,141,-31,-9.69
16363,132,-27,-9.53
16365,124,1,-10.35
16366,116,5,-10.17
16367,109,5,-9.99
16368,103,2,-9.81
16370,98,-5,-11.6
16371,92,-8,-11.39
16372,87,-46,-11.18
16373,83,-50,-10.97
16375,79,-113,-11.74
16376,76,-96,-11.51
16377,73,-78,-11.28
16378,71,-70,-11.05
16380,70,-23,-13.79
16381,70,-3,-13.53
16382,71,81,-13.27
16383,73,90,-13.01
16385,75,29,-13.75
16386,76,39,-13.49
16387,78,55,-13.23
16388,80,46,-12.97
16390,81,42,-12.7
16391,82,31,-12.43
16392,83,36,-12.16
16393,84,32,-11.89
16395,84,25,-9.63
16396,85,31,-9.37
16397,86,18,-9.11
16398,87,20,-8.85
16400,88,27,-17.52
16401,89,12,-17.19
16402,91,12,-16.86
16403,93,5,-16.53
16405,95,7,-12.24
16406,96,4,-11.95
16407,97,5,-11.66
16408,98,6,-11.37
16410,97,-4,-15.11
16411,97,3,-14.85
16412,96,52,-14.59
16413,94,40,-14.33
16415,92,17,-15.06
16416,90,4,-14.79
16417,88,-1,-14.52
16418,86,-1,-14.25
16420,84,-60,-15.96
16421,83,-54,-15.67
16422,82,-46,-15.38
16423,81,-31,-15.09
16425,79,-1,-15.83
16426,78,4,-15.57
16427,76,-3,-15.31
16428,74,1,-15.05
16430,71,-5,-13.8
16431,68,-5,-13.55
16432,64,-4,-13.3
16433,61,-8,-13.05
16435,57,-47,-19.75
16436,54,-37,-19.45
16437,50,-23,-19.15
16438,47,-20,-18.85
16440,45,23,-18.56
16441,43,23,-18.27
16442,42,23,-17.98
16443,41,22,-17.69
16445,41,16,-17.39
16446,40,10,-17.09
16447,39,3,-16.79
16448,38,-6,-16.54
16450,37,-66,-19.26
16451,36,-61,-18.98
16452,34,-48,-18.65
16453,32,-36,-18.32
16455,30,30,-17.99
16456,29,27,-17.66
16457,27,26,-17.33
16458,27,32,-21.98
16460,27,24,-21.63
16461,27,7,-21.28
16462,27,-45,-20.93
16463,28,-33,-20.59
16465,28,-18,-20.25
16466,28,-4,-19.91
16467,28,40,-19.57
16468,28,41,-23.19
16470,28,40,-22.8
16471,27,30,-22.41
16472,26,20,-22.02
16473,25,12,-21.63
16475,24,5,-21.27
16476,23,-1,-20.91
16477,23,2,-20.55
16478,23,0,-20.19
16480,24,-33,-20.79
16481,25,-26,-20.39
16482,26,-12,-19.99
16483,28,-9,-19.59
16485,30,28,-16.24
16486,32,20,-15.89
16487,34,19,-15.54
16488,36,15,-15.19
16490,38,12,-23.76
16491,40,7,-23.33
16492,41,-1,-22.9
16493,42,-3,-22.47
16495,43,-29,-23.05
16496,44,-22,-22.63
16497,46,-15,-22.21
16498,47,-15,-21.79
16500,49,16,-24.35
16501,51,17,-23.91
16502,54,16,-23.47
16503,56,13,-23.03
16505,58,-33,-22.62
16506,60,-24,-22.21
16507,61,-25,-21.8
16508,62,-9,-21.39
16510,63,-2,-20
16511,63,-4,-19.61
16512,62,0,-19.22
16513,61,4,-18.83
16515,59,3,-20.42
16516,58,-4,-20.01
16517,57,4,-19.6
16518,56,-1,-19.19
16520,55,11,-22.72
16521,55,3,-22.25
16522,55,3,-21.78
16523,55,-2,-21.31
16525,55,6,-22.91
16526,55,-2,-22.51
16527,55,6,-22.11
16528,55,-3,-21.71
16530,54,-1,-23.25
16531,53,2,-22.79
16532,52,5,-22.33
16533,51,-3,-21.87
16535,49,-3,-26.4
16536,49,1,-25.93
16537,48,1,-25.46
16538,48,-3,-24.99
16540,48,5,-21.56
16541,48,2,-21.13
16542,49,1,-20.7
16543,50,0,-20.27
16545,50,25,-24.81
16546,51,24,-24.35
16547,50,18,-23.89
16548,50,11,-23.43
16550,49,10,-23.97
16551,48,6,-23.51
16552,47,1,-23.05
16553,45,-2,-22.59
16555,44,-49,-26.08
16556,43,-40,-25.57
16557,43,-21,-25.06
16558,42,-17,-24.55
16560,43,26,-27.08
16561,44,24,-26.61
16562,46,23,-26.14
16563,48,23,-25.67
16565,50,16,-29.16
16566,53,10,-28.65
16567,54,5,-28.14
16568,56,0,-27.63
16570,58,-49,-26.13
16571,59,-40,-25.63
16572,60,-21,-25.13
16573,60,-5,-24.63
16575,61,23,-29.11
16576,62,23,-28.59
16577,64,23,-28.07
16578,66,24,-34.48
16580,70,17,-33.89
16581,75,-6,-33.3
16582,79,-40,-31.72
16583,84,-33,-31.19
16585,88,-32,-30.66
16586,93,-12,-30.13
16587,97,26,-29.6
16588,101,27,-31.05
16590,105,28,-30.5
16591,108,26,-29.95
16592,111,-16,-29.4
16593,113,-14,-28.89
16595,116,-18,-29.37
16596,120,-20,-28.85
16597,123,-13,-28.33
16598,126,0,-27.81
16600,130,5,-31.25
16601,135,12,-30.69
16602,139,0,-30.13
16603,144,6,-29.57
16605,148,35,-33.97
16606,152,28,-33.37
16607,155,16,-32.77
16608,158,11,-32.17
16610,160,8,-30.55
16611,162,8,-29.93
16612,164,0,-29.31
16613,165,-3,-28.69
16615,166,-41,-29.15
16616,167,-29,-28.61
16617,168,-24,-28.07
16618,170,-13,-27.53
16620,171,24,-29.97
16621,174,25,-29.41
16622,176,22,-28.85
16623,179,19,-28.29
16625,181,13,-34.69
16626,183,-8,-34.09
16627,184,-39,-33.49
16628,185,-25,-32.89
16630,186,-25,-28.33
16631,186,-16,-27.77
16632,186,0,-27.21
16633,186,-6,-26.65
16635,186,-6,-31.03
16636,186,6,-30.41
16637,186,3,-29.79
16638,187,5,-29.17
16640,188,6,-33.52
16641,189,-2,-32.87
16642,190,2,-32.22
16643,192,7,-31.57
16645,194,6,-27
16646,195,11,-26.43
16647,196,7,-25.86
16648,196,5,-25.29
16650,196,0,-29.69
16651,195,-8,-29.09
16652,194,1,-28.49
16653,193,-2,-27.89
16655,191,3,-29.29
16656,190,7,-28.69
16657,188,7,-28.09
16658,187,6,-27.49
16660,186,5,-28.92
16661,186,6,-28.35
16662,185,1,-27.78
16663,186,-8,-27.21
16665,185,42,-30.57
16666,185,35,-29.93
16667,184,31,-29.29
16668,183,19,-28.65
16670,182,7,-23.11
16671,181,6,-22.57
16672,179,4,-22.03
16673,177,-1,-21.49
16675,176,-36,-26.9
16676,175,-31,-26.31
16677,175,-22,-25.72
16678,175,-11,-25.13
16680,175,35,-24.58
16681,176,26,-24.03
16682,177,21,-23.48
16683,178,22,-22.93
16685,179,16,-24.39
16686,179,6,-23.85
16687,179,4,-23.31
16688,178,8,-22.77
16690,177,-36,-26.23
16691,175,-31,-25.69
16692,173,-27,-25.15
16693,170,-18,-24.61
16695,167,28,-27.03
16696,165,19,-26.45
16697,162,16,-25.87
16698,160,15,-28.26
16700,158,9,-27.7
16701,157,-6,-27.14
16702,156,-32,-27.57
16703,154,-32,-27.07
16705,153,-28,-26.57
16706,151,-14,-26.07
16707,149,5,-25.56
16708,146,26,-25.05
16710,144,28,-24.54
16711,141,4,-24.03
16712,139,22,-23.52
16713,136,-19,-23.03
16715,133,-19,-26.5
16716,131,-24,-25.97
16717,129,-18,-25.44
16718,128,-15,-24.91
16720,127,-3,-25.38
16721,126,-8,-24.85
16722,127,2,-24.32
16723,127,1,-23.79
16725,128,43,-24.29
16726,129,29,-23.79
16727,129,26,-23.29
16728,130,23,-22.79
16730,130,12,-24.32
16731,130,1,-23.85
16732,130,-6,-23.38
16733,129,-3,-22.91
16735,129,-38,-25.4
16736,130,-27,-24.89
16737,130,-24,-24.38
16738,131,-25,-23.87
16740,133,25,-23.37
16741,135,22,-22.87
16742,137,16,-22.37
16743,140,22,-21.87
16745,143,11,-25.36
16746,146,7,-24.85
16747,148,0,-24.34
16748,151,-7,-23.83
16750,153,-35,-26.36
16751,154,-31,-25.89
16752,155,-20,-25.42
16753,155,-19,-24.95
16755,156,-22,-25.43
16756,156,-14,-24.91
16757,157,38,-24.39
16758,157,26,-23.87
16760,158,23,-27.36
16761,159,16,-26.85
16762,161,-22,-26.34
16763,162,-10,-25.83
16765,163,-20,-26.36
16766,164,-15,-25.89
16767,164,-10,-25.42
16768,164,-10,-24.95
16770,164,-4,-27.41
16771,163,-2,-26.87
16772,161,3,-26.33
16773,159,3,-25.79
16775,157,7,-30.25
16776,155,0,-29.71
16777,153,2,-29.17
16778,151,6,-28.63
16780,150,8,-32.07
16781,150,-1,-31.51
16782,150,8,-30.95
16783,150,0,-30.39
16785,150,2,-27.87
16786,150,1,-27.35
16787,150,33,-26.83
16788,149,27,-26.31
16790,148,13,-28.8
16791,147,12,-28.29
16792,146,5,-27.78
16793,144,1,-27.27
16795,142,-36,-28.69
16796,141,-36,-28.11
16797,141,-22,-27.53
16798,140,-23,-26.95
16800,140,23,-31.38
16801,141,21,-30.81
16802,142,22,-30.24
16803,143,20,-29.67
16805,144,17,-30.09
16806,144,9,-29.51
16807,145,2,-28.93
16808,145,1,-28.35
16810,145,-36,-32.74
16811,145,-23,-32.13
16812,144,-23,-31.52
16813,143,-7,-30.91
16815,142,28,-31.33
16816,142,18,-30.75
16817,141,14,-30.17
16818,141,16,-31.57
16820,142,7,-31
16821,143,5,-30.43
16822,143,-44,-29.86
16823,143,-25,-29.32
16825,143,-29,-28.78
16826,143,-14,-28.24
16827,142,26,-27.71
16828,140,23,-35.1
16830,137,26,-34.49
16831,134,20,-33.88
16832,130,2,-33.27
16833,126,-24,-32.66
16835,122,-22,-28.09
16836,118,-20,-27.52
16837,114,-13,-26.95
16838,110,-9,-26.38
16840,107,-3,-25.85
16841,105,-3,-25.32
16842,102,5,-24.79
16843,101,5,-24.26
16845,99,39,-32.65
16846,97,28,-32.04
16847,94,25,-31.43
16848,92,18,-30.82
16850,90,8,-28.24
16851,87,8,-27.66
16852,84,2,-27.08
16853,81,0,-26.5
16855,78,-45,-28.91
16856,75,-32,-28.32
16857,73,-16,-27.73
16858,71,-14,-27.14
16860,69,19,-31.53
16861,68,21,-30.92
16862,68,19,-30.31
16863,68,19,-29.7
16865,67,14,-27.11
16866,66,8,-26.52
16867,65,3,-25.93
16868,64,-1,-25.34
16870,63,-40,-28.75
16871,61,-33,-28.16
16872,58,-17,-27.57
16873,56,-10,-26.98
16875,54,25,-28.4
16876,52,26,-27.82
16877,50,19,-27.24
16878,48,12,-26.66
16880,48,-13,-27.08
16881,47,-19,-26.5
16882,48,-16,-25.92
16883,49,-10,-25.34
16885,49,-5,-27.77
16886,50,-1,-27.2
16887,50,3,-26.63
16888,50,-3,-26.06
16890,50,-8,-26.49
16891,50,-3,-25.92
16892,49,-2,-25.35
16893,48,-5,-24.78
16895,47,2,-29.19
16896,46,3,-28.6
16897,46,4,-28.01
16898,46,-2,-27.42
16900,47,2,-30.84
16901,49,0,-30.26
16902,50,2,-29.68
16903,52,7,-29.1
16905,54,-3,-28.56
16906,56,-1,-28.02
16907,57,-2,-27.48
16908,58,-3,-26.94
16910,58,2,-29.35
16911,58,-3,-28.76
16912,58,1,-28.17
16913,57,4,-27.58
16915,56,0,-26.03
16916,56,1,-25.48
16917,56,7,-24.93
16918,56,2,-24.38
16920,57,39,-25.83
16921,58,23,-25.28
16922,59,21,-24.73
16923,61,11,-24.18
16925,63,8,-28.63
16926,64,2,-28.08
16927,65,-2,-27.53
16928,66,-1,-26.98
16930,66,-44,-27.43
16931,66,-31,-26.88
16932,66,-21,-26.33
16933,65,-13,-25.78
16935,64,30,-25.28
16936,63,24,-24.78
16937,62,19,-24.28
16938,61,18,-23.78
16940,61,14,-26.26
16941,61,7,-25.74
16942,61,6,-25.22
16943,62,-11,-24.72
16945,62,-40,-31.15
16946,62,-22,-30.58
16947,61,-14,-30.01
16948,60,-12,-29.44
16950,59,26,-24.91
16951,58,17,-24.38
16952,56,17,-23.85
16953,54,16,-29.34
16955,51,11,-28.83
16956,49,0,-28.32
16957,46,-24,-24.84
16958,42,-23,-24.36
16960,39,-27,-23.84
16961,35,-11,-23.32
16962,31,32,-22.8
16963,26,23,-31.19
16965,20,18,-30.58
16966,13,24,-29.97
16967,6,-7,-29.36
16968,0,-30,-28.75
16970,-9,-10,-26.25
16971,-19,-11,-25.75
16972,-29,-4,-25.25
16973,-39,-1,-24.75
16975,-50,0,-26.21
16976,-59,9,-25.67
16977,-68,7,-25.13
16978,-76,5,-24.59
16980,-82,35,-25.07
16981,-87,32,-24.55
16982,-91,24,-24.03
16983,-94,13,-23.51
16985,-95,11,-26.01
16986,-94,5,-25.51
16987,-91,4,-25.01
16988,-88,-5,-24.51
16990,-83,-44,-24.98
16991,-77,-30,-24.45
16992,-71,-24,-23.92
16993,-64,-16,-23.39
16995,-55,23,-26.86
16996,-45,12,-26.33
16997,-33,19,-25.8
16998,-21,20,-25.27
17000,-7,12,-24.76
17001,8,-9,-24.25
17002,24,-31,-23.74
17003,42,-31,-23.23
17005,61,-24,-23.72
17006,82,-16,-23.21
17007,105,-16,-22.7
17008,127,-10,-22.19
17010,149,-8,-23.69
17011,170,0,-23.19
17012,190,7,-22.69
17013,209,3,-22.19
17015,225,4,-23.68
17016,238,6,-23.17
17017,249,10,-22.66
17018,258,9,-22.15
17020,264,9,-21.69
17021,267,11,-21.23
17022,267,13,-20.77
17023,266,8,-20.31
17025,261,6,-24.84
17026,253,10,-24.37
17027,243,10,-23.9
17028,230,6,-23.43
17030,216,17,-22.96
17031,200,7,-22.49
17032,182,17,-22.02
17033,164,9,-21.55
17035,145,10,-24.08
17036,126,4,-23.61
17037,108,-9,-23.14
17038,90,-10,-22.67
17040,73,16,-23.18
17041,57,7,-22.69
17042,42,-11,-22.2
17043,29,-15,-21.71
17045,16,-16,-22.23
17046,4,-23,-21.75
17047,-7,-21,-21.27
17048,-18,-22,-20.79
17050,-28,-70,-23.33
17051,-38,-58,-22.87
17052,-47,-40,-22.41
17053,-56,-9,-21.95
17055,-63,43,-22.49
17056,-69,44,-22.03
17057,-75,43,-21.57
17058,-79,39,-21.11
17060,-82,31,-22.63
17061,-83,21,-22.15
17062,-84,8,-21.67
17063,-84,3,-21.19
17065,-83,-40,-23.71
17066,-82,-24,-23.23
17067,-81,-21,-22.75
17068,-80,-21,-22.27
17070,-79,21,-24.83
17071,-78,7,-24.39
17072,-77,5,-23.95
17073,-76,11,-23.51
17075,-75,5,-23.03
17076,-73,4,-22.55
17077,-71,-50,-30.98
17078,-68,-44,-30.47
17080,-64,-32,-29.96
17081,-60,-15,-29.45
17082,-57,37,-28.91
17083,-53,34,-27.38
17085,-50,32,-26.85
17086,-47,35,-26.32
17087,-45,25,-25.79
17088,-43,16,-25.35
17090,-41,9,-24.91
17091,-40,1,-24.47
17092,-40,2,-24.03
17093,-40,1,-23.59
17095,-39,-39,-28.08
17096,-39,-16,-27.57
17097,-39,-11,-27.06
17098,-38,-11,-26.55
17100,-38,39,-26.06
17101,-37,33,-25.57
17102,-35,26,-25.08
17103,-34,26,-24.59
17105,-33,12,-25.1
17106,-33,10,-24.61
17107,-33,-40,-24.12
17108,-34,-33,-23.63
17110,-35,-21,-26.14
17111,-37,-21,-25.65
17112,-40,-13,-25.16
17113,-43,-3,-24.67
17115,-46,20,-22.21
17116,-48,18,-21.75
17117,-51,18,-21.29
17118,-53,11,-20.83
17120,-55,10,-27.34
17121,-56,4,-26.85
17122,-57,1,-26.36
17123,-58,-1,-25.87
17125,-59,-46,-23.4
17126,-60,-33,-22.93
17127,-62,-23,-22.46
17128,-64,-22,-21.99
17130,-67,-12,-23.51
17131,-69,-6,-23.03
17132,-72,33,-22.55
17133,-75,33,-22.07
17135,-78,-15,-24.58
17136,-80,-15,-24.09
17137,-82,-3,-23.6
17138,-84,-8,-23.11
17140,-84,0,-22.64
17141,-85,-11,-22.17
17142,-85,4,-21.7
17143,-84,8,-21.23
17145,-84,-2,-20.76
17146,-83,7,-20.29
17147,-83,10,-19.82
17148,-83,3,-19.35
17150,-83,1,-18.93
17151,-84,10,-18.51
17152,-85,10,-18.09
17153,-85,15,-17.67
17155,-86,8,-20.22
17156,-87,12,-19.77
17157,-87,9,-19.32
17158,-87,6,-18.87
17160,-86,2,-18.45
17161,-85,2,-18.03
17162,-83,40,-17.61
17163,-81,31,-17.19
17165,-79,19,-20.74
17166,-78,16,-20.29
17167,-76,8,-19.84
17168,-75,3,-19.39
17170,-74,-47,-19.94
17171,-74,-44,-19.49
17172,-74,-33,-19.04
17173,-74,-21,-18.59
17175,-74,15,-20.15
17176,-74,11,-19.71
17177,-74,13,-19.27
17178,-74,13,-18.83
17180,-73,10,-21.37
17181,-72,6,-20.91
17182,-70,1,-20.45
17183,-69,-2,-19.99
17185,-67,-56,-17.57
17186,-66,-47,-17.15
17187,-66,-37,-16.73
17188,-65,-17,-16.31
17190,-65,28,-20.87
17191,-66,25,-20.43
17192,-67,21,-19.99
17193,-68,18,-23.51
17195,-68,14,-23.06
17196,-69,10,-22.61
17197,-69,-47,-24.14
17198,-68,-51,-23.67
17200,-68,-40,-23.2
17201,-67,-18,-22.73
17202,-66,35,-22.35
17203,-65,32,-20.98
17205,-65,43,-20.61
17206,-65,8,-20.24
17207,-66,-33,-19.87
17208,-67,31,-19.49
17210,-68,22,-19.11
17211,-70,14,-18.73
17212,-72,14,-18.35
17213,-74,12,-17.97
17215,-76,-45,-14.62
17216,-78,-34,-14.27
17217,-79,-23,-13.92
17218,-81,-32,-13.57
17220,-81,32,-13.27
17221,-81,33,-12.97
17222,-81,34,-12.67
17223,-80,31,-12.37
17225,-79,22,-10.09
17226,-79,18,-9.81
17227,-79,11,-9.53
17228,-80,1,-9.25
17230,-80,-31,-7.99
17231,-81,-28,-7.73
17232,-82,-19,-7.47
17233,-83,-11,-7.21
17235,-84,27,-5.99
17236,-85,27,-5.77
17237,-85,21,-5.55
17238,-85,21,-5.33
17240,-84,16,-0.14
17241,-82,7,0.05
17242,-80,4,0.24
17243,-77,-5,0.43
17245,-74,-34,3.52
17246,-72,-22,3.61
17247,-69,-18,3.7
17248,-67,-16,3.79
17250,-64,25,11.82
17251,-62,16,11.85
17252,-60,20,11.88
17253,-58,6,11.91
17255,-56,-18,18.85
17256,-54,-14,18.79
17257,-51,-16,18.73
17258,-49,-10,18.67
17260,-46,-8,23.53
17261,-42,-6,23.39
17262,-39,8,23.25
17263,-35,5,23.11
17265,-31,12,31.88
17266,-28,6,31.65
17267,-26,6,31.42
17268,-23,5,31.19
17270,-21,8,37.89
17271,-18,-6,37.59
17272,-16,4,37.29
17273,-15,-2,36.99
17275,-13,3,46.59
17276,-10,3,46.19
17277,-8,3,45.79
17278,-5,-6,45.39
17280,-2,-4,56.84
17281,0,-6,56.29
17282,4,-5,55.74
17283,8,-9,55.19
17285,12,-10,64.54
17286,15,-5,63.89
17287,18,-13,63.24
17288,21,-4,62.59
17290,24,-15,69.82
17291,27,-12,69.05
17292,29,-16,68.28
17293,31,-15,67.51
17295,33,31,79.6
17296,36,29,78.69
17297,38,-3,77.78
17298,41,-13,76.87
17300,44,-27,88.81
17301,47,-17,87.75
17302,51,9,86.69
17303,55,12,85.63
17305,58,-7,94.44
17306,61,13,93.25
17307,64,36,92.06
17308,66,39,90.87
17310,67,108,101.58
17311,68,84,100.29
17312,68,50,99
17313,68,25,97.71
17315,68,-5,107.26
17316,68,-14,105.81
17317,67,-30,104.36
17318,67,-38,102.87
17320,67,-82,106.33
17321,67,-54,104.79
17322,67,-49,103.23
17323,68,-23,101.67
17325,68,5,111
17326,67,14,109.33
17327,67,11,107.66
17328,66,9,117.88
17330,64,-5,116.1
17331,63,-14,114.32
17332,61,-80,119.47
17333,60,-70,117.62
17335,59,-59,115.77
17336,58,-44,113.92
17337,58,30,112.07
17338,57,41,125.07
17340,58,47,123.1
17341,58,44,121.13
17342,59,40,119.16
17343,61,32,117.19
17345,61,30,122.15
17346,61,18,120.11
17347,61,13,118.07
17348,61,10,116.03
17350,60,-19,126.88
17351,58,-11,124.73
17352,56,-4,122.58
17353,53,-9,120.43
17355,51,26,123.24
17356,49,23,121.05
17357,47,25,118.86
17358,45,13,116.67
17360,43,13,121.42
17361,42,6,119.17
17362,42,5,116.92
17363,42,-8,114.67
17365,41,-36,123.36
17366,40,-27,121.05
17367,38,-14,118.74
17368,36,-11,116.43
17370,33,25,120.09
17371,30,25,117.75
17372,27,19,115.41
17373,23,17,113.07
17375,20,10,113.78
17376,17,-18,111.49
17377,15,-49,109.2
17378,13,-42,106.91
17380,12,-34,111.62
17381,11,-13,109.33
17382,11,-2,107.04
17383,11,-10,104.75
17385,11,-10,104.49
17386,10,0,102.23
17387,10,2,99.97
17388,9,1,97.71
17390,8,-7,98.51
17391,6,-1,96.31
17392,5,0,94.11
17393,3,1,91.91
17395,1,-1,93.74
17396,0,10,91.57
17397,0,9,89.4
17398,0,15,87.23
17400,0,6,88.13
17401,0,4,86.03
17402,0,-2,83.93
17403,0,-8,81.83
17405,1,6,82.82
17406,0,5,80.81
17407,0,11,78.8
17408,0,9,76.79
17410,-1,13,76.86
17411,-3,14,74.93
17412,-5,16,73
17413,-7,11,71.07
17415,-9,46,72.19
17416,-10,36,70.31
17417,-10,30,68.43
17418,-11,21,66.55
17420,-10,19,64.8
17421,-9,11,63.05
17422,-8,3,61.3
17423,-7,0,59.55
17425,-5,-43,58.92
17426,-4,-33,57.29
17427,-4,-25,55.66
17428,-3,-19,54.03
17430,-3,32,53.49
17431,-3,23,51.95
17432,-3,18,50.41
17433,-4,20,48.87
17435,-5,9,46.46
17436,-5,2,45.05
17437,-4,-6,43.64
17438,-4,-12,42.23
17440,-3,-46,40.93
17441,-1,-38,39.63
17442,0,-28,38.33
17443,3,-27,37.03
17445,6,10,36.77
17446,8,17,35.51
17447,10,10,34.25
17448,12,11,31.01
17450,13,7,29.88
17451,14,2,28.75
17452,16,-35,32.57
17453,17,-38,31.51
17455,19,-21,30.45
17456,20,-13,29.39
17457,22,25,28.4
17458,25,26,22.46
17460,28,19,21.52
17461,31,26,20.58
17462,34,-5,19.64
17463,38,-17,18.85
17465,41,-17,19.05
17466,44,-16,18.25
17467,46,-8,17.45
17468,48,-2,16.65
17470,49,3,18.89
17471,50,3,18.13
17472,50,6,17.37
17473,50,7,16.61
17475,50,38,16.97
17476,50,29,16.33
17477,50,22,15.69
17478,51,14,15.05
17480,52,14,11.49
17481,53,6,10.93
17482,55,8,10.37
17483,57,-6,9.81
17485,58,-34,12.29
17486,60,-30,11.77
17487,61,-28,11.25
17488,62,-16,10.73
17490,63,22,13.29
17491,63,27,12.85
17492,63,19,12.41
17493,63,19,11.97
17495,64,11,9.61
17496,65,5,9.25
17497,66,-1,8.89
17498,67,-9,8.53
17500,69,-39,10.18
17501,72,-31,9.83
17502,75,-23,9.48
17503,78,-21,9.13
17505,81,-9,7.86
17506,83,-23,7.59
17507,85,0,7.32
17508,87,45,7.05
17510,88,4,3.83
17511,88,-6,3.61
17512,89,-2,3.39
17513,89,-1,3.17
17515,88,1,2.98
17516,88,-4,2.79
17517,88,-1,2.6
17518,88,4,2.41
17520,88,1,9.19
17521,88,3,8.97
17522,88,3,8.75
17523,88,-4,8.53
17525,87,5,5.37
17526,86,-1,5.21
17527,84,1,5.05
17528,82,-2,4.89
17530,79,0,5.75
17531,75,2,5.61
17532,71,0,5.47
17533,67,2,5.33
17535,63,-2,3.23
17536,57,2,3.13
17537,52,34,3.03
17538,46,29,2.93
17540,40,18,7.81
17541,34,16,7.69
17542,27,11,7.57
17543,21,2,7.45
17545,13,-38,1.39
17546,5,-40,1.33
17547,-3,-22,1.27
17548,-12,-15,1.21
17550,-22,20,4.13
17551,-32,14,4.05
17552,-43,19,3.97
17553,-54,16,3.89
17555,-64,14,-0.14
17556,-75,4,-0.17
17557,-84,-1,-0.2
17558,-93,0,-0.23
17560,-102,-41,-0.27
17561,-110,-30,-0.31
17562,-117,-26,-0.35
17563,-123,-18,-0.39
17565,-131,23,2.54
17566,-139,19,2.47
17567,-148,22,2.4
17568,-158,19,1.34
17570,-168,14,1.29
17571,-179,14,1.24
17572,-191,-41,-1.78
17573,-203,-39,-1.82
17575,-215,-18,-1.86
17576,-227,-9,-1.9
17577,-238,-1,-1.89
17578,-249,24,-2.87
17580,-257,24,-2.85
17581,-265,29,-2.83
17582,-272,19,-2.81
17583,-277,-23,-2.84
17585,-281,-29,-4.85
17586,-284,-15,-4.86
17587,-285,-11,-4.87
17588,-286,-13,-4.88
17590,-284,-4,-1.91
17591,-279,-2,-1.94
17592,-273,9,-1.97
17593,-265,6,-2
17595,-254,31,-1.01
17596,-242,25,-1.02
17597,-227,23,-1.03
17598,-212,13,-1.04
17600,-195,9,0.94
17601,-176,5,0.92
17602,-156,2,0.9
17603,-135,-2,0.88
17605,-113,-41,-0.16
17606,-91,-39,-0.2
17607,-69,-24,-0.24
17608,-47,-14,-0.28
17610,-24,28,-2.27
17611,0,25,-2.26
17612,24,24,-2.25
17613,49,21,-2.24
17615,73,15,-6.16
17616,95,8,-6.08
17617,115,3,-6
17618,134,-2,-5.92
17620,150,-49,-5.86
17621,163,-27,-5.8
17622,173,-34,-5.74
17623,182,-15,-5.68
17625,186,26,-9.56
17626,186,14,-9.44
17627,183,23,-9.32
17628,178,12,-9.2
17630,168,-28,-8.1
17631,156,-26,-8
17632,141,-20,-7.9
17633,124,-13,-7.8
17635,107,-5,-9.71
17636,89,-1,-9.62
17637,70,14,-9.53
17638,52,17,-9.44
17640,35,13,-7.37
17641,18,9,-7.3
17642,2,2,-7.23
17643,-13,-1,-7.16
17645,-27,5,-7.02
17646,-42,-1,-6.88
17647,-56,-6,-6.74
17648,-69,-7,-6.6
17650,-82,-11,-8.47
17651,-95,7,-8.34
17652,-107,-3,-8.21
17653,-118,-6,-8.08
17655,-128,-4,-11.9
17656,-136,4,-11.72
17657,-144,1,-11.54
17658,-151,-1,-11.36
17660,-157,19,-13.18
17661,-161,11,-13
17662,-165,18,-12.82
17663,-167,17,-12.64
17665,-169,18,-15.38
17666,-171,15,-15.12
17667,-173,14,-14.86
17668,-174,12,-14.6
17670,-176,60,-13.41
17671,-177,49,-13.22
17672,-179,36,-13.03
17673,-181,26,-12.84
17675,-182,14,-17.57
17676,-183,-1,-17.3
17677,-183,-16,-17.03
17678,-183,-14,-16.76
17680,-182,-65,-16.53
17681,-180,-47,-16.3
17682,-178,-35,-16.07
17683,-176,-23,-15.84
17685,-174,14,-14.62
17686,-172,13,-14.4
17687,-171,15,-14.18
17688,-170,12,-13.96
17690,-169,9,-16.68
17691,-169,3,-16.4
17692,-168,-7,-16.12
17693,-169,-8,-15.85
17695,-168,-52,-18.55
17696,-168,-44,-18.25
17697,-167,-41,-17.98
17698,-165,-32,-17.71
17700,-164,22,-20.41
17701,-162,28,-20.11
17702,-160,23,-19.81
17703,-158,27,-21.5
17705,-156,22,-21.19
17706,-155,16,-20.88
17707,-154,-33,-20.57
17708,-154,-30,-20.26
17710,-154,-22,-19.97
17711,-154,-14,-19.68
17712,-155,27,-19.39
17713,-155,23,-21.08
17715,-155,21,-20.74
17716,-155,16,-20.4
17717,-154,-21,-20.06
17718,-154,-36,-19.72
17720,-153,-33,-23.33
17721,-151,-27,-22.94
17722,-149,-19,-22.55
17723,-147,-16,-22.16
17725,-145,-9,-22.74
17726,-144,-10,-22.32
17727,-143,-10,-21.9
17728,-142,-13,-21.48
17730,-141,47,-27.01
17731,-141,35,-26.54
17732,-141,29,-26.07
17733,-142,24,-25.6
17735,-142,25,-23.17
17736,-142,21,-22.74
17737,-143,11,-22.31
17738,-143,6,-21.88
17740,-143,-45,-20.5
17741,-142,-33,-20.12
17742,-141,-6,-19.74
17743,-140,-7,-19.36
17745,-139,35,-25.91
17746,-138,34,-25.46
17747,-137,28,-25.01
17748,-137,25,-24.56
17750,-137,17,-26.13
17751,-137,8,-25.7
17752,-138,-41,-25.27
17753,-139,-29,-24.84
17755,-139,-20,-27.37
17756,-140,-14,-26.9
17757,-140,-5,-26.43
17758,-141,-7,-25.96
17760,-141,-5,-23.53
17761,-140,5,-23.1
17762,-140,0,-22.67
17763,-139,-2,-22.24
17765,-139,-6,-23.77
17766,-140,-6,-23.3
17767,-140,4,-22.83
17768,-141,4,-22.36
17770,-142,10,-27.83
17771,-144,16,-27.3
17772,-145,8,-26.77
17773,-147,8,-26.24
17775,-149,-3,-22.76
17776,-151,-1,-22.28
17777,-153,1,-21.8
17778,-155,-6,-21.32
17780,-156,0,-25.83
17781,-156,4,-25.34
17782,-157,5,-24.85
17783,-157,5,-24.36
17785,-158,4,-25.87
17786,-158,1,-25.38
17787,-160,3,-24.89
17788,-161,4,-24.4
17790,-163,31,-28.89
17791,-165,33,-28.38
17792,-167,18,-27.87
17793,-170,17,-27.36
17795,-172,13,-23.87
17796,-173,8,-23.38
17797,-174,-8,-22.89
17798,-175,-5,-22.4
17800,-175,-47,-20.97
17801,-174,-26,-20.54
17802,-173,-19,-20.11
17803,-172,-7,-19.68
17805,-171,25,-25.19
17806,-170,18,-24.7
17807,-170,17,-24.21
17808,-169,12,-23.72
17810,-169,3,-24.21
17811,-169,0,-23.7
17812,-170,-2,-23.19
17813,-170,-5,-22.68
17815,-170,-42,-22.2
17816,-169,-44,-21.72
17817,-169,-33,-21.24
17818,-167,-17,-20.76
17820,-166,23,-28.23
17821,-163,25,-27.7
17822,-161,20,-27.17
17823,-158,14,-26.64
17825,-155,6,-30.1
17826,-153,5,-29.56
17827,-151,-69,-27.04
17828,-150,-53,-26.54
17830,-148,-46,-26.04
17831,-148,-34,-25.54
17832,-147,14,-25.04
17833,-146,43,-22.56
17835,-146,41,-22.08
17836,-145,42,-21.6
17837,-143,26,-21.12
17838,-142,-39,-20.66
17840,-140,-28,-25.15
17841,-138,-36,-24.64
17842,-136,-23,-24.13
17843,-133,-21,-23.62
17845,-131,-3,-26.12
17846,-130,0,-25.62
17847,-129,20,-25.12
17848,-128,17,-24.62
17850,-128,54,-27.1
17851,-127,40,-26.58
17852,-127,31,-26.06
17853,-128,27,-25.54
17855,-127,19,-23.1
17856,-127,13,-22.66
17857,-126,8,-22.22
17858,-124,1,-21.78
17860,-122,-50,-19.34
17861,-120,-39,-18.9
17862,-116,-24,-18.46
17863,-113,-8,-18.02
17865,-109,35,-18.56
17866,-106,26,-18.1
17867,-103,16,-17.64
17868,-100,29,-17.18
17870,-97,22,-14.81
17871,-95,11,-14.44
17872,-93,5,-14.07
17873,-92,0,-13.7
17875,-90,-43,-14.34
17876,-88,-26,-13.98
17877,-85,-21,-13.62
17878,-83,-9,-13.26
17880,-80,-11,-10.95
17881,-76,3,-10.64
17882,-73,3,-10.33
17883,-69,48,-10.02
17885,-65,35,-4.74
17886,-62,-3,-4.46
17887,-60,-6,-4.18
17888,-58,-6,-3.9
17890,-56,-10,-2.65
17891,-55,-7,-2.4
17892,-54,-12,-2.15
17893,-53,-4,-1.9
17895,-52,-6,4.23
17896,-50,3,4.36
17897,-49,-2,4.49
17898,-47,-4,4.62
17900,-45,3,10.72
17901,-42,-2,10.82
17902,-39,-2,10.92
17903,-37,-9,11.02
17905,-34,-12,16.02
17906,-32,-13,16.02
17907,-31,-19,16.02
17908,-30,-20,16.02
17910,-29,-32,18.97
17911,-29,-14,18.92
17912,-29,33,18.87
17913,-29,26,18.82
17915,-30,-7,25.65
17916,-30,-17,25.48
17917,-30,-36,25.31
17918,-30,-32,25.14
17920,-30,-72,29.95
17921,-29,-55,29.76
17922,-28,-8,29.57
17923,-26,23,29.38
17925,-25,96,34.15
17926,-24,94,33.92
17927,-23,94,33.69
17928,-22,77,33.46
17930,-21,45,42.08
17931,-21,19,41.7
17932,-21,-6,41.32
17933,-22,-18,40.94
17935,-21,-84,46.49
17936,-21,-74,46.04
17937,-20,-54,45.59
17938,-19,-41,45.14
17940,-18,37,47.66
17941,-16,39,47.18
17942,-14,46,46.7
17943,-12,57,46.22
17945,-10,50,53.58
17946,-9,33,52.94
17947,-8,-11,57.25
17948,-7,-18,56.56
17950,-7,-20,55.83
17951,-7,-15,55.1
17952,-8,16,54.39
17953,-8,18,62.59
17955,-7,12,61.79
17956,-7,23,60.99
17957,-6,14,60.19
17958,-5,14,59.41
17960,-3,10,62.59
17961,-1,1,61.77
17962,1,11,60.95
17963,4,11,60.13
17965,6,-29,63.22
17966,7,-20,62.31
17967,9,-16,61.4
17968,9,-15,60.49
17970,9,44,65.49
17971,9,30,64.49
17972,8,23,63.49
17973,7,19,62.49
17975,6,10,64.43
17976,5,9,63.37
17977,4,-44,62.31
17978,4,-44,61.25
17980,4,-30,68.13
17981,5,-25,67.01
17982,6,-15,65.89
17983,7,-9,64.77
17985,8,33,69.61
17986,8,33,68.45
17987,9,26,67.29
17988,8,13,66.13
17990,8,8,67.93
17991,6,3,66.73
17992,5,1,65.53
17993,3,0,64.33
17995,1,-35,65.13
17996,0,-36,63.93
17997,0,-23,62.73
17998,-1,-18,61.53
18000,-2,19,61.31
18001,-2,18,60.09
18002,-2,22,58.87
18003,-2,-18,57.65
18005,-2,-14,59.42
18006,-3,-19,58.19
18007,-4,-15,56.96
18008,-6,-15,55.73
18010,-8,-4,54.55
18011,-10,4,53.37
18012,-13,3,52.19
18013,-15,-1,51.01
18015,-17,-3,52.81
18016,-19,-16,51.61
18017,-20,-1,50.41
18018,-21,-2,49.21
18020,-22,1,45.1
18021,-22,2,43.99
18022,-21,1,42.88
18023,-20,-3,41.77
18025,-20,6,39.73
18026,-20,3,38.69
18027,-20,6,37.65
18028,-21,3,36.61
18030,-21,0,36.61
18031,-22,0,35.61
18032,-23,2,34.61
18033,-24,0,33.61
18035,-24,0,28.68
18036,-24,-2,27.75
18037,-23,1,26.82
18038,-23,2,25.89
18040,-21,-1,26.02
18041,-19,4,25.15
18042,-16,3,24.28
18043,-13,-1,23.41
18045,-9,32,20.61
18046,-6,29,19.81
18047,-4,21,19.01
18048,-1,18,18.21
18050,0,14,17.46
18051,2,5,16.71
18052,3,0,15.96
18053,4,0,15.21
18055,5,-46,11.58
18056,6,-38,10.95
18057,7,-22,10.32
18058,9,-17,9.69
18060,10,17,12.09
18061,12,12,11.49
18062,14,16,10.89
18063,16,11,10.29
18065,18,8,3.78
18066,19,5,3.27
18067,19,-2,2.76
18068,20,-3,2.25
18070,19,-51,0.83
18071,18,-30,0.41
18072,17,-24,0.04
18073,16,-15,-0.33
18075,15,30,-1.69
18076,14,20,-2.05
18077,13,20,-2.41
18078,14,21,-3.67
18080,14,10,-3.93
18081,15,13,-4.19
18082,16,-49,-6.43
18083,17,-41,-6.67
18085,18,-30,-6.87
18086,18,-16,-7.07
18087,18,16,-7.27
18088,19,24,-10.44
18090,18,34,-10.57
18091,18,27,-10.7
18092,17,2,-10.83
18093,17,-37,-10.96
18095,17,-28,-11.03
18096,17,-20,-11.1
18097,18,-12,-11.17
18098,19,-6,-11.24
18100,21,-2,-11.28
18101,24,5,-11.32
18102,27,7,-11.36
18103,30,4,-11.4
18105,33,40,-11.36
18106,35,31,-11.32
18107,37,24,-11.28
18108,38,17,-11.24
18110,39,12,-13.12
18111,39,9,-13
18112,39,4,-12.88
18113,38,-1,-12.76
18115,38,-43,-13.6
18116,37,-33,-13.44
18117,37,-20,-13.28
18118,37,-15,-13.12
18120,38,24,-14.92
18121,39,24,-14.72
18122,40,21,-14.52
18123,42,20,-14.32
18125,43,14,-15.1
18126,44,12,-14.88
18127,44,-27,-14.66
18128,44,-22,-14.44
18130,44,-10,-15.18
18131,43,-3,-14.92
18132,42,-2,-14.66
18133,41,-2,-14.4
18135,40,2,-13.15
18136,39,5,-12.9
18137,39,4,-12.65
18138,39,6,-12.4
18140,39,7,-12.12
18141,40,2,-11.84
18142,42,10,-11.56
18143,43,9,-11.28
18145,45,8,-14.99
18146,46,7,-14.7
18147,47,5,-14.41
18148,48,1,-14.12
18150,48,2,-16.81
18151,48,-4,-16.5
18152,48,0,-16.19
18153,48,-2,-15.88
18155,48,2,-12.59
18156,48,1,-12.3
18157,49,2,-12.01
18158,49,2,-11.72
18160,50,3,-15.43
18161,52,-2,-15.14
18162,53,1,-14.85
18163,55,-5,-14.56
18165,57,32,-16.24
18166,58,25,-15.92
18167,58,19,-15.6
18168,58,8,-15.28
18170,57,13,-15.97
18171,56,4,-15.66
18172,55,-8,-15.35
18173,53,-9,-15.04
18175,51,-53,-15.72
18176,50,-33,-15.4
18177,49,-22,-15.08
18178,49,-18,-14.76
18180,48,25,-17.44
18181,49,20,-17.12
18182,49,12,-16.8
18183,50,12,-16.48
18185,51,7,-18.11
18186,51,1,-17.74
18187,51,-1,-17.37
18188,50,-5,-17
18190,49,-45,-18.67
18191,48,-35,-18.34
18192,47,-28,-18.01
18193,45,-13,-17.68
18195,44,24,-19.34
18196,43,24,-19
18197,43,20,-18.66
18198,43,22,-18.32
18200,43,16,-17.99
18201,44,10,-17.66
18202,46,4,-17.33
18203,47,-1,-17.01
18205,49,-41,-19.66
18206,50,-33,-19.31
18207,50,-30,-18.98
18208,51,-14,-18.65
18210,50,31,-19.31
18211,50,24,-18.97
18212,49,24,-18.63
18213,48,23,-18.32
18215,47,15,-22.96
18216,47,8,-22.6
18217,47,-26,-22.24
18218,48,-31,-19.9
18220,49,-30,-19.56
18221,51,-18,-19.22
18222,53,23,-18.88
18223,55,20,-19.53
18225,56,22,-19.18
18226,57,20,-18.83
18227,57,15,-18.48
18228,57,10,-18.13
18230,57,4,-21.74
18231,56,0,-21.35
18232,56,0,-20.96
18233,55,0,-20.57
18235,54,-36,-21.19
18236,54,-33,-20.81
18237,55,-15,-20.43
18238,56,-13,-20.05
18240,57,27,-17.7
18241,59,20,-17.35
18242,61,18,-17
18243,63,24,-16.65
18245,64,16,-21.27
18246,65,8,-20.89
18247,65,-26,-20.51
18248,65,-30,-20.13
18250,64,-16,-19.76
18251,63,-15,-19.39
18252,61,-7,-19.02
18253,60,-5,-18.65
18255,58,-4,-18.29
18256,57,-2,-17.93
18257,56,35,-17.57
18258,55,27,-17.21
18260,55,-21,-18.82
18261,55,-12,-18.43
18262,55,-7,-18.04
18263,56,-13,-17.65
18265,56,-8,-21.22
18266,55,-6,-20.79
18267,55,-6,-20.36
18268,53,2,-19.93
18270,52,-10,-23.5
18271,50,1,-23.07
18272,48,-3,-22.64
18273,45,-4,-22.21
18275,43,-5,-22.8
18276,41,1,-22.39
18277,40,-1,-21.98
18278,38,-2,-21.57
18280,38,3,-22.12
18281,37,7,-21.67
18282,37,1,-21.22
18283,38,-8,-20.77
18285,38,-11,-20.36
18286,37,-3,-19.95
18287,36,36,-19.54
18288,35,34,-19.13
18290,34,27,-17.75
18291,32,21,-17.37
18292,30,18,-16.99
18293,27,11,-16.61
18295,25,-44,-20.2
18296,24,-41,-19.79
18297,23,-30,-19.38
18298,22,-20,-18.97
18300,22,28,-23.52
18301,22,26,-23.07
18302,23,26,-22.62
18303,24,26,-22.17
18305,24,19,-24.72
18306,24,13,-24.27
18307,23,7,-23.82
18308,23,0,-23.37
18310,21,-39,-22.94
18311,19,-35,-22.51
18312,16,-32,-22.08
18313,13,-13,-21.65
18315,9,21,-22.23
18316,5,23,-21.81
18317,0,26,-21.39
18318,-3,21,-20.97
18320,-9,17,-23.54
18321,-14,11,-23.11
18322,-20,-39,-27.63
18323,-27,-32,-27.15
18325,-35,-24,-26.67
18326,-42,-15,-26.19
18327,-50,21,-25.71
18328,-58,29,-27.21
18330,-64,27,-26.74
18331,-70,21,-26.27
18332,-75,8,-25.8
18333,-79,-16,-25.33
18335,-80,-13,-26.85
18336,-80,-10,-26.37
18337,-77,-6,-25.89
18338,-73,-2,-25.41
18340,-66,0,-24.98
18341,-55,0,-24.55
18342,-42,5,-24.12
18343,-28,-1,-23.67
18345,-12,37,-24.21
18346,5,31,-23.75
18347,22,12,-23.29
18348,41,11,-22.84
18350,60,10,-27.34
18351,80,-3,-26.84
18352,101,-4,-26.34
18353,122,-9,-25.84
18355,144,-43,-28.35
18356,167,-40,-27.86
18357,191,-20,-27.37
18358,215,-19,-26.88
18360,241,25,-28.38
18361,268,21,-27.88
18362,296,20,-27.38
18363,324,22,-26.88
18365,349,14,-27.35
18366,371,10,-26.82
18367,391,4,-26.29
18368,409,0,-25.76
18370,421,-35,-26.27
18371,430,-31,-25.78
18372,436,-20,-25.29
18373,439,-13,-24.8
18375,437,25,-26.29
18376,432,22,-25.78
18377,425,31,-25.27
18378,415,-5,-24.76
18380,402,-2,-25.24
18381,386,-1,-24.72
18382,368,-5,-24.2
18383,349,-2,-23.68
18385,328,-1,-25.16
18386,305,3,-24.64
18387,281,8,-24.12
18388,257,4,-23.6
18390,232,6,-23.12
18391,207,-1,-22.64
18392,182,4,-22.16
18393,158,3,-21.68
18395,135,-8,-27.18
18396,114,-6,-26.68
18397,94,-11,-26.18
18398,76,-21,-25.68
18400,60,-32,-28.16
18401,45,-32,-27.64
18402,32,-25,-27.12
18403,21,-17,-26.6
18405,11,-21,-26.09
18406,1,-11,-25.58
18407,-6,3,-25.07
18408,-14,-2,-24.56
18410,-21,23,-24.05
18411,-28,19,-23.54
18412,-34,33,-23.03
18413,-39,35,-22.52
18415,-43,32,-24.97
18416,-46,23,-24.42
18417,-48,19,-23.87
18418,-49,14,-23.32
18420,-50,54,-22.81
18421,-49,41,-22.3
18422,-48,31,-21.79
18423,-47,16,-21.28
18425,-45,4,-28.74
18426,-45,2,-28.2
18427,-44,-15,-27.66
18428,-43,-15,-27.12
18430,-43,-46,-26.61
18431,-43,-42,-26.1
18432,-44,-33,-25.59
18433,-44,-30,-25.08
18435,-44,15,-27.54
18436,-44,10,-27
18437,-44,12,-26.46
18438,-44,15,-25.92
18440,-43,8,-27.37
18441,-41,4,-26.82
18442,-39,-2,-26.27
18443,-37,-5,-25.72
18445,-35,-43,-30.15
18446,-33,-45,-29.58
18447,-32,-26,-29.06
18448,-31,-20,-28.54
18450,-30,9,-27.03
18451,-30,22,-26.52
18452,-30,20,-26.01
18453,-31,20,-25.52
18455,-31,11,-27.01
18456,-31,8,-26.5
18457,-31,-50,-25.99
18458,-31,-52,-28.45
18460,-30,-42,-27.93
18461,-29,-28,-27.41
18462,-27,-11,-26.89
18463,-26,45,-33.3
18465,-26,42,-32.71
18466,-26,36,-32.12
18467,-26,30,-31.53
18468,-26,26,-30.94
18470,-27,-24,-31.35
18471,-28,-30,-30.76
18472,-29,-23,-30.17
18473,-30,-18,-29.58
18475,-30,-14,-27.06
18476,-30,-7,-26.54
18477,-30,-4,-26.02
18478,-30,1,-25.5
18480,-29,42,-30.95
18481,-29,32,-30.4
18482,-27,25,-29.85
18483,-26,23,-29.3
18485,-26,14,-28.77
18486,-26,2,-28.24
18487,-26,-2,-27.71
18488,-27,-6,-27.18
18490,-27,-65,-28.64
18491,-29,-47,-28.1
18492,-30,-38,-27.56
18493,-31,-10,-27.02
18495,-32,31,-29.46
18496,-33,30,-28.9
18497,-34,33,-28.34
18498,-34,29,-27.78
18500,-33,18,-31.2
18501,-32,17,-30.62
18502,-31,-48,-30.04
18503,-29,-42,-29.46
18505,-27,-20,-30.87
18506,-26,-20,-30.28
18507,-26,-9,-29.69
18508,-25,-11,-29.1
18510,-25,8,-28.53
18511,-26,20,-27.96
18512,-27,20,-27.39
18513,-28,13,-26.82
18515,-29,15,-28.23
18516,-30,18,-27.64
18517,-31,8,-27.05
18518,-31,13,-26.46
18520,-32,19,-26.92
18521,-32,9,-26.38
18522,-32,14,-25.84
18523,-31,14,-25.3
18525,-32,11,-26.77
18526,-33,7,-26.24
18527,-34,5,-25.71
18528,-36,1,-25.18
18530,-39,5,-25.64
18531,-42,2,-25.1
18532,-45,1,-24.56
18533,-49,2,-24.02
18535,-52,0,-24.47
18536,-55,2,-23.92
18537,-57,2,-23.37
18538,-60,7,-22.82
18540,-62,38,-25.27
18541,-64,27,-24.72
18542,-65,17,-24.17
18543,-67,10,-23.62
18545,-68,-4,-25.05
18546,-71,-4,-24.48
18547,-73,-14,-23.91
18548,-76,-10,-23.34
18550,-79,-54,-27.8
18551,-82,-43,-27.26
18552,-86,-24,-26.72
18553,-90,-20,-26.18
18555,-93,9,-25.64
18556,-95,18,-25.1
18557,-97,15,-24.56
18558,-99,15,-24.02
18560,-100,8,-23.51
18561,-100,6,-23
18562,-100,-41,-22.49
18563,-100,-56,-22.97
18565,-101,-40,-22.47
18566,-101,-23,-21.97
18567,-102,23,-21.47
18568,-104,32,-22.95
18570,-105,28,-22.48
18571,-107,28,-22.01
18572,-109,25,-21.54
18573,-111,-19,-21.07
18575,-112,-47,-23.56
18576,-113,-46,-23.05
18577,-114,-28,-22.54
18578,-114,-24,-22.03
18580,-114,-8,-21.54
18581,-112,-2,-21.05
18582,-111,8,-20.56
18583,-109,10,-20.1
18585,-108,53,-24.59
18586,-107,44,-24.08
18587,-106,37,-23.57
18588,-106,28,-23.13
18590,-106,22,-22.69
18591,-106,14,-22.25
18592,-107,8,-21.81
18593,-107,0,-21.37
18595,-108,-33,-19.95
18596,-108,-21,-19.53
18597,-108,-18,-19.11
18598,-108,-13,-18.69
18600,-107,28,-18.25
18601,-106,21,-17.81
18602,-105,16,-17.37
18603,-103,16,-16.93
18605,-101,16,-11.6
18606,-100,8,-11.27
18607,-99,7,-10.94
18608,-99,0,-10.61
18610,-98,-33,-10.28
18611,-98,-24,-9.95
18612,-98,-18,-9.62
18613,-97,-12,-9.29
18615,-97,28,-3.04
18616,-96,25,-2.79
18617,-94,21,-2.54
18618,-92,18,-2.29
18620,-90,13,2.88
18621,-87,6,3.05
18622,-83,-1,3.22
18623,-80,0,3.39
18625,-76,-36,8.47
18626,-73,-28,8.55
18627,-70,-15,8.63
18628,-67,-17,8.71
18630,-64,-11,12.73
18631,-61,-3,12.75
18632,-59,45,12.77
18633,-56,41,12.79
18635,-53,-2,14.79
18636,-49,-11,14.79
18637,-45,-11,14.79
18638,-40,-12,14.79
18640,-35,-16,28.63
18641,-29,-8,28.47
18642,-23,-8,28.31
18643,-17,-1,28.15
18645,-12,-5,34.91
18646,-7,4,34.67
18647,-2,-6,34.43
18648,1,-3,34.19
18650,4,-23,42.84
18651,7,-6,42.49
18652,10,-13,42.14
18653,12,-8,41.79
18655,15,-9,52.32
18656,18,-12,51.85
18657,21,-15,51.38
18658,25,-17,50.91
18660,29,-40,57.36
18661,33,-13,56.81
18662,37,31,56.26
18663,42,19,55.71
18665,46,-2,64.04
18666,49,-14,63.37
18667,51,-14,62.7
18668,53,-4,62.03
18670,54,-49,71.24
18671,55,-25,70.45
18672,56,28,69.66
18673,56,48,68.87
18675,56,99,71.99
18676,57,84,71.11
18677,57,58,70.23
18678,58,40,69.35
18680,59,8,81.34
18681,60,-11,80.33
18682,62,-19,79.32
18683,63,-27,78.31
18685,64,-72,87.2
18686,64,-67,86.09
18687,64,-35,84.98
18688,63,-18,83.86
18690,61,36,85.71
18691,59,36,84.56
18692,57,39,83.41
18693,54,38,82.24
18695,52,30,91.96
18696,51,14,90.68
18697,49,-20,89.4
18698,49,-24,98.02
18700,49,-24,96.61
18701,50,-21,95.2
18702,51,25,93.79
18703,51,22,97.33
18705,51,17,95.87
18706,51,24,94.41
18707,51,-5,92.95
18708,50,-7,91.49
18710,49,-4,97.9
18711,47,-6,96.31
18712,46,2,94.72
18713,44,7,93.13
18715,42,11,101.44
18716,41,12,99.75
18717,40,8,98.06
18718,40,12,96.37
18720,40,47,98.65
18721,40,37,96.93
18722,41,18,95.21
18723,43,15,93.49
18725,43,3,101.67
18726,44,-7,99.85
18727,44,-10,98.03
18728,43,-11,96.21
18730,42,-50,100.38
18731,42,-42,98.55
18732,41,-29,96.72
18733,40,-18,94.89
18735,39,21,95.04
18736,39,23,93.19
18737,39,18,91.34
18738,39,20,89.49
18740,39,13,93.64
18741,41,1,91.79
18742,42,4,89.94
18743,44,-2,88.09
18745,45,-38,88.27
18746,46,-27,86.45
18747,46,-28,84.63
18748,46,-14,82.81
18750,46,27,85.99
18751,45,20,84.17
18752,43,-14,82.35
18753,41,-8,80.53
18755,40,-7,83.7
18756,38,-8,81.87
18757,37,-6,80.04
18758,36,-7,78.21
18760,36,-2,80.36
18761,36,-2,78.51
18762,36,7,76.66
18763,36,-1,74.81
18765,36,1,71.12
18766,36,-2,69.43
18767,35,6,67.74
18768,34,0,66.05
18770,32,-2,64.43
18771,31,-3,63.8
18772,29,1,62.17
18773,27,3,60.54
18775,25,2,59
18776,24,7,60.43
18777,24,4,58.86
18778,23,2,57.29
18780,23,-7,55.83
18781,24,-3,50.41
18782,26,0,48.99
18783,28,2,47.57
18785,30,2,46.22
18786,32,-2,47.84
18787,34,4,46.46
18788,35,1,45.08
18790,36,-1,43.79
18791,36,0,41.51
18792,37,0,40.23
18793,37,-1,38.95
18795,36,30,37.77
18796,36,15,33.62
18797,37,9,32.47
18798,37,9,31.32
18800,38,1,30.21
18801,40,2,31.08
18802,41,-2,29.95
18803,44,-5,28.82
18805,46,-39,27.82
18806,48,-32,22.86
18807,50,-34,21.9
18808,52,-25,20.94
18810,53,28,21.07
18811,54,24,20.2
18812,55,25,19.33
18813,55,23,18.46
18815,56,18,17.62
18816,57,11,15.79
18817,58,6,14.96
18818,60,-3,14.13
18820,62,-39,13.41
18821,65,-23,10.71
18822,68,-17,10.01
18823,72,-23,9.41
18825,75,23,11.78
18826,78,19,11.15
18827,81,27,10.52
18828,83,20,9.94
18830,84,17,8.37
18831,85,8,7.8
18832,86,-34,7.23
18833,86,-24,1.71
18835,87,-36,1.27
18836,88,-14,0.83
18837,89,18,0.39
18838,90,28,-0.05
18840,91,22,-0.39
18841,93,33,-0.73
18842,94,12,-1.07
18843,96,7,-1.41
18845,97,2,-2.7
18846,98,-2,-2.99
18847,98,-6,-3.28
18848,97,-5,-3.57
18850,97,-40,-3.76
18851,96,-28,-6.92
18852,95,-30,-7.08
18853,93,2,-7.24
18855,92,19,-7.34
18856,91,18,-6.45
18857,90,18,-6.56
18858,90,20,-6.67
18860,91,12,-6.76
18861,91,-16,-10.81
18862,93,-31,-10.86
18863,94,-34,-10.91
18865,96,-25,-10.9
18866,97,-13,-10.89
18867,98,-4,-10.88
18868,99,8,-10.87
18870,99,31,-10.84
18871,99,29,-6.85
18872,98,23,-6.86
18873,97,17,-6.87
18875,96,10,-6.83
18876,95,7,-10.75
18877,95,-40,-10.67
18878,95,-29,-10.59
18880,95,-25,-12.44
18881,96,-7,-12.29
18882,97,-8,-12.14
18883,98,-5,-11.99
18885,99,5,-10.81
18886,99,0,-10.63
18887,99,11,-10.45
18888,98,7,-10.27
18890,97,2,-10.11
18891,96,4,-9.95
18892,95,10,-9.79
18893,94,2,-9.63
18895,93,9,-9.47
18896,92,7,-12.27
18897,91,12,-12.07
18898,91,5,-11.87
18900,90,5,-11.67
18901,91,1,-11.44
18902,91,3,-11.21
18903,92,1,-10.98
18905,93,3,-10.75
18906,93,-2,-9.57
18907,93,4,-9.39
18908,92,6,-9.21
18910,90,3,-9.03
18911,88,1,-12.78
18912,84,0,-12.53
18913,80,4,-12.28
18915,76,34,-12.03
18916,70,30,-12.78
18917,65,21,-12.53
18918,59,7,-12.28
18920,53,7,-12.03
18921,46,-2,-10.82
18922,39,1,-10.61
18923,31,-3,-10.4
18925,24,-41,-10.19
18926,15,-26,-8.97
18927,6,-19,-8.75
18928,-2,-20,-8.53
18930,-11,23,-8.31
18931,-19,15,-11.1
18932,-27,12,-10.89
18933,-34,8,-10.68
18935,-40,6,-10.46
18936,-43,1,-10.24
18937,-44,0,-10.02
18938,-43,-3,-9.8
18940,-40,-41,-9.58
18941,-34,-35,-12.34
18942,-26,-25,-12.1
18943,-15,-31,-11.86
18945,-4,27,-11.62
18946,8,19,-13.38
18947,21,18,-13.14
18948,36,15,-11.91
18950,51,12,-11.65
18951,68,10,-11.39
18952,84,-42,-11.13
18953,104,-44,-10.87
18955,125,-32,-10.62
18956,148,-21,-10.37
18957,171,3,-10.12
18958,195,31,-9.92
18960,219,28,-14.67
18961,244,31,-14.42
18962,267,-13,-14.17
18963,290,-39,-13.92
18965,310,-31,-11.69
18966,327,-23,-11.46
18967,341,-17,-11.23
18968,352,-2,-11
18970,361,-8,-10.78
18971,365,11,-12.54
18972,367,1,-12.3
18973,365,31,-12.06
18975,361,44,-11.82
18976,355,35,-14.58
18977,346,28,-14.34
18978,335,23,-14.1
18980,324,15,-13.86
18981,310,11,-17.57
18982,295,4,-17.28
18983,280,1,-16.99
18985,264,-34,-16.7
18986,247,-23,-15.46
18987,229,-19,-15.22
18988,211,11,-14.98
18990,193,28,-14.74
18991,174,26,-17.47
18992,156,13,-17.2
18993,139,15,-16.93
18995,122,9,-16.66
18996,106,2,-14.37
18997,92,-5,-14.08
18998,79,-4,-13.79
19000,67,-43,-13.5
19001,56,-31,-19.19
19002,47,-24,-18.88
19003,40,-15,-18.57
19005,33,-11,-18.28
19006,27,37,-17.99
19007,21,6,-17.7
19008,16,53,-17.41
19010,11,46,-17.11
19011,6,46,-16.81
19012,1,-7,-16.51
19013,-2,-9,-16.21
19015,-7,-8,-15.91
19016,-10,-6,-15.61
19017,-13,-11,-15.31
19018,-15,-6,-15.01
19020,-16,-4,-18.67
19021,-17,-4,-18.36
19022,-17,-1,-18.05
19023,-17,-10,-17.74
19025,-16,-13,-17.43
19026,-16,-11,-19.1
19027,-16,-13,-18.77
19028,-17,-10,-18.44
19030,-18,-16,-18.11
19031,-19,-5,-15.79
19032,-20,-5,-15.47
19033,-21,-14,-15.15
19035,-23,4,-14.83
19036,-24,-12,-17.52
19037,-24,-5,-17.21
19038,-24,-21,-16.9
19040,-24,-10,-16.59
19041,-23,-15,-17.28
19042,-22,-10,-16.97
19043,-21,-23,-16.66
19045,-19,-16,-16.35
19046,-18,-9,-20.98
19047,-17,-11,-20.61
19048,-17,7,-20.24
19050,-17,48,-19.87
19051,-17,45,-19.49
19052,-18,39,-19.11
19053,-18,30,-18.73
19055,-19,23,-18.35
19056,-19,17,-19.98
19057,-19,9,-19.61
19058,-19,5,-19.24
19060,-18,-38,-18.87
19061,-17,-30,-21.47
19062,-16,-24,-21.07
19063,-14,-15,-20.67
19065,-12,29,-20.27
19066,-11,16,-19.9
19067,-10,8,-19.53
19068,-10,28,-19.16
19070,-10,22,-18.79
19071,-11,18,-22.4
19072,-11,5,-22.01
19073,-12,0,-21.61
19075,-13,-35,-21.21
19076,-14,-27,-18.83
19077,-14,-19,-18.45
19078,-14,-18,-18.07
19080,-14,24,-17.69
19081,-13,16,-23.25
19082,-11,-6,-22.81
19083,-10,24,-22.37
19085,-8,17,-21.98
19086,-6,9,-24.56
19087,-5,5,-24.14
19088,-4,0,-23.72
19090,-4,-53,-23.28
19091,-4,-38,-24.82
19092,-5,-28,-24.36
19093,-6,-30,-23.9
19095,-7,25,-23.44
19096,-8,28,-22.01
19097,-9,28,-21.58
19098,-9,28,-21.15
19100,-9,20,-19.73
19101,-9,16,-19.34
19102,-9,-31,-18.95
19103,-9,-32,-25.49
19105,-9,-26,-25.03
19106,-10,-17,-24.61
19107,-11,23,-24.19
19108,-12,23,-22.78
19110,-14,20,-22.37
19111,-16,23,-21.95
19112,-18,15,-21.53
19113,-20,10,-21.11
19115,-21,5,-25.64
19116,-23,1,-25.2
19117,-24,0,-24.76
19118,-24,2,-24.32
19120,-25,-57,-23.88
19121,-25,-36,-21.44
19122,-25,-24,-21
19123,-24,-6,-20.56
19125,-23,24,-20.12
19126,-23,24,-26.67
19127,-24,10,-26.22
19128,-25,26,-25.77
19130,-26,-33,-25.32
19131,-28,-33,-24.87
19132,-30,-24,-24.42
19133,-32,-12,-23.97
19135,-35,-8,-23.52
19136,-37,-10,-25.05
19137,-39,0,-24.58
19138,-40,5,-24.11
19140,-41,1,-23.64
19141,-42,-1,-26.14
19142,-43,0,-25.64
19143,-43,-1,-25.14
19145,-44,9,-24.68
19146,-45,2,-27.19
19147,-46,-4,-26.7
19148,-48,-6,-26.21
19150,-51,4,-25.72
19151,-53,10,-29.21
19152,-56,0,-28.7
19153,-59,-4,-28.19
19155,-62,-7,-27.68
19156,-64,-4,-28.14
19157,-65,-8,-27.6
19158,-67,-1,-27.06
19160,-67,13,-26.52
19161,-68,0,-29.97
19162,-67,4,-29.42
19163,-67,9,-28.87
19165,-66,6,-28.32
19166,-65,-6,-30.75
19167,-65,-8,-30.18
19168,-66,-3,-29.61
19170,-66,42,-29.04
19171,-67,34,-30.5
19172,-68,28,-29.96
19173,-70,19,-29.42
19175,-71,16,-28.88
19176,-72,11,-28.34
19177,-73,5,-27.8
19178,-73,-3,-27.26
19180,-72,-42,-26.72
19181,-71,-42,-29.17
19182,-70,-23,-28.62
19183,-69,-23,-28.07
19185,-67,30,-27.52
19186,-66,29,-27
19187,-65,29,-26.48
19188,-65,27,-25.96
19190,-64,20,-25.44
19191,-64,13,-26.9
19192,-64,7,-26.36
19193,-64,3,-25.82
19195,-64,-39,-25.28
19196,-63,-22,-26.76
19197,-62,-15,-26.24
19198,-60,-12,-25.72
19200,-57,28,-25.2
19201,-54,25,-28.62
19202,-51,20,-28.04
19203,-48,19,-26.47
19205,-45,14,-25.9
19206,-42,5,-25.39
19207,-39,-27,-24.88
19208,-36,-34,-27.34
19210,-33,-12,-26.8
19211,-31,-11,-26.29
19212,-28,27,-25.78
19213,-26,22,-25.27
19215,-23,17,-26.74
19216,-19,22,-26.23
19217,-15,21,-25.72
19218,-11,6,-25.21
19220,-7,-1,-23.71
19221,-2,-3,-23.2
19222,2,-37,-22.69
19223,7,-24,-22.18
19225,13,-20,-21.66
19226,17,-16,-22.13
19227,21,-8,-21.6
19228,24,2,-21.14
19230,27,28,-20.68
19231,30,31,-21.21
19232,32,24,-20.74
19233,34,16,-20.26
19235,36,7,-19.78
19236,39,8,-16.33
19237,41,-1,-15.88
19238,44,-3,-15.43
19240,47,-38,-15.03
19241,50,-24,-9.68
19242,54,-24,-9.33
19243,58,6,-8.98
19245,61,20,-8.63
19246,64,16,-13.21
19247,67,18,-12.79
19248,69,18,-12.37
19250,70,7,-11.95
19251,71,6,-7.64
19252,71,-36,-7.33
19253,71,-30,-7.02
19255,71,-20,-6.71
19256,71,-26,-3.43
19257,70,-28,-3.15
19258,70,-36,-2.87
19260,70,-33,-2.59
19261,70,-35,-0.35
19262,70,-32,-0.11
19263,70,-48,0.13
19265,70,-24,0.37
19266,69,-30,4.54
19267,68,-8,4.71
19268,67,10,4.88
19270,65,30,5.05
19271,63,55,11.13
19272,61,60,11.21
19273,58,59,11.29
19275,56,52,11.37
19276,54,37,16.36
19277,53,30,16.35
19278,53,13,16.34
19280,52,2,16.33
19281,53,-8,18.29
19282,53,-13,18.25
19283,54,-12,18.21
19285,56,-28,18.17
19286,57,-25,27.99
19287,57,-16,27.81
19288,57,-6,27.63
19290,56,31,27.45
19291,56,23,29.22
19292,55,22,28.99
19293,54,17,28.76
19295,52,13,28.53
19296,51,8,33.23
19297,51,3,32.93
19298,51,0,32.63
19300,51,-26,32.33
19301,52,-23,38.96
19302,53,-13,38.59
19303,54,-1,38.22
19305,55,31,37.85
19306,56,23,42.4
19307,57,14,41.95
19308,57,12,41.5
19310,56,5,41.05
19311,55,0,43.57
19312,54,0,43.09
19313,52,-7,42.61
19315,50,-31,42.13
19316,48,-22,51.53
19317,46,-16,50.93
19318,44,-10,50.33
19320,43,38,49.73
19321,42,23,50.1
19322,41,17,49.47
19323,40,19,52.8
19325,38,8,52.13
19326,36,13,51.42
19327,34,-33,50.71
19328,32,-32,54.96
19330,29,-23,54.21
19331,27,-8,53.46
19332,24,10,52.71
19333,22,23,51.93
19335,20,14,55.11
19336,19,24,54.29
19337,18,-5,53.47
19338,17,-21,52.65
19340,17,-23,57.75
19341,18,-16,56.85
19342,19,-5,55.95
19343,21,1,55.05
19345,22,2,54.16
19346,23,14,51.29
19347,24,-1,50.42
19348,24,-2,49.55
19350,24,36,48.68
19351,23,15,46.81
19352,22,14,45.94
19353,21,24,45.07
19355,20,17,44.2
19356,20,14,44.31
19357,20,4,43.42
19358,21,-5,42.53
19360,21,-37,41.64
19361,23,-25,41.77
19362,25,-16,40.9
19363,27,8,40.03
19365,29,27,39.16
19366,31,26,39.33
19367,33,24,38.5
19368,34,21,37.67
19370,35,13,36.84
19371,36,11,38.93
19372,37,3,38.02
19373,37,-1,37.11
19375,38,-40,36.2
19376,38,-30,33.35
19377,39,-22,32.5
19378,41,-15,31.65
19380,42,-13,30.8
19381,44,-5,29.98
19382,46,43,29.16
19383,49,-6,28.34
19385,51,-6,27.52
19386,53,-5,23.75
19387,55,-5,22.98
19388,56,-4,22.21
19390,56,-7,21.44
19391,57,-6,19.72
19392,56,1,19
19393,56,-3,18.28
19395,55,0,17.56
19396,55,-8,15.91
19397,55,1,15.26
19398,55,-2,14.61
19400,55,-4,13.96
19401,56,-7,9.4
19402,58,-4,8.84
19403,59,-8,8.28
19405,61,2,7.72
19406,63,-1,7.18
19407,64,0,6.64
19408,65,-2,6.1
19410,65,2,5.56
19411,66,-10,4.13
19412,66,4,3.7
19413,66,-9,3.27
19415,66,3,2.84
19416,66,-5,-2.52
19417,67,-4,-2.88
19418,68,-1,-3.24
19420,69,1,-3.6
19421,71,-2,-1.93
19422,72,-1,-2.26
19423,74,5,-2.59
19425,76,28,-2.92
19426,77,27,-5.16
19427,77,18,-5.4
19428,77,9,-5.64
19430,77,5,-5.88
19431,76,5,-11.02
19432,75,-2,-11.16
19433,74,-4,-11.3
19435,72,-42,-11.44
19436,71,-28,-9.57
19437,70,-21,-9.7
19438,69,-15,-9.83
19440,69,24,-9.96
19441,68,29,-11.97
19442,69,21,-11.98
19443,69,20,-11.99
19445,70,15,-12
19446,70,6,-12
19447,70,5,-12
19448,69,-2,-11.96
19450,68,-40,-11.92
19451,67,-21,-17.82
19452,65,-13,-17.72
19453,63,-4,-17.57
19455,61,27,-17.42
19456,60,18,-14.3
19457,59,20,-14.18
19458,58,18,-16.04
19460,57,12,-15.86
19461,57,5,-15.68
19462,57,-26,-15.5
19463,57,-29,-18.29
19465,56,-19,-18.02
19466,55,-10,-17.75
19467,54,26,-17.48
19468,52,25,-11.27
19470,50,19,-11.06
19471,49,23,-10.87
19472,46,-6,-10.68
19473,44,-20,-10.49
19475,43,-21,-16.24
19476,42,-17,-16
19477,41,-6,-15.76
19478,40,-5,-15.52
19480,40,-4,-15.28
19481,40,7,-16.02
19482,41,6,-15.76
19483,41,24,-15.5
19485,41,34,-15.24
19486,41,30,-15.96
19487,40,18,-15.68
19488,39,8,-15.4
19490,37,4,-15.12
19491,35,1,-12.85
19492,33,-1,-12.58
19493,31,0,-12.31
19495,28,-37,-12.04
19496,26,-32,-15.7
19497,24,-24,-15.36
19498,23,-6,-15.02
19500,22,17,-14.68
19501,22,15,-16.34
19502,22,-20,-16
19503,22,24,-15.66
19505,23,-29,-15.32
19506,23,-15,-13.99
19507,23,-15,-13.66
19508,23,-12,-13.33
19510,22,-4,-13
19511,22,-1,-20.62
19512,21,0,-20.24
19513,20,4,-19.86
19515,19,-2,-19.48
19516,19,-4,-16.14
19517,19,2,-15.8
19518,19,1,-15.46
19520,20,-3,-15.12
19521,21,1,-16.77
19522,23,2,-16.42
19523,25,1,-16.07
19525,27,9,-15.72
19526,28,5,-17.39
19527,29,-5,-17.06
19528,29,1,-16.73
19530,29,2,-16.4
19531,29,-4,-20.03
19532,27,4,-19.66
19533,25,-3,-19.29
19535,23,3,-18.92
19536,20,1,-15.59
19537,16,-2,-15.26
19538,13,-4,-14.93
19540,9,1,-14.6
19541,5,3,-16.3
19542,0,0,-16
19543,-3,5,-15.7
19545,-8,32,-15.4
19546,-14,27,-20.03
19547,-20,18,-19.66
19548,-27,9,-19.29
19550,-34,8,-18.92
19551,-40,4,-15.6
19552,-46,0,-15.28
19553,-51,-3,-14.96
19555,-56,-34,-14.64
19556,-58,-30,-18.33
19557,-58,-16,-18.02
19558,-57,-17,-17.71
19560,-54,31,-17.4
19561,-48,20,-16.08
19562,-39,18,-15.76
19563,-29,16,-15.44
19565,-17,11,-15.12
19566,-4,3,-17.79
19567,9,3,-17.46
19568,22,-2,-17.13
19570,36,-42,-16.8
19571,52,-30,-18.45
19572,68,-24,-18.1
19573,85,-24,-17.75
19575,103,28,-17.4
19576,122,15,-16.12
19577,143,18,-15.84
19578,165,18,-17.54
19580,190,15,-17.24
19581,216,10,-16.91
19582,242,-32,-16.58
19583,267,-35,-18.25
19585,288,-25,-17.92
19586,308,-15,-17.59
19587,325,17,-17.26
19588,341,20,-16.96
19590,352,10,-15.67
19591,360,21,-15.38
19592,365,-16,-15.09
19593,367,-31,-14.74
19595,366,-19,-18.35
19596,362,-13,-17.96
19597,355,-8,-17.57
19598,347,-8,-17.18
19600,338,8,-16.85
19601,326,10,-17.51
19602,312,13,-17.17
19603,297,27,-16.83
19605,281,42,-16.49
19606,263,32,-19.13
19607,244,31,-18.77
19608,225,21,-18.41
19610,205,22,-18.05
19611,185,9,-20.67
19612,165,1,-20.29
19613,145,-13,-19.91
19615,126,-55,-19.53
19616,108,-41,-22.1
19617,92,-39,-21.67
19618,76,-19,-21.24
19620,62,11,-20.81
19621,49,13,-19.43
19622,38,16,-19.05
19623,28,19,-18.67
19625,19,13,-18.29
19626,11,11,-20.9
19627,3,-37,-20.51
19628,-3,-16,-20.12
19630,-10,-1,-19.73
19631,-17,4,-19.33
19632,-23,8,-18.93
19633,-28,12,-18.53
19635,-33,12,-18.13
19636,-37,14,-21.77
19637,-40,12,-21.41
19638,-42,11,-21.05
19640,-43,5,-20.69
19641,-44,-2,-22.28
19642,-44,-4,-21.87
19643,-44,-8,-21.46
19645,-43,-8,-21.05
19646,-42,-7,-20.66
19647,-42,-6,-20.27
19648,-42,-4,-19.88
19650,-41,-13,-19.49
19651,-41,-9,-20.11
19652,-41,1,-19.73
19653,-40,-2,-19.35
19655,-40,-1,-18.97
19656,-39,-1,-21.6
19657,-37,-2,-21.23
19658,-35,-1,-20.86
19660,-33,-5,-20.49
19661,-30,-1,-25.04
19662,-27,-3,-24.59
19663,-24,-7,-24.14
19665,-20,23,-23.69
19666,-17,15,-23.26
19667,-15,14,-22.83
19668,-13,11,-22.4
19670,-11,8,-21.97
19671,-10,6,-21.59
19672,-8,2,-21.21
19673,-7,-2,-20.83
19675,-6,-52,-20.45
19676,-5,-42,-23.01
19677,-3,-26,-22.57
19678,0,-27,-22.13
19680,1,28,-21.69
19681,4,27,-23.27
19682,7,27,-22.85
19683,9,27,-22.43
19685,12,15,-22.01
19686,14,9,-25.54
19687,15,1,-25.07
19688,15,-7,-24.6
19690,15,-66,-24.13
19691,15,-55,-24.68
19692,13,-35,-24.23
19693,12,-31,-23.78
19695,10,40,-23.33
19696,9,38,-28.84
19697,7,34,-28.35
19698,6,36,-27.86
19700,6,28,-27.37
19701,5,19,-26.87
19702,5,-28,-26.37
19703,5,-32,-27.87
19705,4,-24,-27.37
19706,2,-8,-26.87
19707,0,26,-26.37
19708,0,22,-24.9
19710,-2,23,-24.43
19711,-5,21,-23.96
19712,-7,17,-23.49
19713,-9,12,-23.02
19715,-11,4,-22.54
19716,-13,0,-21.07
19717,-14,5,-20.6
19718,-14,-2,-20.13
19720,-14,-45,-19.7
19721,-14,-30,-30.16
19722,-13,-15,-29.62
19723,-12,4,-29.08
19725,-12,25,-28.54
19726,-11,23,-26.03
19727,-11,15,-25.52
19728,-12,15,-25.01
19730,-13,8,-24.5
19731,-14,4,-26
19732,-15,1,-25.5
19733,-17,-3,-25
19735,-18,-35,-24.5
19736,-19,-21,-27
19737,-20,-11,-26.5
19738,-21,-4,-26
19740,-21,30,-25.5
19741,-21,22,-26.02
19742,-21,22,-25.54
19743,-21,17,-25.06
19745,-20,13,-24.58
19746,-20,9,-26.07
19747,-21,8,-25.56
19748,-22,5,-25.05
19750,-23,-41,-24.54
19751,-25,-23,-25.05
19752,-27,-19,-24.56
19753,-29,-22,-24.07
19755,-31,-16,-23.58
19756,-33,24,-27.05
19757,-34,-13,-26.52
19758,-35,29,-25.99
19760,-36,-14,-25.46
19761,-36,-9,-26.95
19762,-36,-14,-26.44
19763,-36,-11,-25.93
19765,-35,-24,-25.42
19766,-35,-2,-27.9
19767,-35,-5,-27.38
19768,-36,-16,-26.86
19770,-37,-18,-26.34
19771,-38,-9,-24.83
19772,-40,5,-24.32
19773,-42,-9,-23.81
19775,-44,-5,-23.3
19776,-46,-10,-26.76
19777,-47,-9,-26.22
19778,-49,13,-25.68
19780,-50,4,-25.14
19781,-51,-5,-24.63
19782,-52,2,-24.12
19783,-52,-13,-23.61
19785,-52,0,-23.1
19786,-53,-12,-26.6
19787,-54,-2,-26.1
19788,-56,-2,-25.6
19790,-58,2,-25.1
19791,-60,7,-23.61
19792,-63,2,-23.12
19793,-66,1,-22.63
19795,-69,-3,-22.14
19796,-71,-1,-26.6
19797,-73,-2,-26.06
19798,-75,17,-25.52
19800,-76,48,-24.98
19801,-76,42,-25.46
19802,-76,33,-24.94
19803,-75,26,-24.42
19805,-74,18,-23.9
19806,-73,11,-20.43
19807,-72,5,-19.96
19808,-72,0,-19.49
19810,-72,-39,-19.02
19811,-71,-40,-21.56
19812,-71,-22,-21.1
19813,-70,-16,-20.64
19815,-70,28,-20.18
19816,-69,26,-19.73
19817,-67,26,-19.28
19818,-64,23,-18.83
19820,-61,16,-18.38
19821,-57,12,-17
19822,-52,7,-16.62
19823,-47,2,-16.24
19825,-41,-41,-15.86
19826,-35,-29,-14.49
19827,-30,-24,-14.12
19828,-25,-25,-13.77
19830,-20,20,-13.42
19831,-15,20,-9.11
19832,-10,19,-8.8
19833,-5,24,-9.47
19835,0,14,-9.14
19836,6,13,-8.81
19837,12,-30,-8.48
19838,19,-32,-6.17
19840,26,-25,-5.86
19841,33,-21,-5.54
19842,40,29,-5.22
19843,48,22,-4.9
19845,54,30,1.36
19846,60,21,1.51
19847,65,-21,1.66
19848,69,15,1.81
19850,73,11,4.93
19851,77,0,5.07
19852,80,4,5.21
19853,82,3,5.35
19855,85,-34,5.49
19856,87,-21,8.58
19857,90,-15,8.67
19858,93,6,8.76
19860,96,24,8.85
19861,99,19,14.85
19862,102,12,14.85
19863,106,15,14.85
19865,109,14,14.85
19866,111,7,20.78
19867,114,4,20.71
19868,115,-11,20.64
19870,116,-30,20.57
19871,117,-19,27.41
19872,118,-18,27.25
19873,119,-7,27.09
19875,119,13,26.93
19876,119,17,30.72
19877,120,-27,30.51
19878,122,18,30.3
19880,123,-34,30.09
19881,125,-36,40.73
19882,127,-37,40.37
19883,129,-37,40.01
19885,131,-28,39.65
19886,133,-25,44.22
19887,134,-38,43.79
19888,134,-38,43.36
19890,134,-36,42.93
19891,134,-30,48.41
19892,133,-2,47.89
19893,132,17,47.37
19895,130,56,46.85
19896,129,67,56.24
19897,128,75,55.63
19898,128,65,55.02
19900,127,59,54.41
19901,127,51,59.7
19902,127,22,58.99
19903,127,4,58.28
19905,127,-5,57.57
19906,126,-13,63.79
19907,125,-12,63.01
19908,123,-23,62.23
19910,121,-20,61.45
19911,119,-37,68.55
19912,117,-27,67.65
19913,115,-19,66.75
19915,112,-12,65.85
19916,111,7,70.9
19917,109,8,69.95
19918,109,18,69
19920,108,53,68.05
19921,108,39,79.92
19922,109,24,78.79
19923,109,16,77.66
19925,110,7,76.53
19926,110,5,78.36
19927,110,0,77.19
19928,109,-19,76.02
19930,108,-47,74.85
19931,107,-28,83.61
19932,105,-15,82.37
19933,104,-12,81.13
19935,102,42,79.89
19936,100,43,82.58
19937,100,39,81.27
19938,99,34,79.96
19940,99,28,78.65
19941,99,23,85.26
19942,99,14,83.87
19943,100,-3,82.48
19945,101,-32,81.09
19946,102,-23,83.67
19947,101,-20,82.25
19948,101,-14,80.83
19950,100,15,79.41
19951,99,25,84.93
19952,98,14,83.45
19953,98,8,84.94
19955,97,4,83.43
19956,97,-12,81.96
19957,98,-40,80.49
19958,98,-33,82.97
19960,99,-26,81.45
19961,101,-14,79.93
19962,102,-7,78.41
19963,104,29,76.91
19965,105,28,82.34
19966,105,34,80.77
19967,105,20,79.2
19968,104,-17,77.63
19970,103,-25,77.11
19971,102,-20,75.59
19972,100,-21,74.07
19973,99,-10,72.55
19975,97,-9,71.06
19976,95,-5,68.58
19977,95,3,67.1
19978,94,11,65.62
19980,94,38,64.14
19981,94,27,66.65
19982,95,19,65.16
19983,95,13,63.67
19985,96,8,62.18
19986,96,-5,61.74
19987,96,5,60.3
19988,96,-17,58.86
19990,95,-33,57.42
19991,94,-22,60
19992,93,-12,58.58
19993,92,-6,57.16
19995,90,38,55.74
19996,89,28,49.44
19997,89,28,48.14
19998,88,19,46.84
20000,88,9,45.54
20001,89,7,46.26
20002,89,-41,44.98
20003,90,-25,43.7
20005,91,-21,42.42
20006,91,-14,43.23
20007,90,-8,42.04
20008,89,-6,40.85
20010,88,1,39.66
20011,86,-4,35.55
20012,84,3,34.44
20013,82,2,33.33
20015,80,-4,32.22
20016,78,2,31.17
20017,77,0,30.12
20018,77,-2,29.07
20020,77,2,28.02
20021,78,-1,28.06
20022,79,0,27.1
20023,81,-4,26.14
20025,83,-3,25.18
20026,85,-2,23.29
20027,86,2,22.4
20028,88,-4,21.51
20030,88,0,20.62
20031,89,-6,18.81
20032,89,-1,18
20033,90,-2,17.19
20035,90,-4,16.38
20036,90,-7,13.67
20037,91,-5,12.96
20038,92,2,12.25
20040,93,29,11.54
20041,94,20,6.93
20042,96,17,6.32
20043,97,15,5.71
20045,99,7,5.1
20046,100,1,4.62
20047,100,-2,4.14
20048,99,-14,3.66
20050,99,-46,3.18
20051,98,-30,5.7
20052,96,-25,5.22
20053,95,-19,4.74
20055,94,25,4.26
20056,93,29,-0.08
20057,93,25,-0.42
20058,93,20,-0.76
20060,93,16,-1.1
20061,94,12,-3.38
20062,95,5,-3.66
20063,97,-9,-3.94
20065,98,-28,-4.22
20066,99,-26,-1.45
20067,100,-13,-1.68
20068,100,-12,-1.91
20070,99,19,-2.14
20071,99,22,-6.29
20072,97,18,-6.44
20073,97,19,-6.59
20075,96,8,-6.74
20076,96,-18,-6.82
20077,95,-26,-6.9
20078,95,-36,-5.96
20080,96,-11,-6.02
20081,96,-17,-6.08
20082,97,30,-6.14
20083,97,32,-8.14
20085,96,24,-8.14
20086,95,25,-8.14
20087,94,-11,-8.14
20088,92,-32,-8.14
20090,91,-16,-5.1
20091,89,-18,-5.06
20092,88,-13,-5.02
20093,86,-7,-4.98
20095,85,-2,-4.93
20096,84,2,-10.82
20097,83,4,-10.71
20098,83,17,-10.6
20100,84,38,-10.49
20101,85,31,-10.39
20102,87,24,-10.29
20103,88,15,-10.19
20105,90,11,-10.09
20106,92,6,-7.97
20107,93,1,-7.85
20108,93,-15,-7.73
20110,93,-38,-7.61
20111,93,-24,-11.44
20112,93,-23,-11.27
20113,93,-2,-11.1
20115,92,20,-10.93
20116,92,17,-8.74
20117,92,18,-8.55
20118,93,16,-8.36
20120,94,6,-8.17
20121,95,5,-11.99
20122,97,0,-11.81
20123,98,-20,-11.63
20125,100,-41,-11.45
20126,101,-29,-11.25
20127,101,-26,-11.05
20128,101,-15,-10.85
20130,101,-6,-10.65
20131,100,24,-12.41
20132,99,35,-12.17
20133,98,-14,-11.93
20135,96,-6,-11.69
20136,96,-3,-12.47
20137,95,-2,-12.25
20138,96,-4,-12.03
20140,96,-7,-11.81
20141,97,-1,-12.58
20142,97,6,-12.35
20143,98,2,-12.12
20145,99,6,-11.89
20146,98,4,-16.6
20147,97,4,-16.31
20148,96,4,-16.02
20150,94,4,-15.73
20151,91,-7,-14.46
20152,88,-2,-14.19
20153,85,2,-13.92
20155,81,10,-13.65
20156,78,5,-15.37
20157,75,2,-15.09
20158,73,-8,-14.81
20160,71,6,-14.53
20161,69,-1,-11.3
20162,66,0,-11.07
20163,64,-12,-10.84
20165,61,0,-10.61
20166,58,1,-12.4
20167,53,9,-12.19
20168,48,-9,-11.98
20170,43,6,-11.77
20171,37,2,-11.56
20172,31,-4,-11.35
20173,25,9,-11.14
20175,19,32,-10.93
20176,14,19,-15.64
20177,11,14,-15.35
20178,9,10,-15.06
20180,7,5,-14.77
20181,8,3,-14.52
20182,11,-1,-14.27
20183,15,-11,-14.02
20185,21,-41,-13.77
20186,29,-37,-15.52
20187,38,-22,-15.27
20188,50,-14,-15.02
20190,62,28,-14.77
20191,76,22,-13.5
20192,91,20,-13.23
20193,109,23,-18.9
20195,128,15,-18.57
20196,148,-28,-18.28
20197,170,-47,-17.99
20198,193,-40,-18.69
20200,217,-21,-18.39
20201,242,-14,-18.09
20202,267,34,-17.79
20203,293,34,-18.47
20205,318,33,-18.15
20206,344,28,-17.83
20207,369,-30,-17.51
20208,393,-36,-17.21
20210,415,-28,-18.89
20211,433,-29,-18.57
20212,449,-16,-18.25
20213,463,-10,-17.93
20215,474,-2,-17.58
20216,483,8,-17.23
20217,488,5,-16.88
20218,492,15,-16.53
20220,493,44,-16.18
20221,491,36,-17.87
20222,485,30,-17.56
20223,478,25,-17.25
20225,468,17,-16.94
20226,455,11,-17.62
20227,439,6,-17.3
20228,420,-8,-16.98
20230,400,-37,-16.66
20231,377,-14,-17.31
20232,354,-10,-16.96
20233,330,11,-16.61
20235,305,31,-16.26
20236,282,28,-19.91
20237,259,27,-19.56
20238,236,22,-19.21
20240,215,12,-18.86
20241,195,5,-19.48
20242,177,-8,-19.1
20243,159,-25,-18.72
20245,143,-53,-18.34
20246,127,-50,-19.98
20247,112,-33,-19.62
20248,97,-49,-19.26
20250,83,28,-18.9
20251,70,30,-19.53
20252,57,-3,-19.16
20253,46,37,-18.79
20255,36,-8,-18.42
20256,27,4,-19.06
20257,20,8,-18.7
20258,13,2,-18.34
20260,8,11,-17.98
20261,4,15,-19.61
20262,1,11,-19.24
20263,0,10,-18.87
20265,-2,7,-18.5
20266,-4,5,-20.12
20267,-5,0,-19.74
20268,-7,1,-19.36
20270,-9,-2,-18.98
20271,-10,-7,-21.62
20272,-11,-8,-21.26
20273,-13,-8,-20.9
20275,-14,-4,-20.54
20276,-14,-7,-21.16
20277,-14,-5,-20.78
20278,-13,-4,-20.4
20280,-12,-6,-20.02
20281,-11,7,-23.62
20282,-9,35,-23.22
20283,-8,29,-22.82
20285,-6,22,-22.42
20286,-5,4,-21
20287,-4,4,-20.58
20288,-4,-14,-20.16
20290,-4,-51,-19.74
20291,-4,-36,-23.3
20292,-4,-33,-22.86
20293,-4,-32,-22.42
20295,-5,-19,-21.98
20296,-4,-21,-24.51
20297,-4,10,-24.04
20298,-3,0,-23.57
20300,-2,7,-23.1
20301,0,-9,-22.68
20302,1,5,-22.26
20303,4,13,-21.84
20305,7,11,-21.42
20306,9,10,-23.97
20307,10,12,-23.52
20308,11,17,-23.07
20310,12,39,-22.62
20311,12,27,-24.17
20312,12,15,-23.72
20313,13,15,-23.27
20315,13,7,-22.82
20316,14,2,-29.29
20317,15,-2,-28.76
20318,17,-12,-28.29
20320,19,-58,-27.82
20321,22,-44,-25.37
20322,25,-30,-24.92
20323,28,-24,-24.48
20325,31,33,-24.04
20326,33,35,-26.57
20327,34,31,-26.1
20328,35,37,-25.64
20330,35,31,-25.18
20331,35,23,-28.68
20332,35,22,-28.18
20333,35,-5,-27.68
20335,35,-20,-27.2
20336,35,-17,-24.74
20337,35,-12,-24.28
20338,36,-5,-23.82
20340,37,30,-23.36
20341,39,23,-29.83
20342,40,16,-29.3
20343,42,12,-28.77
20345,43,8,-25.27
20346,44,-9,-24.79
20347,44,-36,-24.31
20348,44,-29,-29.77
20350,44,-24,-29.23
20351,44,-12,-28.7
20352,44,7,-28.17
20353,43,30,-27.64
20355,44,21,-25.13
20356,44,18,-24.63
20357,45,15,-24.13
20358,47,11,-23.63
20360,48,5,-23.13
20361,50,-19,-25.64
20362,51,-38,-25.15
20363,53,-24,-24.66
20365,54,-24,-24.17
20366,55,-16,-29.63
20367,55,-13,-29.09
20368,54,7,-28.55
20370,53,30,-28.01
20371,52,26,-28.48
20372,50,23,-27.95
20373,48,8,-27.42
20375,45,6,-26.89
20376,43,0,-26.37
20377,42,-45,-25.85
20378,40,-38,-25.33
20380,39,-25,-24.81
20381,37,-10,-27.27
20382,36,-11,-26.73
20383,35,-3,-26.19
20385,34,0,-25.65
20386,32,-4,-27.11
20387,30,5,-26.57
20388,27,-2,-26.03
20390,24,3,-25.49
20391,21,6,-28.93
20392,17,0,-28.37
20393,14,2,-27.81
20395,10,2,-27.25
20396,7,5,-27.71
20397,4,4,-27.17
20398,2,7,-26.63
20400,0,0,-26.09
20401,-1,-5,-26.55
20402,-2,3,-26.01
20403,-2,-9,-25.47
20405,-3,-1,-24.93
20406,-4,-10,-25.42
20407,-6,-3,-24.91
20408,-8,-2,-24.4
20410,-10,0,-23.89
20411,-12,3,-26.34
20412,-15,-1,-25.79
20413,-18,1,-25.24
20415,-20,36,-24.69
20416,-23,28,-26.16
20417,-24,21,-25.63
20418,-26,17,-25.1
20420,-27,10,-24.57
20421,-27,6,-28.03
20422,-27,2,-27.49
20423,-27,-15,-26.95
20425,-27,-62,-26.41
20426,-27,-37,-24.88
20427,-28,-24,-24.35
20428,-29,-19,-23.82
20430,-30,36,-23.29
20431,-31,35,-24.77
20432,-32,31,-24.25
20433,-33,30,-23.73
20435,-34,20,-23.21
20436,-34,18,-25.68
20437,-34,7,-25.15
20438,-33,-2,-24.62
20440,-32,-25,-24.09
20441,-30,-22,-23.63
20442,-28,-7,-23.17
20443,-26,-16,-22.71
20445,-24,28,-22.25
20446,-22,31,-23.75
20447,-20,22,-23.25
20448,-18,17,-22.75
20450,-16,17,-22.25
20451,-15,-10,-21.78
20452,-13,-28,-21.31
20453,-11,-27,-15.89
20455,-8,-21,-15.47
20456,-4,-6,-15.09
20457,-1,33,-14.71
20458,3,23,-14.33
20460,7,17,-14.94
20461,12,10,-14.53
20462,17,-20,-14.12
20463,23,-29,-13.71
20465,27,-26,-8.35
20466,32,-18,-8.06
20467,35,-14,-7.77
20468,39,-11,-7.48
20470,41,-2,-7.16
20471,44,-2,-6.84
20472,47,3,-6.52
20473,49,1,-6.26
20475,51,32,-6
20476,54,24,-3.76
20477,58,17,-3.52
20478,61,13,-3.28
20480,66,9,-3.02
20481,70,3,4.17
20482,75,0,4.36
20483,79,-13,4.55
20485,84,-48,4.74
20486,88,-43,8.86
20487,92,-32,8.98
20488,95,-9,9.1
20490,98,27,9.22
20491,100,27,16.21
20492,103,27,16.2
20493,105,25,16.19
20495,107,18,16.18
20496,110,12,18.14
20497,112,5,18.1
20498,116,-15,18.06
20500,119,-51,18.02
20501,123,-41,25.9
20502,127,-46,25.78
20503,131,-42,25.66
20505,136,-38,25.54
20506,140,13,31.33
20507,142,39,31.12
20508,144,-33,30.91
20510,146,-34,30.7
20511,147,-39,36.41
20512,147,-34,36.12
20513,147,-42,35.83
20515,147,-42,35.54
20516,147,-29,44.12
20517,147,-18,43.7
20518,148,-10,43.28
20520,148,18,42.86
20521,149,29,48.37
20522,149,54,47.88
20523,149,60,47.39
20525,149,72,46.9
20526,148,62,55.31
20527,147,45,54.72
20528,144,31,54.13
20530,141,18,53.54
20531,138,-14,56.9
20532,134,-23,56.26
20533,131,-36,55.62
20535,127,-18,54.98
20536,124,-13,63.22
20537,122,13,62.46
20538,120,23,61.7
20540,118,33,60.94
20541,117,34,65.11
20542,116,32,64.28
20543,115,25,63.45
20545,114,17,62.62
20546,113,11,69.67
20547,110,5,68.72
20548,108,5,67.77
20550,105,38,66.82
20551,102,-6,74.79
20552,99,22,73.76
20553,96,21,72.73
20555,93,17,71.7
20556,91,9,77.58
20557,88,10,76.46
20558,86,-4,75.34
20560,85,-24,74.22
20561,82,-25,80
20562,80,-19,78.78
20563,77,-16,77.56
20565,73,49,76.34
20566,69,39,81.06
20567,63,36,79.78
20568,56,27,78.5
20570,49,17,77.22
20571,40,5,81.86
20572,31,-2,80.5
20573,21,-27,79.14
20575,11,-53,77.78
20576,2,-44,82.36
20577,-4,-35,80.94
20578,-11,-30,79.57
20580,-16,21,78.2
20581,-20,4,80.79
20582,-22,8,79.38
20583,-23,6,77.97
20585,-22,2,81.5
20586,-19,-6,80.03
20587,-14,-43,78.56
20588,-7,-35,82.04
20590,2,-29,80.57
20591,13,0,79.1
20592,26,27,77.63
20593,39,21,76.16
20595,56,24,77.66
20596,75,30,76.16
20597,95,16,74.66
20598,116,2,73.16
20600,139,3,71.66
20601,163,-3,72.16
20602,189,-3,70.66
20603,215,-18,69.16
20605,242,-38,67.66
20606,271,-32,65.24
20607,301,-21,63.82
20608,332,-5,62.4
20610,363,25,60.98
20611,392,26,58.61
20612,418,19,57.24
20613,443,17,55.87
20615,466,10,54.5
20616,485,5,57.16
20617,500,-2,55.82
20618,511,-11,54.48
20620,519,-38,53.14
20621,523,-18,47.86
20622,521,-10,46.58
20623,516,2,45.3
20625,508,35,44.02
20626,495,27,44.8
20627,479,-17,43.58
20628,459,29,42.36
20630,436,-14,41.14
20631,412,-8,39.98
20632,386,-12,38.82
20633,359,-8,37.66
20635,332,-2,36.5
20636,305,7,34.41
20637,279,4,33.32
20638,254,9,32.23
20640,230,6,31.14
20641,207,15,30.14
20642,186,16,29.14
20643,166,5,28.14
20645,148,13,27.14
20646,130,14,25.21
20647,113,15,24.28
20648,97,5,23.35
20650,82,13,22.42
20651,69,9,17.62
20652,56,7,16.82
20653,44,-5,16.02
20655,33,-11,15.22
20656,23,-10,14.46
20657,15,-2,13.7
20658,8,-18,12.94
20660,2,-10,12.18
20661,-1,-12,10.52
20662,-5,-10,9.86
20663,-7,-18,9.2
20665,-9,-21,8.54
20666,-10,-49,4.96
20667,-11,-52,4.38
20668,-13,-49,3.8
20670,-14,10,3.22
20671,-15,9,5.69
20672,-15,17,5.16
20673,-16,21,4.63
20675,-16,25,4.1
20676,-15,27,1.68
20677,-14,19,1.26
20678,-12,5,0.84
20680,-10,-36,0.42
20681,-7,-27,-0.92
20682,-4,-23,-1.26
20683,-1,-19,-1.6
20685,1,34,-1.94
20686,4,29,-4.19
20687,6,30,-4.44
20688,7,29,-4.69
20690,8,21,-4.94
20691,9,13,-4.14
20692,10,5,-4.34
20693,11,-19,-4.54
20695,12,-43,-4.74
20696,13,-26,-7.85
20697,15,-25,-7.96
20698,17,-6,-8.07
20700,20,24,-8.18
20701,22,24,-6.25
20702,25,22,-6.32
20703,28,21,-6.39
20705,30,10,-9.43
20706,31,1,-9.43
20707,31,-64,-9.43
20708,31,-50,-12.4
20710,31,-36,-12.32
20711,31,-34,-12.24
20712,31,10,-12.16
20713,30,43,-12.03
20715,30,39,-11.9
20716,30,40,-11.77
20717,30,29,-11.64
20718,31,-23,-11.51
20720,32,-11,-11.35
20721,33,-15,-12.18
20722,34,-11,-12.01
20723,35,-4,-11.84
20725,36,5,-11.67
20726,36,5,-14.45
20727,36,12,-14.23
20728,35,13,-14.01
20730,34,41,-13.79
20731,33,33,-13.58
20732,32,32,-13.37
20733,30,16,-13.16
20735,29,10,-12.95
20736,28,14,-11.76
20737,27,5,-11.57
20738,27,-4,-11.38
20740,27,-31,-11.19
20741,27,-22,-12.94
20742,28,-20,-12.69
20743,28,0,-12.44
20745,29,25,-12.19
20746,29,15,-9.01
20747,29,11,-8.83
20748,28,10,-8.65
20750,27,2,-8.47
20751,26,-4,-15.2
20752,25,-45,-14.93
20753,23,-34,-14.66
20755,22,-20,-14.39
20756,21,-15,-17.09
20757,21,-10,-16.79
20758,21,-2,-16.49
20760,22,-2,-16.19
20761,22,1,-18.87
20762,23,1,-18.55
20763,23,3,-18.23
20765,24,-3,-17.91
20766,24,-1,-18.58
20767,24,3,-18.25
20768,22,2,-17.92
20770,21,5,-17.59
20771,19,10,-15.29
20772,17,4,-14.99
20773,15,3,-14.69
20775,12,0,-14.39
20776,11,-8,-14.13
20777,10,1,-13.87
20778,9,3,-13.61
20780,9,1,-13.35
20781,9,-3,-16.06
20782,9,0,-15.77
20783,10,-2,-15.48
20785,10,-3,-15.19
20786,10,-1,-16.89
20787,9,0,-16.59
20788,8,7,-16.29
20790,6,31,-15.99
20791,4,26,-11.76
20792,1,10,-11.53
20793,0,10,-11.3
20795,-3,6,-11.07
20796,-5,3,-14.77
20797,-7,-2,-14.47
20798,-8,-10,-14.17
20800,-9,-54,-13.87
20801,-10,-32,-19.53
20802,-10,-20,-19.19
20803,-10,-27,-18.85
20805,-11,26,-18.51
20806,-11,27,-17.19
20807,-13,27,-16.87
20808,-15,25,-16.55
20810,-17,17,-16.23
20811,-19,10,-18.9
20812,-22,8,-18.57
20813,-25,-11,-18.24
20815,-28,-51,-17.91
20816,-30,-37,-18.56
20817,-31,-28,-18.21
20818,-32,-20,-17.86
20820,-33,27,-17.51
20821,-33,26,-20.16
20822,-32,26,-19.81
20823,-32,23,-19.46
20825,-31,18,-21.09
20826,-32,-7,-20.7
20827,-32,-50,-20.31
20828,-33,-35,-21.9
20830,-34,-30,-21.52
20831,-35,-17,-21.14
20832,-36,-15,-20.76
20833,-37,42,-20.41
20835,-37,39,-23.03
20836,-37,37,-22.65
20837,-37,28,-22.27
20838,-36,-6,-21.89
20840,-35,-33,-21.51
20841,-33,-23,-22.12
20842,-31,-14,-21.73
20843,-28,-14,-21.34
20845,-26,-9,-20.95
20846,-23,2,-20.57
20847,-21,6,-20.19
20848,-20,12,-19.81
20850,-18,39,-19.43
20851,-17,30,-22.05
20852,-16,26,-21.67
20853,-14,18,-21.29
20855,-13,15,-20.91
20856,-11,10,-23.5
20857,-9,2,-23.09
20858,-6,-5,-22.68
20860,-2,-44,-22.27
20861,1,-27,-22.84
20862,5,-17,-22.41
20863,10,-16,-21.98
20865,15,30,-21.55
20866,19,21,-20.15
20867,24,21,-19.75
20868,28,21,-19.35
20870,32,12,-18.95
20871,35,8,-20.5
20872,39,4,-20.05
20873,43,-11,-19.6
20875,47,-45,-19.15
20876,52,-33,-20.75
20877,57,-26,-20.35
20878,62,-16,-19.95
20880,68,-12,-19.55
20881,74,15,-22.15
20882,80,39,-21.75
20883,85,-9,-21.35
20885,91,-6,-20.95
20886,96,-4,-22.56
20887,100,-1,-22.17
20888,104,-9,-21.78
20890,107,-5,-21.39
20891,110,1,-22.99
20892,113,3,-22.59
20893,115,-3,-22.19
20895,116,6,-21.79
20896,119,-2,-24.34
20897,121,2,-23.89
20898,123,-3,-23.44
20900,126,-5,-22.99
20901,129,1,-26.5
20902,131,-3,-26.01
20903,133,6,-25.52
20905,135,6,-25.03
20906,137,-7,-27.54
20907,138,-2,-27.05
20908,138,-2,-26.56
20910,137,6,-26.07
20911,137,-3,-23.62
20912,135,9,-23.17
20913,133,-8,-22.72
20915,131,-5,-22.27
20916,130,6,-27.72
20917,129,2,-27.17
20918,128,7,-26.62
20920,128,-9,-26.07
20921,128,3,-24.57
20922,128,3,-24.07
20923,127,-2,-23.57
20925,127,41,-23.07
20926,126,35,-25.6
20927,125,24,-25.13
20928,123,20,-24.66
20930,120,10,-24.19
20931,117,10,-26.68
20932,114,6,-26.17
20933,111,-14,-25.66
20935,108,-33,-25.15
20936,105,-18,-28.63
20937,102,-10,-28.11
20938,101,-10,-27.59
20940,99,31,-27.07
20941,98,27,-26.56
20942,97,18,-26.05
20943,97,11,-25.54
20945,96,7,-28
20946,94,0,-27.49
20947,92,-38,-26.98
20948,90,-23,-32.41
20950,88,-22,-31.86
20951,86,-4,-31.31
20952,84,22,-30.76
20953,83,25,-30.23
20955,82,20,-27.72
20956,81,25,-27.21
20957,81,10,-26.7
20958,81,-28,-26.19
20960,82,-22,-25.71
20961,82,-11,-30.18
20962,83,-14,-29.65
20963,84,-8,-29.12
20965,84,-6,-28.59
20966,84,-1,-26.09
20967,83,4,-25.59
20968,81,14,-25.09
20970,78,36,-24.59
20971,75,26,-28.05
20972,70,23,-27.51
20973,64,12,-26.97
20975,58,10,-26.43
20976,52,1,-25.92
20977,45,-3,-25.41
20978,38,-4,-24.9
20980,32,-32,-24.39
20981,24,-26,-28.86
20982,16,-19,-28.33
20983,6,1,-27.8
20985,-2,27,-27.27
20986,-12,16,-25.76
20987,-22,23,-25.25
20988,-32,19,-24.74
20990,-42,8,-24.23
20991,-50,7,-28.66
20992,-57,2,-28.09
20993,-62,-5,-27.52
20995,-67,-35,-26.95
20996,-68,-29,-28.38
20997,-66,-19,-27.81
20998,-62,-5,-27.24
21000,-56,26,-26.67
21001,-47,13,-26.12
21002,-36,-16,-25.57
21003,-24,25,-25.02
21005,-10,-22,-24.47
21006,5,-15,-27.91
21007,22,-23,-27.35
21008,40,-14,-26.79
21010,58,-9,-26.23
21011,80,-3,-29.65
21012,104,-6,-29.07
21013,129,3,-28.49
21015,155,-6,-27.91
21016,184,-10,-28.34
21017,215,4,-27.77
21018,247,-2,-27.2
21020,279,-5,-26.63
21021,308,0,-26.09
21022,335,-8,-25.55
21023,359,2,-25.01
21025,380,-2,-24.47
21026,396,5,-26.94
21027,408,4,-26.41
21028,417,0,-25.88
21030,422,3,-25.35
21031,423,4,-27.82
21032,420,16,-27.29
21033,414,16,-26.76
21035,406,18,-26.23
21036,395,15,-24.69
21037,381,23,-24.15
21038,367,19,-23.61
21040,351,26,-23.07
21041,333,23,-25.56
21042,315,14,-25.05
21043,296,9,-24.54
21045,276,67,-24.03
21046,256,51,-25.49
21047,235,36,-24.95
21048,214,16,-24.41
21050,194,12,-23.87
21051,173,-8,-23.36
21052,154,-4,-22.85
21053,135,-16,-22.34
21055,117,-65,-21.83
21056,101,-50,-23.33
21057,86,-39,-22.83
21058,73,-44,-22.33
21060,62,20,-21.83
21061,52,7,-24.34
21062,44,0,-23.85
21063,36,-4,-23.36
21065,30,-12,-22.87
21066,24,-18,-22.38
21067,18,-28,-21.89
21068,13,-59,-21.4
21070,8,-116,-20.94
21071,4,-105,-21.47
21072,0,-91,-21
21073,-3,-85,-20.59
21075,-6,-11,-20.18
21076,-8,2,-25.71
21077,-9,35,-25.24
21078,-10,55,-24.77
21080,-10,70,-23.29
21081,-10,66,-22.81
21082,-10,4,-22.33
21083,-10,9,-24.82
21085,-11,14,-24.31
21086,-12,17,-23.85
21087,-13,41,-23.39
21088,-14,46,-22.93
21090,-16,43,-28.41
21091,-17,52,-27.87
21092,-18,45,-27.33
21093,-19,-7,-26.79
21095,-20,-6,-26.25
21096,-20,-5,-27.73
21097,-20,-5,-27.21
21098,-19,-15,-26.69
21100,-18,-13,-26.17
21101,-17,-12,-22.68
21102,-15,-12,-22.19
21103,-14,-6,-21.7
21105,-12,24,-21.21
21106,-11,23,-28.69
21107,-10,20,-28.17
21108,-9,11,-27.65
21110,-9,11,-27.13
21111,-9,11,-32.54
21112,-9,3,-31.95
21113,-9,-4,-31.36
21115,-9,-29,-30.77
21116,-8,-21,-30.23
21117,-7,-18,-29.69
21118,-6,-14,-29.15
21120,-4,20,-28.61
21121,-2,-14,-29.08
21122,0,22,-28.55
21123,1,12,-28.02
21125,3,8,-27.49
21126,4,6,-26.96
21127,5,-29,-26.43
21128,5,-34,-25.9
21130,6,-12,-25.37
21131,6,-17,-27.85
21132,6,-7,-27.33
21133,6,-7,-26.81
21135,6,-4,-26.29
21136,7,5,-27.79
21137,9,-5,-27.29
21138,10,0,-26.79
21140,13,-2,-26.29
21141,15,-8,-27.78
21142,17,-1,-27.27
21143,19,-6,-26.76
21145,22,-2,-26.25
21146,23,2,-25.74
21147,24,1,-25.23
21148,24,-6,-24.72
21150,23,-3,-24.21
21151,23,-6,-25.71
21152,22,14,-25.21
21153,20,-1,-24.71
21155,19,3,-24.21
21156,18,-1,-25.72
21157,17,8,-25.23
21158,16,12,-24.74
21160,15,7,-24.25
21161,14,6,-28.7
21162,13,12,-28.15
21163,11,8,-27.6
21165,10,37,-27.05
21166,8,34,-21.58
21167,5,22,-21.11
21168,2,11,-20.64
21170,-1,13,-20.17
21171,-5,9,-24.67
21172,-8,3,-24.17
21173,-12,3,-23.67
21175,-15,-31,-23.17
21176,-18,-24,-22.67
21177,-20,-22,-22.17
21178,-21,-18,-21.67
21180,-22,22,-21.17
21181,-23,20,-24.65
21182,-24,15,-24.13
21183,-24,9,-23.61
21185,-25,7,-23.09
21186,-26,-1,-22.6
21187,-28,1,-22.11
21188,-30,-1,-21.62
21190,-33,-42,-21.13
21191,-36,-22,-26.58
21192,-39,-17,-26.03
21193,-42,-19,-25.48
21195,-46,22,-24.93
21196,-49,18,-25.38
21197,-51,23,-24.83
21198,-52,19,-24.28
21200,-54,7,-23.73
21201,-55,4,-23.24
21202,-57,-32,-22.75
21203,-58,-21,-28.2
21205,-60,-23,-27.64
21206,-63,-19,-27.08
21207,-65,12,-26.52
21208,-68,29,-25.99
21210,-71,19,-24.47
21211,-74,19,-23.95
21212,-77,14,-23.43
21213,-80,4,-22.91
21215,-82,1,-22.45
21216,-84,-3,-22.98
21217,-86,-4,-22.51
21218,-87,-8,-22.04
21220,-88,-47,-21.57
21221,-88,-42,-25.08
21222,-88,-29,-24.59
21223,-88,-19,-24.1
21225,-88,26,-23.61
21226,-88,27,-25.07
21227,-88,26,-24.53
21228,-89,25,-23.99
21230,-90,19,-23.45
21231,-92,-3,-27.94
21232,-93,-55,-27.43
21233,-94,-41,-26.92
21235,-95,-38,-26.41
21236,-95,-26,-28.93
21237,-95,-14,-28.45
21238,-95,-7,-27.97
21240,-94,48,-27.49
21241,-93,48,-27.01
21242,-92,36,-26.53
21243,-90,29,-26.05
21245,-88,18,-25.57
21246,-87,15,-28.07
21247,-86,7,-27.57
21248,-84,-14,-27.07
21250,-83,-57,-26.57
21251,-82,-45,-27.06
21252,-80,-27,-26.55
21253,-78,-27,-26.04
21255,-76,-9,-25.53
21256,-73,19,-30.99
21257,-69,45,-30.45
21258,-65,-7,-29.91
21260,-60,-8,-29.37
21261,-55,5,-28.85
21262,-49,-4,-28.33
21263,-43,1,-27.81
21265,-37,0,-27.29
21266,-32,-3,-30.75
21267,-27,7,-30.21
21268,-22,-6,-29.67
21270,-18,-6,-29.13
21271,-14,-10,-32.55
21272,-9,6,-31.97
21273,-5,-10,-31.39
21275,-1,-7,-30.81
21276,3,-2,-31.24
21277,9,0,-30.67
21278,14,-1,-30.1
21280,20,-2,-29.53
21281,26,-15,-27
21282,31,-11,-26.47
21283,37,-22,-25.94
21285,43,-12,-25.41
21286,48,-1,-28.89
21287,53,22,-28.37
21288,56,20,-27.85
21290,60,35,-27.33
21291,62,40,-28.74
21292,65,42,-28.15
21293,67,33,-27.56
21295,69,24,-26.97
21296,71,18,-27.42
21297,74,10,-26.87
21298,76,-3,-26.32
21300,79,28,-25.77
21301,82,7,-29.18
21302,84,4,-28.59
21303,87,-2,-28
21305,89,-4,-27.41
21306,91,-5,-23.89
21307,91,-3,-23.37
21308,91,-11,-22.85
21310,90,-49,-22.33
21311,89,-33,-22.8
21312,87,-27,-22.27
21313,85,-30,-21.74
21315,83,27,-21.21
21316,81,25,-20.74
21317,80,26,-20.27
21318,79,23,-19.8
21320,78,20,-16.36
21321,77,-8,-15.93
21322,76,-24,-15.5
21323,75,-22,-21.01
21325,73,-12,-20.52
21326,71,8,-20.03
21327,68,39,-19.54
21328,65,38,-19.11
21330,62,28,-13.73
21331,59,30,-13.35
21332,57,5,-12.97
21333,54,-16,-12.59
21335,52,-14,-12.2
21336,50,-18,-14.78
21337,49,-10,-14.36
21338,49,-8,-13.94
21340,48,-4,-13.52
21341,48,0,-9.15
21342,48,2,-8.78
21343,48,-1,-8.41
21345,48,39,-8.04
21346,47,26,-10.68
21347,45,18,-10.32
21348,42,14,-9.96
21350,39,7,-9.6
21351,34,-1,-6.29
21352,29,-1,-5.98
21353,23,-9,-5.67
21355,16,-35,-5.36
21356,10,-20,-2.13
21357,3,-17,-1.9
21358,-2,-7,-1.67
21360,-8,32,-1.44
21361,-15,27,-1.24
21362,-22,19,-1.04
21363,-29,20,-0.84
21365,-37,12,-0.64
21366,-45,7,-0.44
21367,-52,0,-0.24
21368,-59,-8,-0.04
21370,-66,-34,0.16
21371,-72,-30,-0.66
21372,-77,-17,-0.48
21373,-81,-18,-0.3
21375,-83,25,-0.12
21376,-83,24,3.02
21377,-80,-11,3.16
21378,-75,24,3.3
21380,-68,-16,3.44
21381,-59,-17,2.53
21382,-49,-17,2.62
21383,-38,-15,2.71
21385,-25,-8,2.8
21386,-12,-3,3.88
21387,2,-2,3.96
21388,17,-1,4.04
21390,32,-1,4.12
21391,49,3,5.15
21392,68,6,5.18
21393,88,2,5.21
21395,109,2,5.24
21396,133,-12,1.27
21397,159,-1,1.3
21398,187,-1,1.33
21400,216,-2,1.36
21401,243,2,3.36
21402,269,-2,3.36
21403,292,-6,3.36
21405,314,-6,3.36
21406,331,-14,3.38
21407,344,3,3.4
21408,354,-8,3.42
21410,360,-1,3.44
21411,361,-19,2.43
21412,359,-5,2.42
21413,354,-7,2.41
21415,346,-3,2.4
21416,336,-2,1.38
21417,324,1,1.36
21418,311,13,1.34
21420,296,52,1.32
21421,281,52,-2.67
21422,265,50,-2.66
21423,248,50,-2.65
21425,231,46,-2.64
21426,214,45,-4.65
21427,197,43,-4.66
21428,180,35,-4.67
21430,162,-35,-4.68
21431,146,-19,-7.63
21432,130,-17,-7.58
21433,116,-11,-7.53
21435,102,48,-7.48
21436,90,41,-10.41
21437,79,29,-10.34
21438,69,18,-10.27
21440,61,-4,-10.2
21441,54,-20,-12.11
21442,48,-29,-12.02
21443,43,-39,-11.93
21445,38,-77,-11.81
21446,34,-70,-8.72
21447,29,-65,-8.63
21448,25,-87,-8.6
21450,20,-24,-8.57
21451,16,-38,-13.49
21452,12,-45,-13.41
21453,9,-42,-13.33
21455,6,-44,-13.2
21456,3,-33,-16.04
21457,2,-19,-15.88
21458,1,-11,-15.72
21460,1,-44,-15.56
21461,1,-24,-20.38
21462,2,-16,-20.2
21463,3,-1,-20.02
21465,4,66,-19.84
21466,4,69,-20.61
21467,4,63,-20.38
21468,4,59,-20.15
21470,4,57,-23.88
21471,3,24,-23.64
21472,3,-5,-23.4
21473,4,0,-27.12
21475,5,-6,-26.84
21476,6,6,-26.53
21477,8,29,-26.22
21478,10,26,-25.91
21480,13,17,-31.54
21481,15,15,-31.14
21482,18,7,-30.74
21483,20,4,-30.34
21485,23,-3,-29.94
21486,25,-5,-29.54
21487,26,-2,-29.14
21488,27,-6,-28.74
21490,27,-60,-28.34
21491,28,-43,-29.92
21492,28,-25,-29.5
21493,29,-11,-29.08
21495,29,38,-28.66
21496,30,34,-30.23
21497,32,34,-29.8
21498,34,34,-29.37
21500,36,23,-28.94
21501,38,12,-31.45
21502,41,-36,-30.96
21503,43,-30,-30.47
21505,45,-32,-29.98
21506,47,-18,-30.49
21507,48,-3,-30
21508,48,-1,-29.51
21510,48,8,-29.02
21511,47,18,-31.49
21512,47,16,-30.96
21513,46,8,-30.43
21515,45,6,-29.9
21516,45,8,-28.37
21517,45,9,-27.84
21518,45,7,-27.31
21520,46,6,-26.78
21521,47,2,-25.3
21522,48,-1,-24.82
21523,49,-3,-24.34
21525,50,-4,-23.86
21526,51,-9,-25.34
21527,51,1,-24.82
21528,50,-4,-24.3
21530,49,0,-23.78
21531,48,1,-28.21
21532,46,-2,-27.64
21533,45,-2,-27.07
21535,43,-1,-26.5
21536,42,0,-26.93
21537,41,-1,-26.36
21538,41,-9,-25.79
21540,42,38,-25.22
21541,42,25,-21.69
21542,43,23,-21.16
21543,43,13,-20.63
21545,44,6,-20.1
21546,44,-3,-24.56
21547,43,-3,-24.02
21548,41,-11,-23.48
21550,39,-39,-22.94
21551,37,-45,-25.39
21552,35,-19,-24.84
21553,33,-12,-24.29
21555,30,27,-23.74
21556,28,25,-25.2
21557,27,24,-24.66
21558,26,21,-24.12
21560,25,14,-23.58
21561,25,10,-19.11
21562,24,5,-18.64
21563,23,-9,-18.17
21565,22,-37,-17.7
21566,21,-32,-19.23
21567,19,-18,-18.76
21568,17,-20,-18.29
21570,14,25,-17.82
21571,11,20,-20.29
21572,8,25,-19.76
21573,5,17,-19.23
21575,3,17,-17.71
21576,1,4,-17.24
21577,0,-21,-16.77
21578,-1,-24,-23.23
21580,-3,-28,-22.69
21581,-4,-11,-22.18
21582,-6,14,-21.67
21583,-7,28,-21.16
21585,-9,23,-22.63
21586,-12,25,-22.15
21587,-15,13,-21.67
21588,-18,-37,-21.19
21590,-22,-12,-20.71
21591,-26,-13,-22.22
21592,-30,-9,-21.73
21593,-33,-5,-21.24
21595,-37,2,-20.79
21596,-40,0,-21.33
21597,-43,9,-20.87
21598,-44,2,-20.45
21600,-46,34,-20.03
21601,-47,29,-23.57
21602,-48,13,-23.11
21603,-48,12,-22.65
21605,-49,7,-22.25
21606,-50,8,-23.83
21607,-51,2,-23.41
21608,-53,-7,-22.99
21610,-54,-37,-22.57
21611,-56,-25,-21.16
21612,-58,-22,-20.75
21613,-59,-9,-20.34
21615,-61,22,-19.93
21616,-61,21,-23.5
21617,-61,14,-23.07
21618,-61,14,-22.64
21620,-60,13,-22.21
21621,-58,3,-21.8
21622,-57,-3,-21.39
21623,-55,-13,-20.98
21625,-53,-38,-20.57
21626,-51,-27,-20.19
21627,-50,-19,-19.81
21628,-49,-22,-19.43
21630,-48,-10,-19.05
21631,-47,6,-23.63
21632,-46,32,-23.21
21633,-44,-3,-22.79
21635,-43,-3,-22.37
21636,-41,-4,-21.98
21637,-38,1,-21.59
21638,-34,-8,-21.2
21640,-30,-5,-20.81
21641,-26,-6,-21.4
21642,-22,2,-20.99
21643,-18,0,-20.58
21645,-13,4,-20.17
21646,-9,-10,-18.76
21647,-5,1,-18.35
21648,-2,-20,-17.94
21650,0,-19,-17.53
21651,3,-15,-21.1
21652,6,-13,-20.67
21653,9,-13,-20.24
21655,12,-9,-19.81
21656,15,-13,-19.43
21657,19,-16,-19.05
21658,23,-30,-18.67
21660,27,-26,-18.29
21661,32,-41,-20.89
21662,37,-23,-20.49
21663,41,-23,-20.09
21665,46,-6,-19.69
21666,49,12,-19.26
21667,52,32,-18.83
21668,55,32,-18.4
21670,56,49,-17.97
21671,58,28,-18.58
21672,59,39,-18.19
21673,61,27,-17.8
21675,62,50,-17.41
21676,63,31,-15.07
21677,66,24,-14.73
21678,69,11,-14.39
21680,72,4,-14.05
21681,75,-6,-14.72
21682,78,-13,-14.39
21683,81,-25,-14.06
21685,83,-79,-13.73
21686,85,-63,-13.36
21687,87,-44,-12.99
21688,88,-42,-12.62
21690,88,27,-12.25
21691,88,27,-9.92
21692,88,31,-9.59
21693,88,32,-9.26
21695,88,33,-5.96
21696,88,-3,-5.69
21697,88,-16,-5.42
21698,89,-19,-7.13
21700,89,-8,-6.83
21701,90,6,-6.53
21702,90,7,-6.23
21703,90,50,-6
21705,90,45,-3.79
21706,89,36,-3.58
21707,88,35,-3.37
21708,86,3,-3.16
21710,84,-28,-2.97
21711,82,-10,0.19
21712,79,-14,0.35
21713,77,-1,0.51
21715,74,6,0.67
21716,71,11,3.78
21717,69,8,3.89
21718,68,17,4
21720,66,45,4.11
21721,64,37,6.19
21722,62,25,6.27
21723,59,19,6.35
21725,56,12,6.43
21726,52,9,11.42
21727,45,7,11.41
21728,38,2,11.4
21730,29,-36,11.39
21731,20,-30,16.31
21732,9,-27,16.23
21733,-1,-20,16.15
21735,-13,30,16.07
21736,-25,17,15.01
21737,-37,23,14.95
21738,-49,21,14.89
21740,-61,16,14.83
21741,-72,9,20.67
21742,-83,-4,20.51
21743,-92,-8,20.35
21745,-102,-35,20.19
21746,-110,-29,23
21747,-117,-22,22.81
21748,-123,-15,22.62
21750,-129,19,22.43
21751,-132,23,24.22
21752,-133,-15,24.01
21753,-133,27,23.8
21755,-131,-14,23.59
21756,-126,-16,22.34
21757,-118,-12,22.09
21758,-108,-14,21.84
21760,-96,-8,21.59
21761,-82,1,23.32
21762,-65,-3,23.05
21763,-46,-2,22.78
21765,-26,-4,22.51
21766,-2,-2,22.23
21767,23,3,21.95
21768,51,-1,21.67
21770,80,-4,21.39
21771,109,6,25.08
21772,139,1,24.77
21773,169,4,24.46
21775,198,1,24.15
21776,225,-4,22.81
21777,249,-5,22.47
21778,271,-9,22.13
21780,291,-17,21.79
21781,306,-16,20.46
21782,318,-2,20.13
21783,325,-18,19.8
21785,330,-9,19.47
21786,330,-4,20.1
21787,326,7,19.73
21788,319,10,19.36
21790,309,14,18.99
21791,296,17,16.64
21792,282,20,16.29
21793,266,20,15.94
21795,249,69,15.59
21796,232,70,14.24
21797,215,75,13.89
21798,198,60,13.54
21800,182,50,13.19
21801,167,43,11.87
21802,152,29,11.55
21803,137,14,11.23
21805,123,-54,10.91
21806,109,-39,10.58
21807,96,-24,10.25
21808,84,-22,9.92
21810,72,44,9.59
21811,61,40,9.26
21812,51,34,8.93
21813,42,33,8.6
21815,34,18,8.27
21816,28,7,4.99
21817,23,-7,4.71
21818,19,-26,4.43
21820,16,-86,4.18
21821,14,-73,0.96
21822,12,-61,0.74
21823,11,-45,0.5
21825,11,-9,0.26
21826,11,-18,-1.96
21827,10,-24,-2.18
21828,10,-31,-2.4
21830,9,-55,-0.62
21831,9,-100,-0.84
21832,9,-128,-1.06
21833,10,-128,-3.26
21835,11,-110,-3.46
21836,13,-79,-3.63
21837,15,-10,-3.8
21838,18,6,-3.97
21840,21,17,-11.07
21841,23,26,-11.14
21842,26,10,-11.21
21843,28,-15,-11.28
21845,30,2,-11.35
21846,31,8,-8.43
21847,32,23,-8.51
21848,32,37,-8.59
21850,32,53,-8.67
21851,32,67,-8.7
21852,31,80,-8.73
21853,30,66,-8.76
21855,29,89,-8.79
21856,29,59,-13.72
21857,29,35,-13.65
21858,29,22,-13.58
21860,29,10,-13.51
21861,29,4,-15.43
21862,30,2,-15.35
21863,30,-7,-15.27
21865,30,-45,-15.19
21866,29,-30,-18.02
21867,28,-29,-17.85
21868,25,-21,-17.68
21870,23,28,-17.51
21871,20,31,-17.31
21872,17,37,-17.11
21873,14,29,-16.91
21875,11,32,-16.71
21876,9,25,-17.48
21877,7,-23,-17.25
21878,6,-16,-17.02
21880,5,-10,-16.79
21881,4,-7,-17.56
21882,3,-5,-17.33
21883,3,-2,-17.1
21885,2,1,-16.87
21886,1,4,-17.61
21887,0,8,-17.35
21888,-1,1,-17.09
21890,-3,7,-16.83
21891,-5,2,-19.54
21892,-6,6,-19.25
21893,-8,-2,-18.96
21895,-9,1,-18.67
21896,-10,0,-17.35
21897,-10,-2,-17.03
21898,-10,-4,-16.71
21900,-9,-5,-16.39
21901,-8,-9,-15.09
21902,-7,-3,-14.79
21903,-6,-14,-14.49
21905,-5,-8,-14.19
21906,-5,-10,-13.9
21907,-4,-9,-13.61
21908,-5,-13,-13.32
21910,-5,-8,-13.03
21911,-6,-8,-12.73
21912,-7,-11,-12.43
21913,-7,-6,-12.13
21915,-8,28,-11.83
21916,-8,22,-12.54
21917,-8,18,-12.25
21918,-7,14,-11.96
21920,-6,10,-11.67
21921,-5,5,-7.43
21922,-4,0,-7.19
21923,-3,4,-6.95
21925,-3,-64,-6.71
21926,-3,-36,-11.43
21927,-3,-32,-11.15
21928,-4,-23,-10.87
21930,-6,30,-10.59
21931,-7,30,-7.34
21932,-9,29,-7.09
21933,-10,30,-6.84
21935,-12,22,-6.59
21936,-13,14,-8.32
21937,-14,9,-8.05
21938,-14,1,-7.78
21940,-14,-30,-7.51
21941,-14,-27,-6.28
21942,-14,-15,-6.05
21943,-15,-17,-5.82
21945,-15,28,-5.59
21946,-15,21,-6.38
21947,-16,18,-6.17
21948,-18,22,-5.96
21950,-19,16,-7.73
21951,-20,-1,-7.52
21952,-21,-22,-7.31
21953,-22,-21,-10.07
21955,-21,-24,-9.81
21956,-20,-12,-9.55
21957,-19,19,-9.29
21958,-17,26,-9.05
21960,-15,26,-11.78
21961,-13,7,-11.51
21962,-11,-9,-11.24
21963,-10,-29,-10.97
21965,-8,-20,-10.77
21966,-7,-21,-11.56
21967,-6,-12,-11.35
21968,-6,-7,-11.14
21970,-6,3,-10.93
21971,-6,4,-10.69
21972,-6,7,-10.45
21973,-7,-2,-10.21
21975,-7,38,-9.97
21976,-7,29,-10.72
21977,-7,20,-10.47
21978,-6,11,-10.22
21980,-5,2,-9.97
21981,-5,4,-10.76
21982,-4,-1,-10.55
21983,-3,-8,-10.34
21985,-3,-49,-10.13
21986,-3,-43,-9.94
21987,-4,-31,-9.75
21988,-5,-35,-9.56
21990,-7,23,-9.37
21991,-9,-35,-13.17
21992,-10,33,-12.97
21993,-12,24,-12.77
21995,-13,21,-12.57
21996,-14,17,-13.36
21997,-14,18,-13.15
21998,-13,9,-12.94
22000,-12,-30,-12.73
22001,-11,-22,-14.51
22002,-9,-2,-14.29
22003,-8,6,-14.07
22005,-6,6,-13.85
22006,-5,13,-13.64
22007,-5,12,-13.43
22008,-4,49,-13.22
22010,-5,34,-13.01
22011,-4,12,-13.8
22012,-4,-23,-13.59
22013,-3,-21,-13.38
22015,-3,-21,-13.17
22016,-1,-24,-16.95
22017,0,-20,-16.73
22018,3,-16,-16.51
22020,5,-11,-16.29
22021,8,-1,-17.05
22022,11,0,-16.81
22023,14,3,-16.57
22025,16,6,-16.33
22026,18,-6,-17.07
22027,20,-3,-16.81
22028,20,-13,-16.55
22030,21,-4,-16.29
22031,21,0,-18.01
22032,22,-5,-17.73
22033,22,-16,-17.45
22035,23,-19,-17.17
22036,23,-17,-14.91
22037,25,-8,-14.65
22038,26,44,-14.39
22040,28,36,-14.13
22041,30,32,-17.84
22042,31,22,-17.55
22043,33,-53,-17.26
22045,34,-46,-16.97
22046,34,-38,-17.63
22047,34,-35,-17.29
22048,34,-7,-16.95
22050,34,41,-16.61
22051,33,35,-17.31
22052,33,36,-17.01
22053,32,21,-16.71
22055,32,11,-16.41
22056,32,-6,-21.03
22057,33,-13,-20.65
22058,34,-39,-20.27
22060,35,-58,-19.89
22061,36,-40,-20.52
22062,37,-25,-20.15
22063,38,28,-19.78
22065,39,55,-19.41
22066,40,52,-20.02
22067,39,51,-19.63
22068,39,42,-19.24
22070,38,27,-21.82
22071,37,0,-21.41
22072,36,-46,-21
22073,36,-40,-25.54
22075,36,-35,-25.1
22076,37,-29,-24.66
22077,38,3,-24.22
22078,39,41,-23.81
22080,40,40,-24.39
22081,41,39,-23.97
22082,42,29,-23.55
22083,42,21,-23.13
22085,43,13,-22.74
22086,43,6,-22.35
22087,43,3,-21.96
22088,42,4,-21.57
22090,40,-36,-21.18
22091,39,-23,-25.75
22092,38,-21,-25.32
22093,36,1,-24.89
22095,35,25,-24.46
22096,35,19,-26.01
22097,35,22,-25.56
22098,35,19,-25.11
22100,37,12,-24.66
22101,38,-1,-23.23
22102,39,-41,-22.8
22103,40,-27,-22.37
22105,41,-19,-21.94
22106,42,-10,-22.51
22107,42,-4,-22.08
22108,43,-6,-21.65
22110,42,37,-21.22
22111,43,37,-22.77
22112,43,25,-22.32
22113,43,16,-21.87
22115,43,13,-21.42
22116,45,9,-22.99
22117,47,9,-22.56
22118,49,4,-22.13
22120,52,-33,-21.7
22121,55,-25,-25.24
22122,58,-18,-24.78
22123,60,-8,-24.32
22125,63,31,-23.86
22126,65,-14,-22.43
22127,66,32,-22
22128,67,24,-21.57
22130,67,-5,-21.14
22131,67,-13,-21.7
22132,67,-13,-21.26
22133,66,-9,-20.82
22135,66,-4,-20.38
22136,65,-7,-21.93
22137,66,-3,-21.48
22138,66,2,-21.03
22140,67,-1,-20.58
22141,68,-1,-22.15
22142,68,0,-21.72
22143,69,0,-21.29
22145,70,3,-20.86
22146,69,4,-24.4
22147,69,-4,-23.94
22148,67,4,-23.48
22150,66,12,-23.02
22151,64,0,-23.56
22152,62,3,-23.1
22153,60,-5,-22.64
22155,58,1,-22.18
22156,56,0,-21.74
22157,55,2,-21.3
22158,54,-1,-20.86
22160,53,0,-20.42
22161,52,3,-20.95
22162,52,2,-20.48
22163,51,-1,-20.01
22165,50,-1,-19.54
22166,49,-1,-22.08
22167,47,-1,-21.62
22168,44,-5,-21.16
22170,42,39,-20.7
22171,39,27,-22.23
22172,36,22,-21.76
22173,34,14,-21.29
22175,32,9,-20.82
22176,30,-2,-18.38
22177,29,0,-17.94
22178,29,-8,-17.5
22180,29,-40,-17.06
22181,29,-34,-26.57
22182,29,-19,-26.08
22183,30,-24,-25.59
22185,30,26,-25.1
22186,30,17,-20.66
22187,30,23,-20.22
22188,29,18,-19.78
22190,28,12,-19.34
22191,26,9,-26.83
22192,25,1,-26.32
22193,24,-27,-25.81
22195,23,-34,-25.33
22196,22,-35,-21.88
22197,22,-25,-21.43
22198,22,9,-21.03
22200,23,16,-20.63
22201,24,14,-27.16
22202,25,11,-26.69
22203,26,11,-26.22
22205,27,6,-24.77
22206,27,-22,-24.32
22207,26,-49,-23.87
22208,26,-29,-24.41
22210,25,-23,-23.95
22211,24,-13,-23.49
22212,24,31,-23.03
22213,23,30,-22.57
22215,22,29,-28.05
22216,21,25,-27.58
22217,21,3,-27.11
22218,20,-32,-26.64
22220,20,-23,-26.17
22221,19,-15,-26.71
22222,18,-11,-26.25
22223,16,-8,-25.79
22225,13,-6,-25.33
22226,9,3,-22.88
22227,3,-1,-22.43
22228,-3,23,-21.98
22230,-10,35,-21.53
22231,-19,21,-23.07
22232,-28,18,-22.61
22233,-38,12,-22.15
22235,-48,6,-21.69
22236,-57,4,-22.24
22237,-64,-1,-21.79
22238,-71,-21,-21.34
22240,-77,-36,-20.89
22241,-80,-24,-21.45
22242,-82,-23,-21.01
22243,-83,2,-20.57
22245,-82,30,-20.13
22246,-79,29,-24.68
22247,-73,25,-24.23
22248,-66,24,-23.78
22250,-57,18,-23.33
22251,-46,7,-24.85
22252,-33,-39,-24.37
22253,-19,-30,-23.89
22255,-4,-25,-23.41
22256,12,-13,-22.94
22257,31,-14,-22.47
22258,51,-13,-22
22260,72,-5,-21.53
22261,94,4,-24.05
22262,116,-1,-23.57
22263,138,-6,-23.09
22265,160,-3,-22.61
22266,183,-6,-23.14
22267,206,-8,-22.67
22268,228,-7,-22.2
22270,251,-17,-21.73
22271,271,-7,-24.27
22272,290,-10,-23.81
22273,307,-3,-23.35
22275,323,-13,-22.89
22276,336,-9,-27.39
22277,346,8,-26.89
22278,354,10,-26.39
22280,359,10,-25.89
22281,361,30,-22.42
22282,360,17,-21.95
22283,356,30,-21.48
22285,350,28,-21.01
22286,340,25,-21.54
22287,328,21,-21.07
22288,313,41,-20.6
22290,296,56,-20.13
22291,278,28,-25.63
22292,259,15,-25.13
22293,239,-11,-24.63
22295,218,-18,-24.13
22296,198,-28,-24.64
22297,178,-31,-24.15
22298,159,-69,-23.66
22300,140,-90,-23.17
22301,122,-78,-22.66
22302,104,-58,-22.15
22303,87,-7,-21.64
22305,71,40,-21.13
22306,55,49,-26.66
22307,39,54,-26.19
22308,24,53,-25.72
22310,9,47,-25.25
22311,-4,56,-24.74
22312,-16,47,-24.23
22313,-27,34,-23.72
22315,-37,-3,-23.21
22316,-45,16,-25.75
22317,-52,6,-25.29
22318,-57,37,-24.83
22320,-62,47,-24.37
22321,-65,-30,-32.79
22322,-68,-6,-32.21
22323,-70,-8,-31.63
22325,-72,-25,-31.05
22326,-74,-36,-27.57
22327,-76,-32,-27.09
22328,-78,-61,-26.61
22330,-80,-81,-26.12
22331,-82,-90,-27.61
22332,-83,-70,-27.1
22333,-84,-18,-26.6
22335,-85,24,-26.1
22336,-85,32,-29.56
22337,-84,48,-29.02
22338,-83,47,-28.48
22340,-82,38,-28.99
22341,-81,28,-28.5
22342,-80,-36,-28.01
22343,-79,-36,-27.52
22345,-79,-20,-30.99
22346,-79,-6,-30.47
22347,-79,29,-29.95
22348,-80,43,-29.43
22350,-81,29,-29.9
22351,-82,47,-29.35
22352,-83,46,-28.8
22353,-84,43,-28.25
22355,-85,41,-27.7
22356,-86,41,-32.12
22357,-86,45,-31.54
22358,-85,16,-30.96
22360,-85,-24,-30.38
22361,-84,-18,-30.8
22362,-83,-18,-30.22
22363,-82,11,-29.64
22365,-82,48,-29.06
22366,-82,15,-31.46
22367,-82,14,-30.86
22368,-83,-14,-30.26
22370,-84,-18,-29.66
22371,-86,-26,-29.11
22372,-87,-27,-28.56
22373,-88,-47,-28.01
22375,-90,-53,-27.46
22376,-90,-34,-29.9
22377,-90,-22,-29.34
22378,-90,-21,-28.78
22380,-89,-14,-28.22
22381,-89,36,-28.65
22382,-88,9,-28.08
22383,-87,21,-27.51
22385,-87,-14,-26.94
22386,-87,-10,-25.41
22387,-87,-15,-24.88
22388,-88,-17,-24.35
22390,-89,-17,-23.82
22391,-90,-14,-29.24
22392,-91,-5,-28.66
22393,-92,-4,-28.08
22395,-93,1,-27.5
22396,-93,-3,-28.93
22397,-93,3,-28.36
22398,-92,3,-27.79
22400,-91,2,-27.22
22401,-90,4,-29.67
22402,-89,6,-29.12
22403,-88,6,-28.57
22405,-87,3,-28.02
22406,-87,1,-27.44
22407,-87,5,-26.86
22408,-88,2,-26.28
22410,-89,-2,-25.7
22411,-90,-5,-26.12
22412,-91,-3,-25.54
22413,-92,-1,-24.96
22415,-92,-1,-24.38
22416,-93,-7,-24.85
22417,-93,-3,-24.32
22418,-92,-2,-23.79
22420,-91,-5,-23.26
22421,-91,-5,-26.7
22422,-90,-4,-26.14
22423,-90,14,-25.58
22425,-89,27,-25.02
22426,-89,16,-28.42
22427,-90,14,-27.82
22428,-92,9,-27.22
22430,-93,5,-26.62
22431,-95,3,-24.1
22432,-97,-4,-23.58
22433,-98,-26,-23.06
22435,-100,-65,-22.54
22436,-101,-51,-27.96
22437,-102,-38,-27.38
22438,-102,4,-26.8
22440,-102,27,-26.22
22441,-102,24,-24.68
22442,-102,20,-24.14
22443,-102,18,-23.6
22445,-103,9,-26.03
22446,-104,-3,-25.55
22447,-106,-55,-25.07
22448,-108,-51,-21.62
22450,-110,-38,-21.17
22451,-112,-30,-20.69
22452,-114,12,-20.21
22453,-116,48,-19.73
22455,-117,40,-24.2
22456,-117,41,-23.69
22457,-117,29,-23.18
22458,-117,23,-22.67
22460,-116,13,-22.16
22461,-115,2,-20.7
22462,-114,-8,-20.24
22463,-113,-55,-19.78
22465,-112,-48,-19.33
22466,-112,-28,-15.91
22467,-113,-24,-15.49
22468,-114,13,-15.07
22470,-116,38,-14.69
22471,-118,43,-13.32
22472,-121,36,-12.95
22473,-123,28,-12.58
22475,-126,21,-12.22
22476,-128,11,-11.86
22477,-130,7,-11.5
22478,-132,-24,-11.14
22480,-133,-47,-10.78
22481,-134,-29,-6.51
22482,-136,-30,-6.24
22483,-137,12,-5.97
22485,-139,33,-5.7
22486,-141,32,1.49
22487,-143,31,1.68
22488,-146,29,1.87
22490,-149,20,2.06
22491,-151,11,12.12
22492,-154,10,12.18
22493,-156,-12,12.24
22495,-158,-29,12.3
22496,-159,-13,17.31
22497,-160,-10,17.32
22498,-159,23,17.33
22500,-159,36,17.34
22501,-158,31,25.24
22502,-156,-9,25.14
22503,-155,39,25.04
22505,-153,-6,24.94
22506,-152,-14,32.75
22507,-151,-20,32.56
22508,-150,-17,32.37
22510,-150,-12,32.18
22511,-149,-4,40.91
22512,-148,-6,40.64
22513,-147,-3,40.37
22515,-146,2,40.1
22516,-144,-1,54.62
22517,-141,2,54.14
22518,-137,-5,53.66
22520,-133,2,53.18
22521,-129,-2,62.58
22522,-125,-8,61.98
22523,-121,-20,61.38
22525,-117,-6,60.78
22526,-113,-24,74.01
22527,-109,-28,73.24
22528,-106,-29,72.47
22530,-103,-29,71.7
22531,-100,-34,81.82
22532,-96,-30,80.94
22533,-93,-32,80.06
22535,-90,-16,79.18
22536,-86,11,92.15
22537,-81,17,91.12
22538,-77,50,90.09
22540,-72,55,89.06
22541,-67,59,98.91
22542,-62,56,97.76
22543,-58,75,96.61
22545,-54,82,95.46
22546,-50,56,106.15
22547,-47,35,104.84
22548,-45,2,103.53
22550,-43,-4,102.22
22551,-41,-29,109.78
22552,-39,-30,108.34
22553,-37,-53,106.9
22555,-35,-65,105.46
22556,-33,-67,122.85
22557,-30,-48,121.24
22558,-27,-12,119.63
22560,-24,18,118.02
22561,-20,20,128.23
22562,-18,15,126.44
22563,-15,12,124.65
22565,-13,5,122.86
22566,-11,-7,136.92
22567,-10,-15,134.98
22568,-9,-59,133.04
22570,-9,-87,131.07
22571,-9,-72,139
22572,-8,-56,136.93
22573,-8,-5,134.89
22575,-8,38,132.85
22576,-7,66,146.65
22577,-6,74,144.45
22578,-4,76,142.25
22580,-2,64,153.86
22581,0,43,151.47
22582,1,-4,149.08
22583,4,-12,153.62
22585,6,-8,151.16
22586,7,-8,148.71
22587,9,-6,146.26
22588,11,30,143.81
22590,12,25,152.25
22591,14,32,149.72
22592,17,19,147.19
22593,19,-15,144.66
22595,21,-11,142.13
22596,24,-17,154.46
22597,28,-18,151.79
22598,33,-9,149.12
22600,37,-7,146.45
22601,42,-2,153.68
22602,46,1,150.91
22603,51,18,148.14
22605,55,42,145.37
22606,59,25,152.54
22607,62,21,149.71
22608,65,9,146.88
22610,68,7,144.05
22611,70,-1,148.22
22612,73,-1,145.39
22613,76,-25,142.56
22615,78,-41,139.73
22616,81,-37,148.88
22617,84,-32,146.03
22618,87,4,143.18
22620,91,20,140.33
22621,94,20,143.47
22622,96,19,140.61
22623,99,8,137.75
22625,101,7,134.89
22626,102,-2,137.06
22627,102,-38,134.23
22628,102,-26,131.4
22630,101,-21,128.57
22631,99,-21,136.71
22632,98,-10,133.85
22633,96,-9,130.99
22635,94,-7,128.13
22636,91,0,130.31
22637,88,-7,127.49
22638,85,-1,124.67
22640,81,1,121.85
22641,76,5,125.12
22642,70,-1,122.39
22643,63,-2,119.66
22645,56,3,116.93
22646,47,9,119.25
22647,38,9,116.57
22648,27,13,113.89
22650,16,3,111.21
22651,7,5,111.64
22652,-1,6,109.07
22653,-9,8,106.5
22655,-16,5,103.93
22656,-20,6,104.44
22657,-21,5,101.95
22658,-20,7,99.46
22660,-17,5,96.97
22661,-11,4,97.59
22662,-2,2,95.21
22663,8,20,92.83
22665,21,34,90.45
22666,36,29,91.15
22667,52,18,88.85
22668,70,6,86.55
22670,88,7,84.25
22671,108,3,86.03
22672,130,-5,83.81
22673,154,-23,81.59
22675,178,-43,79.37
22676,205,-32,81.2
22677,234,-27,79.03
22678,265,-11,76.86
22680,296,15,74.69
22681,326,16,70.73
22682,355,10,68.77
22683,381,8,66.81
22685,407,4,64.85
22686,427,0,67.96
22687,442,-4,66.07
22688,454,-27,64.18
22690,462,-57,62.29
22691,465,-27,62.54
22692,464,-15,60.79
22693,458,6,59.04
22695,450,32,57.29
22696,437,25,57.62
22697,422,27,55.95
22698,405,28,54.28
22700,385,18,53.6
22701,363,18,52.08
22702,339,-14,50.56
22703,315,-35,49.04
22705,290,-6,55.58
22706,264,-2,54.12
22707,237,6,52.66
22708,211,44,51.27
22710,185,43,49.88
22711,160,44,46.51
22712,136,42,45.14
22713,114,-22,43.77
22715,93,-16,42.51
22716,73,-3,45.21
22717,56,-7,43.91
22718,41,-3,42.61
22720,27,-4,41.31
22721,15,-3,43.13
22722,4,2,41.95
22723,-5,14,40.77
22725,-14,48,39.59
22726,-22,22,39.5
22727,-29,12,38.41
22728,-35,-5,37.32
22730,-40,-4,36.23
22731,-45,-21,37.22
22732,-49,-24,36.21
22733,-52,-43,35.2
22735,-54,-66,34.19
22736,-55,-62,35.23
22737,-55,-55,34.27
22738,-55,-30,33.31
22740,-53,-3,32.35
22741,-52,-44,34.48
22742,-50,-49,33.61
22743,-49,-62,32.74
22745,-47,-59,31.87
22746,-46,-50,30.07
22747,-45,-51,29.27
22748,-44,-47,28.47
22750,-43,-61,27.67
22751,-42,-5,26.92
22752,-41,12,26.17
22753,-40,27,25.42
22755,-40,28,24.67
22756,-38,114,23.04
22757,-36,48,22.41
22758,-34,100,21.78
22760,-32,81,21.15
22761,-30,16,18.59
22762,-28,16,18.03
22763,-26,17,17.47
22765,-25,-1,16.91
22766,-24,9,19.38
22767,-24,6,18.85
22768,-24,9,18.32
22770,-25,17,17.79
22771,-25,10,14.34
22772,-25,11,13.89
22773,-26,10,13.44
22775,-26,2,12.99
22776,-25,2,15.54
22777,-24,-4,15.09
22778,-22,-3,14.64
22780,-19,0,14.19
22781,-16,-1,8.82
22782,-14,4,8.45
22783,-11,5,8.08
22785,-8,5,7.71
22786,-6,4,10.34
22787,-4,7,9.97
22788,-2,-2,9.6
22790,-1,7,9.23
22791,0,6,8.89
22792,1,7,8.55
22793,3,6,8.21
22795,4,4,7.87
22796,5,3,7.57
22797,7,2,7.27
22798,9,15,6.97
22800,11,53,6.67
22801,13,46,3.44
22802,15,32,3.21
22803,15,25,2.98
22805,16,22,2.75
22806,16,9,3.49
22807,15,2,3.23
22808,14,-29,2.97
22810,12,-50,2.71
22811,10,-39,5.47
22812,8,-31,5.23
22813,7,9,4.99
22815,5,22,4.75
22816,3,4,10.47
22817,3,1,10.19
22818,2,0,9.91
22820,2,-11,9.63
22821,2,-17,9.37
22822,1,-40,9.11
22823,1,-43,8.85
22825,0,-35,9.59
22826,0,-18,9.33
22827,-1,8,9.07
22828,-3,18,8.81
22830,-4,15,7.64
22831,-6,15,7.47
22832,-7,-20,7.3
22833,-8,-34,7.13
22835,-9,-31,6.96
22836,-10,-22,6.77
22837,-10,-26,6.58
22838,-9,-17,6.39
22840,-8,-11,6.2
22841,-7,-1,11
22842,-5,4,10.8
22843,-4,17,10.6
22845,-3,42,10.4
22846,-2,39,3.3
22847,-2,27,3.2
22848,-2,19,3.1
22850,-2,13,3
22851,-3,12,5.88
22852,-3,2,5.76
22853,-4,-32,5.64
22855,-4,-56,5.52
22856,-4,-42,7.4
22857,-4,-35,7.28
22858,-3,6,7.16
22860,-1,37,7.04
22861,0,36,2.98
22862,0,35,2.92
22863,1,30,2.86
22865,2,22,2.8
22866,2,10,1.78
22867,1,1,1.76
22868,0,-22,1.74
22870,0,-48,1.72
22871,-2,-40,0.7
22872,-3,-34,0.68
22873,-5,5,0.66
22875,-6,30,0.64
22876,-8,-15,-1.36
22877,-9,41,-1.36
22878,-9,1,-1.36
22880,-10,-6,-1.36
22881,-10,-4,1.6
22882,-11,-7,1.56
22883,-13,-3,1.52
22885,-14,1,1.48
22886,-16,0,-2.54
22887,-18,6,-2.56
22888,-21,9,-2.58
22890,-24,9,-2.6
22891,-27,10,0.38
22892,-30,4,0.36
22893,-33,5,0.34
22895,-35,7,0.32
22896,-37,0,-2.7
22897,-39,4,-2.72
22898,-40,2,-2.74
22900,-40,2,-2.76
22901,-41,2,-2.75
22902,-41,7,-2.74
22903,-42,-1,-2.73
22905,-43,-1,-2.72
22906,-44,0,-1.77
22907,-45,-2,-1.82
22908,-47,-3,-1.87
22910,-49,3,-1.92
22911,-51,2,-2.93
22912,-52,-6,-2.94
22913,-54,1,-2.95
22915,-55,3,-2.96
22916,-56,3,-5.94
22917,-56,4,-5.92
22918,-56,15,-5.9
22920,-55,33,-5.88
22921,-54,21,-5.86
22922,-53,17,-5.84
22923,-51,4,-5.82
22925,-50,5,-5.8
22926,-50,-2,-8.78
22927,-49,-4,-8.76
22928,-49,-41,-8.74
22930,-49,-36,-8.72
22931,-49,-18,-8.69
22932,-49,-15,-8.66
22933,-48,1,-8.63
22935,-47,31,-8.6
22936,-46,28,-6.56
22937,-43,23,-6.52
22938,-40,23,-6.48
22940,-36,11,-6.44
22941,-32,5,-10.3
22942,-27,1,-10.16
22943,-22,-14,-10.02
22945,-17,-41,-9.88
22946,-12,-21,-11.72
22947,-7,-14,-11.56
22948,-2,19,-11.4
22950,2,25,-11.23
22951,7,21,-13.04
22952,12,15,-12.85
22953,17,11,-12.66
22955,23,3,-14.46
22956,29,-15,-14.26
22957,36,-30,-14.06
22958,43,-29,-13.86
22960,49,-23,-10.69
22961,55,-6,-10.52
22962,60,30,-10.35
22963,65,26,-10.18
22965,69,17,-11.99
22966,72,16,-11.75
22967,75,25,-11.51
22968,78,5,-11.27
22970,80,0,-11.03
22971,82,-2,-12.84
22972,84,5,-12.65
22973,86,-17,-12.46
22975,87,-41,-12.27
22976,89,-19,-14.03
22977,91,-23,-13.79
22978,94,5,-13.55
22980,96,25,-13.31
22981,99,17,-14.04
22982,101,21,-13.77
22983,102,9,-13.5
22985,104,5,-13.23
22986,105,-14,-13.99
22987,104,-45,-13.75
22988,104,-37,-13.51
22990,102,-21,-13.27
22991,101,-8,-15.02
22992,99,-8,-14.77
22993,97,16,-14.52
22995,95,39,-14.27
22996,94,29,-12.05
22997,93,21,-11.83
22998,93,18,-11.61
23000,94,5,-11.39
23001,94,10,-17.13
23002,94,-41,-16.87
23003,94,-28,-16.61
23005,94,-18,-16.35
23006,94,-12,-15.07
23007,93,-9,-14.79
23008,92,-10,-14.51
23010,91,-5,-14.23
23011,90,-6,-15.97
23012,90,2,-15.71
23013,89,2,-15.45
23015,89,3,-15.19
23016,89,5,-14.9
23017,89,-5,-14.61
23018,90,6,-14.32
23020,92,5,-14.03
23021,93,11,-13.77
23022,95,8,-13.51
23023,96,-3,-13.25
23025,98,-3,-12.99
23026,98,3,-15.7
23027,99,1,-15.41
23028,99,-1,-15.12
23030,98,2,-14.83
23031,98,1,-16.51
23032,98,3,-16.19
23033,99,4,-15.87
23035,99,1,-15.55
23036,100,1,-16.23
23037,101,6,-15.91
23038,103,22,-15.59
23040,105,33,-15.27
23041,107,27,-17.95
23042,109,15,-17.63
23043,110,9,-17.31
23045,112,3,-16.99
23046,112,4,-14.69
23047,110,-7,-14.39
23048,108,-19,-14.09
23050,104,-38,-13.79
23051,99,-27,-15.5
23052,94,-17,-15.21
23053,87,3,-14.92
23055,80,22,-14.63
23056,73,17,-14.34
23057,64,19,-14.05
23058,55,21,-13.76
23060,46,13,-13.47
23061,36,11,-13.16
23062,26,-2,-12.85
23063,16,-10,-12.54
23065,7,-42,-12.23
23066,-1,-22,-14.93
23067,-10,-16,-14.63
23068,-17,7,-14.33
23070,-24,30,-14.03
23071,-29,19,-15.73
23072,-30,17,-15.43
23073,-30,15,-15.13
23075,-26,8,-18.79
23076,-19,-11,-18.47
23077,-9,-32,-18.15
23078,2,-30,-17.83
23080,16,-26,-15.55
23081,32,-10,-15.27
23082,50,29,-14.99
23083,69,29,-14.71
23085,90,21,-17.37
23086,113,23,-17.03
23087,138,20,-16.69
23088,164,-36,-16.35
23090,189,-24,-16.03
23091,217,-22,-21.65
23092,247,-13,-21.27
23093,277,-9,-20.89
23095,307,-7,-20.51
23096,336,-7,-16.19
23097,362,7,-15.87
23098,386,15,-15.55
23100,407,29,-15.23
23101,424,22,-15.92
23102,438,15,-15.61
23103,448,14,-15.3
23105,455,4,-14.99
23106,457,7,-15.68
23107,455,-1,-15.37
23108,450,-11,-15.06
23110,442,-34,-14.75
23111,431,-11,-17.42
23112,416,-4,-17.09
23113,400,17,-16.76
23115,382,42,-16.43
23116,363,43,-16.12
23117,343,33,-15.81
23118,323,36,-15.5
23120,303,25,-15.19
23121,283,16,-16.84
23122,262,15,-16.49
23123,242,-12,-16.14
23125,222,-31,-15.79
23126,203,-16,-17.48
23127,183,-8,-17.17
23128,164,-12,-16.86
23130,145,-18,-16.55
23131,128,33,-17.22
23132,111,-21,-16.89
23133,96,13,-16.56
23135,82,-6,-16.23
23136,70,-65,-15.92
23137,59,-60,-15.61
23138,50,-99,-15.3
23140,42,-106,-14.99
23141,35,-101,-19.63
23142,29,-85,-19.27
23143,23,-72,-18.91
23145,18,-50,-18.55
23146,14,-25,-20.17
23147,10,6,-19.79
23148,6,33,-19.41
23150,2,45,-19.03
23151,0,65,-16.7
23152,-2,59,-16.37
23153,-4,87,-16.04
23155,-5,79,-15.71
23156,-5,67,-17.38
23157,-4,53,-17.05
23158,-3,43,-16.72
23160,-1,32,-16.39
23161,1,25,-19.04
23162,3,10,-18.69
23163,5,3,-18.34
23165,7,-3,-17.99
23166,9,-16,-20.64
23167,10,-20,-20.29
23168,12,-46,-19.94
23170,12,-42,-19.59
23171,13,-36,-22.19
23172,15,-29,-21.79
23173,16,-1,-21.39
23175,17,39,-20.99
23176,18,36,-23.58
23177,20,37,-23.17
23178,23,23,-22.76
23180,26,19,-22.35
23181,28,12,-24.91
23182,31,2,-24.47
23183,33,-12,-24.03
23185,36,-27,-23.59
23186,37,-30,-21.17
23187,39,-25,-20.75
23188,40,-10,-20.33
23190,40,13,-19.91
23191,41,25,-25.46
23192,42,29,-25.01
23193,43,24,-24.56
23195,43,28,-24.11
23196,45,29,-19.72
23197,46,22,-19.33
23198,48,10,-18.94
23200,50,-23,-18.59
23201,52,-16,-24.18
23202,53,-14,-23.77
23203,54,4,-23.36
23205,54,16,-22.93
23206,54,10,-24.48
23207,53,3,-24.03
23208,52,-1,-23.58
23210,51,-11,-21.18
23211,51,-22,-20.78
23212,50,-47,-20.38
23213,50,-42,-19.98
23215,50,-39,-22.55
23216,51,-20,-22.18
23217,52,22,-21.81
23218,53,26,-21.44
23220,54,23,-21.07
23221,55,24,-20.66
23222,56,17,-20.25
23223,57,8,-19.84
23225,57,2,-19.43
23226,57,-3,-20.02
23227,56,-2,-19.61
23228,54,-23,-19.2
23230,53,-61,-18.79
23231,50,-41,-19.38
23232,48,-24,-18.97
23233,46,7,-18.56
23235,43,33,-18.15
23236,41,33,-21.73
23237,39,33,-21.31
23238,37,27,-20.89
23240,36,18,-20.47
23241,35,11,-17.08
23242,33,4,-16.69
23243,31,-21,-16.3
23245,28,-34,-15.91
23246,26,-28,-18.51
23247,23,-15,-18.11
23248,19,9,-17.71
23250,15,26,-17.31
23251,12,23,-20.89
23252,8,-11,-20.47
23253,5,22,-20.05
23255,2,-24,-19.63
23256,0,-13,-18.23
23257,-2,-16,-17.83
23258,-4,-9,-17.43
23260,-6,0,-17.03
23261,-7,6,-18.61
23262,-9,-1,-18.19
23263,-11,5,-17.77
23265,-13,-2,-17.35
23266,-15,1,-15.99
23267,-18,3,-15.63
23268,-22,1,-15.27
23270,-26,3,-14.91
23271,-29,3,-19.52
23272,-33,-1,-19.13
23273,-36,5,-18.74
23275,-39,-7,-18.35
23276,-42,10,-20.91
23277,-44,8,-20.47
23278,-45,2,-20.03
23280,-46,4,-19.59
23281,-47,7,-18.18
23282,-48,1,-17.77
23283,-49,-6,-17.36
23285,-50,-6,-16.95
23286,-52,-5,-17.56
23287,-53,3,-17.17
23288,-55,5,-16.78
23290,-56,1,-16.39
23291,-58,0,-19.99
23292,-59,6,-19.59
23293,-59,10,-19.19
23295,-60,35,-18.79
23296,-59,28,-17.43
23297,-58,12,-17.07
23298,-57,4,-16.71
23300,-54,4,-16.35
23301,-52,2,-18.99
23302,-50,-3,-18.63
23303,-47,-16,-18.27
23305,-45,-31,-17.91
23306,-42,-21,-16.59
23307,-41,-20,-16.27
23308,-40,-2,-15.95
23310,-39,19,-15.63
23311,-38,21,-18.26
23312,-37,19,-17.89
23313,-36,13,-17.52
23315,-35,10,-17.15
23316,-33,6,-15.85
23317,-31,3,-15.55
23318,-28,-12,-15.25
23320,-24,-36,-14.95
23321,-21,-24,-17.58
23322,-18,-22,-17.21
23323,-15,1,-16.84
23325,-12,27,-16.47
23326,-9,25,-15.17
23327,-7,23,-14.87
23328,-5,14,-14.57
23330,-3,7,-19.22
23331,0,0,-18.89
23332,1,-28,-18.56
23333,4,-26,-18.23
23335,7,-22,-11.94
23336,11,-7,-11.65
23337,15,17,-11.36
23338,20,25,-11.07
23340,24,20,-9.82
23341,28,26,-9.57
23342,32,14,-9.32
23343,35,-36,-9.07
23345,38,-29,-8.82
23346,41,-22,-10.55
23347,44,-19,-10.28
23348,46,-12,-10.01
23350,47,-9,-9.74
23351,49,3,-3.54
23352,51,2,-3.34
23353,53,12,-3.14
23355,55,29,-2.94
23356,57,17,0.22
23357,60,12,0.38
23358,63,6,0.54
23360,67,-10,0.7
23361,70,-11,3.79
23362,73,-19,3.88
23363,76,-49,3.97
23365,78,-90,4.06
23366,80,-79,8.14
23367,82,-67,8.22
23368,83,-25,8.3
23370,84,14,8.38
23371,85,36,9.42
23372,86,42,9.46
23373,87,65,9.5
23375,87,63,9.54
23376,88,58,16.47
23377,89,6,16.4
23378,91,2,16.33
23380,92,0,16.26
23381,94,-14,25.11
23382,95,-13,24.96
23383,95,-32,24.81
23385,96,-26,24.66
23386,96,-15,27.46
23387,95,-8,27.26
23388,94,-8,27.06
23390,93,2,26.86
23391,92,23,32.61
23392,90,10,32.36
23393,89,17,32.11
23395,88,18,31.86
23396,88,23,38.49
23397,88,20,38.12
23398,88,12,37.75
23400,89,9,37.38
23401,90,11,44.9
23402,90,5,44.42
23403,91,5,43.94
23405,91,2,43.46
23406,91,11,52.89
23407,90,10,52.32
23408,90,11,51.75
23410,88,9,51.18
23411,87,7,56.54
23412,87,5,55.9
23413,86,13,55.26
23415,85,54,54.62
23416,85,52,59.88
23417,85,42,59.14
23418,86,41,58.4
23420,87,29,57.66
23421,88,24,63.86
23422,88,8,63.06
23423,88,-18,62.26
23425,89,-58,61.46
23426,88,-48,69.54
23427,87,-37,68.62
23428,86,-18,67.7
23430,84,23,66.78
23431,82,17,71.81
23432,79,19,70.84
23433,77,16,69.87
23435,74,2,68.9
23436,70,-6,69.88
23437,66,-9,68.86
23438,61,-24,67.84
23440,56,-42,66.82
23441,50,-34,70.76
23442,42,-26,69.7
23443,33,-6,68.64
23445,24,11,67.58
23446,14,11,72.43
23447,3,17,71.28
23448,-7,11,70.13
23450,-18,11,72.94
23451,-28,6,71.76
23452,-37,-29,70.58
23453,-46,-24,69.4
23455,-53,-26,66.19
23456,-58,-17,64.98
23457,-61,4,63.77
23458,-63,32,62.56
23460,-63,25,68.34
23461,-61,18,67.12
23462,-57,19,65.9
23463,-52,-40,64.68
23465,-46,-23,63.47
23466,-39,-21,63.25
23467,-30,-19,62.03
23468,-21,-12,60.81
23470,-11,-12,59.59
23471,1,-7,61.32
23472,15,4,60.05
23473,32,12,58.78
23475,49,35,57.51
23476,71,28,58.28
23477,96,17,57.05
23478,123,12,55.82
23480,153,9,54.59
23481,183,3,51.41
23482,213,-5,50.23
23483,243,-14,49.05
23485,273,-43,47.87
23486,299,-27,47.71
23487,322,-19,46.55
23488,342,-2,45.39
23490,358,22,44.23
23491,370,24,43.11
23492,379,17,41.99
23493,383,19,40.87
23495,385,9,39.75
23496,383,8,35.67
23497,377,-1,34.59
23498,369,-11,33.51
23500,358,-32,32.43
23501,345,-19,37.36
23502,330,-9,36.29
23503,313,1,35.22
23505,294,0,34.15
23506,275,48,28.22
23507,254,11,27.29
23508,232,64,26.36
23510,211,52,25.43
23511,189,20,27.5
23512,169,-9,26.57
23513,150,3,25.64
23515,131,-2,24.71
23516,114,14,22.85
23517,98,8,21.99
23518,84,13,21.13
23520,71,18,20.27
23521,60,16,18.49
23522,49,17,17.71
23523,39,15,16.93
23525,31,9,16.15
23526,23,4,16.44
23527,16,-9,15.73
23528,9,-11,15.02
23530,3,-2,14.31
23531,0,-25,10.73
23532,-4,-20,10.15
23533,-7,-23,9.57
23535,-9,-25,8.99
23536,-10,-30,12.43
23537,-10,-30,11.87
23538,-9,-31,11.31
23540,-7,-29,10.75
23541,-4,-49,7.28
23542,-2,-52,6.81
23543,0,-81,6.34
23545,2,-76,5.87
23546,4,-82,4.48
23547,6,-76,4.09
23548,8,-62,3.7
23550,9,-10,3.31
23551,11,3,3.01
23552,13,10,2.71
23553,16,16,2.41
23555,18,30,2.11
23556,21,40,-0.11
23557,24,33,-0.33
23558,28,29,-0.55
23560,32,-4,-0.77
23561,35,12,-1.96
23562,38,16,-2.15
23563,41,39,-2.34
23565,43,65,-2.53
23566,45,54,-10.59
23567,46,49,-10.65
23568,47,42,-10.71
23570,47,32,-11.76
23571,48,22,-11.75
23572,49,-13,-11.74
23573,49,-23,-11.73
23575,50,-6,-8.71
23576,52,2,-8.69
23577,53,23,-8.67
23578,55,44,-8.65
23580,57,40,-8.65
23581,59,45,-8.65
23582,60,36,-8.65
23583,61,-33,-8.65
23585,62,-19,-8.58
23586,62,-19,-6.53
23587,62,-18,-6.48
23588,61,-11,-6.43
23590,60,-12,-6.38
23591,59,-6,-4.34
23592,58,0,-4.3
23593,57,13,-4.26
23595,56,45,-4.22
23596,56,38,-5.14
23597,55,31,-5.06
23598,55,24,-4.98
23600,55,18,-4.9
23601,55,9,-5.79
23602,54,1,-5.68
23603,53,-23,-5.57
23605,52,-46,-5.46
23606,50,-39,-4.38
23607,46,-32,-4.3
23608,43,-5,-4.22
23610,39,20,-4.14
23611,34,9,-5.04
23612,30,5,-4.94
23613,26,0,-4.84
23615,23,-9,-4.74
23616,19,-14,0.31
23617,16,-15,0.36
23618,13,-28,0.41
23620,11,-52,0.46
23621,8,-50,-3.48
23622,4,-28,-3.42
23623,1,-6,-3.36
23625,-2,27,-3.3
23626,-6,26,-1.2
23627,-10,-17,-1.1
23628,-14,0,-1
23630,-19,-22,-0.9
23631,-23,-13,-0.85
23632,-27,-14,-0.8
23633,-31,-11,-0.75
23635,-34,-2,-0.7
23636,-37,4,-1.61
23637,-39,2,-1.52
23638,-40,7,-1.43
23640,-41,2,-1.34
23641,-43,9,-3.24
23642,-45,7,-3.14
23643,-46,8,-3.04
23645,-48,10,-2.94
23646,-51,12,-6.81
23647,-53,9,-6.68
23648,-56,4,-6.55
23650,-59,1,-6.42
23651,-62,0,-0.34
23652,-64,5,-0.26
23653,-66,-3,-0.18
23655,-67,4,-0.1
23656,-68,4,-4.01
23657,-68,2,-3.92
23658,-68,2,-3.83
23660,-67,3,-3.74
23661,-67,5,-3.61
23662,-67,6,-3.48
23663,-68,7,-3.35
23665,-69,2,-3.22
23666,-70,3,-6.09
23667,-71,7,-5.96
23668,-73,9,-5.83
23670,-75,40,-5.7
23671,-77,28,-4.59
23672,-79,18,-4.48
23673,-80,10,-4.37
23675,-81,9,-4.26
23676,-82,2,-3.16
23677,-82,-4,-3.06
23678,-81,-16,-2.96
23680,-81,-40,-2.86
23681,-80,-27,-7.73
23682,-79,-20,-7.6
23683,-79,3,-7.47
23685,-78,22,-7.34
23686,-78,16,-7.22
23687,-78,20,-7.1
23688,-79,13,-6.98
23690,-79,7,-6.86
23691,-80,5,-8.8
23692,-80,-5,-8.74
23693,-80,-10,-8.68
23695,-80,-37,-8.63
23696,-80,-33,-8.58
23697,-78,-25,-8.53
23698,-77,-13,-8.48
23700,-74,10,-8.4
23701,-72,17,-8.32
23702,-70,16,-8.24
23703,-68,15,-8.16
23705,-65,11,-15.01
23706,-63,-2,-14.86
23707,-61,-40,-14.71
23708,-59,-46,-14.56
23710,-57,-41,-9.46
23711,-53,-29,-9.34
23712,-50,15,-9.22
23713,-47,28,-9.1
23715,-43,33,-8.98
23716,-38,27,-11.81
23717,-33,18,-11.64
23718,-27,-45,-11.47
23720,-21,-42,-11.3
23721,-15,-36,-12.13
23722,-9,-28,-11.96
23723,-3,-19,-11.79
23725,1,-13,-11.62
23726,6,-6,-14.43
23727,10,4,-14.24
23728,14,27,-14.05
23730,18,61,-13.86
23731,21,50,-10.69
23732,24,42,-10.52
23733,28,34,-10.35
23735,31,23,-10.18
23736,35,15,-12.99
23737,39,5,-12.8
23738,43,-8,-12.61
23740,47,-48,-12.42
23741,50,-36,-14.16
23742,53,-15,-13.9
23743,56,-13,-13.64
23745,58,29,-13.38
23746,60,-13,-15.14
23747,60,14,-14.9
23748,61,28,-14.66
23750,60,21,-14.42
23751,60,7,-13.17
23752,59,-49,-12.92
23753,59,-40,-12.67
23755,58,-30,-12.42
23756,58,-31,-15.14
23757,58,-26,-14.86
23758,58,-20,-14.58
23760,59,-20,-14.3
23761,59,-9,-14.03
23762,58,-5,-13.76
23763,57,3,-13.49
23765,56,8,-13.22
23766,54,6,-11.98
23767,52,25,-11.74
23768,49,25,-11.5
23770,46,25,-11.26
23771,43,35,-14.03
23772,41,26,-13.8
23773,38,17,-13.57
23775,35,18,-13.34
23776,33,14,-14.04
23777,31,8,-13.74
23778,29,6,-13.44
23780,28,0,-13.14
23781,27,2,-10.9
23782,26,4,-10.66
23783,24,2,-10.42
23785,23,8,-10.18
23786,21,4,-14.89
23787,19,4,-14.6
23788,16,12,-14.31
23790,14,40,-14.02
23791,12,30,-13.76
23792,11,23,-13.5
23793,9,13,-13.24
23795,8,6,-12.98
23796,7,7,-13.7
23797,8,-1,-13.42
23798,9,-42,-13.14
23800,10,-32,-12.86
23801,11,-27,-15.54
23802,12,-21,-15.22
23803,13,-1,-14.9
23805,14,28,-14.58
23806,15,22,-11.34
23807,15,19,-11.1
23808,15,11,-10.86
23810,15,12,-10.62
23811,15,3,-17.31
23812,16,-2,-17
23813,16,-3,-16.69
23815,17,-34,-16.38
23816,19,-20,-16.09
23817,20,-16,-15.8
23818,23,0,-15.51
23820,26,30,-15.22
23821,28,29,-16.91
23822,31,26,-16.6
23823,33,17,-16.29
23825,35,15,-16.97
23826,37,9,-16.65
23827,39,-25,-16.33
23828,40,-27,-16.01
23830,42,-18,-17.74
23831,44,-13,-17.47
23832,47,28,-17.2
23833,49,28,-16.93
23835,52,25,-16.61
23836,55,25,-17.28
23837,58,17,-16.95
23838,62,8,-16.62
23840,66,5,-16.29
23841,69,-2,-14.01
23842,73,-2,-13.73
23843,75,5,-13.45
23845,78,-42,-13.17
23846,80,-32,-15.87
23847,82,-26,-15.57
23848,83,-6,-15.27
23850,85,30,-14.97
23851,86,11,-12.72
23852,87,10,-12.47
23853,88,17,-12.22
23855,90,6,-11.97
23856,91,-35,-11.69
23857,94,-32,-11.41
23858,97,-27,-11.13
23860,100,-19,-10.85
23861,103,-14,-9.61
23862,106,-8,-9.37
23863,108,9,-9.13
23865,110,33,-8.89
23866,112,26,-7.68
23867,112,17,-7.47
23868,113,11,-7.26
23870,112,6,-7.05
23871,112,4,-11.81
23872,111,-3,-11.57
23873,111,-13,-11.33
23875,110,-40,-11.09
23876,109,-20,-10.84
23877,109,-17,-10.59
23878,109,-14,-10.34
23880,110,-9,-10.09
23881,109,43,-7.89
23882,109,-3,-7.69
23883,107,34,-7.49
23885,106,22,-7.29
23886,104,10,-7.09
23887,101,-26,-6.89
23888,98,-16,-6.69
23890,95,-20,-6.49
23891,91,-12,-9.25
23892,88,-11,-9.01
23893,85,-8,-8.77
23895,81,0,-8.53
23896,79,6,-9.31
23897,77,2,-9.09
23898,75,2,-8.87
23900,74,2,-8.65
23901,72,5,-10.42
23902,70,1,-10.19
23903,68,-5,-9.96
23905,66,2,-9.73
23906,63,4,-12.45
23907,60,2,-12.17
23908,57,-1,-11.89
23910,53,-4,-11.61
23911,50,0,-11.38
23912,47,1,-11.15
23913,45,1,-10.92
23915,43,-8,-10.69
23916,41,0,-8.48
23917,40,5,-8.27
23918,40,-4,-8.06
23920,40,-4,-7.85
23921,40,-5,-12.6
23922,39,-6,-12.35
23923,39,3,-12.1
23925,38,30,-11.85
23926,37,15,-13.61
23927,35,7,-13.37
23928,33,6,-13.13
23930,31,3,-12.89
23931,29,0,-12.62
23932,28,-4,-12.35
23933,26,-21,-12.08
23935,25,-53,-11.81
23936,24,-43,-8.64
23937,24,-26,-8.47
23938,24,-7,-8.3
23940,25,28,-8.13
23941,26,23,-12.91
23942,26,20,-12.69
23943,26,13,-12.47
23945,26,13,-16.21
23946,25,-3,-15.97
23947,24,-42,-15.73
23948,24,-39,-15.49
23950,23,-21,-13.28
23951,23,-15,-13.07
23952,22,26,-12.86
23953,22,32,-12.65
23955,23,31,-12.46
23956,23,30,-14.25
23957,25,23,-14.04
23958,26,-45,-13.83
23960,29,-40,-13.62
23961,30,-26,-14.41
23962,32,-17,-14.2
23963,33,-18,-13.99
23965,34,-6,-13.78
23966,35,2,-14.54
23967,36,13,-14.3
23968,36,26,-14.06
23970,36,45,-13.82
23971,37,34,-14.6
23972,37,28,-14.38
23973,38,20,-14.16
23975,39,13,-13.94
23976,40,7,-19.64
23977,42,6,-19.34
23978,45,-11,-19.04
23980,48,-31,-18.74
23981,50,-25,-16.46
23982,53,-26,-16.18
23983,55,1,-15.9
23985,57,25,-15.62
23986,58,24,-18.3
23987,60,16,-17.98
23988,61,17,-17.66
23990,62,10,-17.34
23991,63,6,-18
23992,65,2,-17.66
23993,67,-10,-17.32
23995,69,-38,-16.98
23996,71,-31,-20.65
23997,74,-15,-20.32
23998,78,7,-19.99
24000,81,24,-19.66
24001,85,16,-15.37
24002,87,-8,-15.08
24003,90,0,-14.79
24005,92,-21,-14.5
24006,93,-11,-13.2
24007,93,-13,-12.9
24008,93,-5,-12.6
24010,93,1,-12.3
24011,92,8,-19.92
24012,92,3,-19.54
24013,91,3,-19.16
24015,91,-1,-18.78
24016,90,-5,-17.44
24017,91,2,-17.1
24018,91,0,-16.76
24020,92,6,-16.42
24021,92,-1,-19.06
24022,92,5,-18.7
24023,92,4,-18.34
24025,91,12,-17.98
24026,90,8,-17.64
24027,88,4,-17.3
24028,86,-1,-16.96
24030,84,-2,-16.62
24031,81,1,-19.28
24032,79,-2,-18.94
24033,77,1,-18.6
24035,74,0,-18.26
24036,72,4,-14.95
24037,70,7,-14.64
24038,69,2,-14.33
24040,67,-5,-14.02
24041,65,1,-15.67
24042,63,-2,-15.32
24043,60,1,-14.97
24045,57,31,-14.62
24046,54,-6,-17.29
24047,50,13,-16.96
24048,46,17,-16.63
24050,41,16,-16.3
24051,37,7,-15
24052,33,2,-14.7
24053,30,-2,-14.4
24055,27,-22,-14.1
24056,24,-39,-15.78
24057,23,-25,-15.46
24058,21,-13,-15.14
24060,20,25,-14.82
24061,19,20,-18.43
24062,18,16,-18.04
24063,16,18,-17.65
24065,14,11,-17.26
24066,12,6,-16.92
24067,10,1,-16.58
24068,7,-9,-16.24
24070,4,-50,-15.94
24071,1,-26,-13.66
24072,-1,-25,-13.38
24073,-3,-3,-13.1
24075,-5,23,-12.8
24076,-6,-22,-14.48
24077,-7,14,-14.16
24078,-7,28,-13.84
24080,-7,21,-13.52
24081,-7,16,-17.18
24082,-7,12,-16.84
24083,-8,-3,-16.5
24085,-9,-41,-16.16
24086,-10,-25,-15.83
24087,-12,-16,-15.5
24088,-14,1,-15.17
24090,-16,28,-14.84
24091,-17,22,-16.5
24092,-19,21,-16.16
24093,-20,18,-15.82
24095,-20,11,-16.47
24096,-20,-1,-16.13
24097,-19,-43,-15.79
24098,-18,-36,-15.45
24100,-17,-27,-19.07
24101,-17,-6,-18.75
24102,-17,26,-18.43
24103,-17,27,-18.11
24105,-17,26,-17.79
24106,-17,29,-17.45
24107,-18,19,-17.11
24108,-20,12,-16.77
24110,-21,8,-16.43
24111,-22,4,-17.11
24112,-23,-1,-16.79
24113,-24,-7,-16.47
24115,-25,-40,-16.15
24116,-26,-24,-14.85
24117,-27,-17,-14.55
24118,-28,0,-14.25
24120,-29,32,-13.95
24121,-32,28,-12.7
24122,-35,26,-12.45
24123,-38,23,-12.2
24125,-43,14,-11.95
24126,-48,15,-16.61
24127,-55,-28,-16.27
24128,-62,-26,-15.93
24130,-70,-23,-15.59
24131,-77,-15,-13.26
24132,-83,-8,-12.93
24133,-89,0,-12.6
24135,-94,-6,-12.27
24136,-96,3,-14
24137,-98,6,-13.73
24138,-98,6,-13.46
24140,-96,3,-13.19
24141,-93,4,-10.93
24142,-87,1,-10.67
24143,-81,1,-10.41
24145,-73,2,-10.15
24146,-63,0,-14.87
24147,-53,-2,-14.59
24148,-42,1,-14.31
24150,-31,-8,-14.03
24151,-17,0,-14.74
24152,-2,-8,-14.45
24153,13,-4,-14.16
24155,30,-2,-13.87
24156,50,1,-14.6
24157,70,0,-14.33
24158,91,1,-14.06
24160,113,4,-13.79
24161,138,0,-16.46
24162,164,-5,-16.13
24163,191,1,-15.8
24165,219,24,-15.47
24166,246,14,-15.16
24167,271,9,-14.85
24168,295,4,-14.54
24170,318,3,-14.23
24171,337,2,-13.95
24172,353,-3,-13.67
24173,367,-10,-13.39
24175,378,-32,-13.11
24176,385,-14,-14.8
24177,389,-14,-14.49
24178,390,15,-14.18
24180,390,43,-13.87
24181,385,44,-16.55
24182,376,46,-16.23
24183,365,53,-15.91
24185,352,43,-15.59
24186,336,45,-17.29
24187,317,15,-16.99
24188,298,-3,-16.69
24190,277,-54,-16.39
24191,255,-53,-16.09
24192,234,-51,-15.79
24193,212,-52,-15.49
24195,190,-4,-15.19
24196,170,-24,-14.87
24197,150,-22,-14.55
24198,131,-29,-14.23
24200,113,-14,-16.88
24201,95,-35,-16.55
24202,79,-61,-16.22
24203,63,-50,-15.89
24205,48,-32,-17.54
24206,33,-13,-17.23
24207,19,18,-16.92
24208,7,60,-16.61
24210,-4,58,-16.3
24211,-15,58,-17.97
24212,-25,41,-17.64
24213,-33,25,-17.31
24215,-40,14,-16.98
24216,-46,-53,-16.67
24217,-50,-70,-16.36
24218,-53,-71,-16.05
24220,-55,-63,-15.75
24221,-56,-65,-17.43
24222,-58,-52,-17.11
24223,-58,-29,-16.79
24225,-59,27,-16.51
24226,-60,38,-20.19
24227,-61,41,-19.87
24228,-62,66,-19.55
24230,-63,60,-19.23
24231,-64,61,-19.9
24232,-64,49,-19.57
24233,-64,48,-19.24
24235,-63,9,-18.91
24236,-62,9,-21.56
24237,-61,5,-21.21
24238,-59,17,-20.86
24240,-57,55,-20.51
24241,-55,49,-21.14
24242,-54,42,-20.77
24243,-53,34,-20.4
24245,-52,39,-20.03
24246,-52,27,-18.66
24247,-52,10,-18.29
24248,-52,-4,-17.92
24250,-52,-46,-17.55
24251,-53,-50,-23.17
24252,-53,-41,-22.79
24253,-53,-45,-22.41
24255,-53,-34,-22.03
24256,-52,14,-17.67
24257,-50,-19,-17.31
24258,-49,6,-16.95
24260,-46,-2,-16.59
24261,-45,-28,-17.24
24262,-43,-57,-16.89
24263,-42,-52,-16.54
24265,-40,-48,-16.19
24266,-40,-28,-19.78
24267,-39,-26,-19.37
24268,-39,-18,-18.96
24270,-39,-2,-18.55
24271,-39,1,-19.18
24272,-39,12,-18.81
24273,-38,14,-18.44
24275,-38,3,-18.07
24276,-36,13,-17.71
24277,-35,4,-17.35
24278,-33,14,-16.99
24280,-31,13,-16.63
24281,-29,16,-19.25
24282,-27,3,-18.87
24283,-26,-4,-18.49
24285,-26,7,-18.11
24286,-25,-2,-15.78
24287,-25,10,-15.45
24288,-25,4,-15.12
24290,-26,1,-14.79
24291,-26,12,-17.43
24292,-26,6,-17.07
24293,-26,-1,-16.71
24295,-26,4,-16.35
24296,-25,-2,-17.97
24297,-23,3,-17.59
24298,-21,3,-17.21
24300,-19,28,-16.83
24301,-17,22,-14.49
24302,-16,16,-14.15
24303,-15,12,-13.81
24305,-14,8,-13.47
24306,-13,5,-17.12
24307,-13,-2,-16.77
24308,-14,-13,-16.42
24310,-14,-52,-16.07
24311,-14,-43,-15.74
24312,-14,-36,-15.41
24313,-14,-25,-15.08
24315,-13,37,-14.75
24316,-12,27,-16.4
24317,-10,23,-16.05
24318,-8,23,-15.7
24320,-6,20,-15.35
24321,-4,-5,-15
24322,-3,-43,-14.65
24323,-1,-39,-14.3
24325,-1,-38,-16.95
24326,0,-14,-16.6
24327,0,25,-16.25
24328,-1,35,-15.9
24330,-1,36,-15.57
24331,-2,24,-14.25
24332,-2,24,-13.93
24333,-2,-40,-13.61
24335,-2,-45,-13.29
24336,-1,-34,-12
24337,0,-31,-11.71
24338,0,-9,-11.42
24340,1,-12,-11.13
24341,1,6,-12.82
24342,1,12,-12.51
24343,1,10,-12.2
24345,0,48,-11.89
24346,-1,39,-8.63
24347,-4,33,-8.37
24348,-7,24,-8.11
24350,-10,19,-7.85
24351,-13,13,-8.62
24352,-16,5,-8.39
24353,-19,-8,-8.16
24355,-22,-46,-7.93
24356,-24,-33,-6.72
24357,-26,-27,-6.51
24358,-27,-12,-6.3
24360,-29,31,-6.09
24361,-31,27,-0.96
24362,-33,28,-0.83
24363,-36,25,-0.7
24365,-39,18,-0.57
24366,-43,13,5.49
24367,-47,6,5.55
24368,-52,-4,5.61
24370,-56,-46,5.67
24371,-60,-35,5.74
24372,-64,-20,5.81
24373,-68,-7,5.88
24375,-71,27,5.95
24376,-74,24,16.85
24377,-76,-11,16.75
24378,-78,30,16.65
24380,-79,-6,16.55
24381,-80,-12,20.45
24382,-82,-8,20.35
24383,-84,-3,20.25
24385,-85,4,20.15
24386,-87,12,25.98
24387,-90,12,25.81
24388,-93,13,25.64
24390,-95,6,25.47
24391,-98,5,38.13
24392,-100,7,37.79
24393,-102,3,37.45
24395,-103,4,37.11
24396,-104,1,47.65
24397,-104,0,47.19
24398,-103,1,46.73
24400,-102,2,46.27
24401,-101,-5,56.7
24402,-99,2,56.13
24403,-98,-3,55.56
24405,-98,-5,54.99
24406,-97,-2,64.29
24407,-96,-6,63.59
24408,-96,-9,62.89
24410,-95,-1,62.19
24411,-95,-14,73.39
24412,-94,-1,72.59
24413,-92,-3,71.79
24415,-91,-3,70.99
24416,-88,-5,82.04
24417,-85,-6,81.09
24418,-82,-31,80.14
24420,-78,25,79.19
24421,-74,7,92.08
24422,-70,5,90.97
24423,-67,6,89.86
24425,-64,6,88.75
24426,-61,17,98.55
24427,-59,16,97.35
24428,-57,32,96.15
24430,-55,3,94.95
24431,-52,17,106.58
24432,-49,25,105.21
24433,-47,36,103.84
24435,-43,70,102.47
24436,-40,49,113.97
24437,-35,24,112.47
24438,-31,6,110.97
24440,-26,-12,109.47
24441,-21,-21,117.85
24442,-17,-29,116.23
24443,-13,-36,114.61
24445,-10,-61,112.99
24446,-7,-38,122.26
24447,-4,-26,120.53
24448,-2,-9,118.8
24450,0,25,117.04
24451,1,10,126.17
24452,3,7,124.3
24453,6,-1,122.43
24455,9,-5,135.41
24456,13,-4,133.4
24457,17,-45,131.39
24458,22,-52,129.38
24460,27,-29,140.24
24461,31,-15,138.11
24462,36,25,135.98
24463,39,22,133.85
24465,43,21,131.72
24466,46,22,141.45
24467,49,13,139.18
24468,52,-52,136.91
24470,54,-28,134.64
24471,56,-26,138.34
24472,58,-21,136.04
24473,61,-12,133.74
24475,63,-17,131.44
24476,66,-22,142.99
24477,70,-17,140.54
24478,73,5,138.09
24480,77,50,135.64
24481,80,58,138.15
24482,82,53,135.66
24483,84,58,133.17
24485,85,59,130.68
24486,85,51,142.1
24487,85,36,139.52
24488,85,3,136.94
24490,84,-34,134.36
24491,83,-32,138.77
24492,83,-34,136.18
24493,83,-14,133.59
24495,83,14,131
24496,84,12,135.34
24497,84,13,132.68
24498,85,16,130.02
24500,87,4,127.36
24501,87,5,131.74
24502,87,-32,129.12
24503,87,-29,126.5
24505,86,-26,123.88
24506,85,-21,128.23
24507,83,-18,125.58
24508,81,-18,122.93
24510,79,-15,120.28
24511,77,-2,120.66
24512,75,-4,118.04
24513,74,-11,115.42
24515,73,-8,112.8
24516,72,-8,115.26
24517,71,-13,112.72
24518,71,-19,110.18
24520,71,-6,107.64
24521,70,-7,112.14
24522,68,-3,109.64
24523,67,-5,107.14
24525,65,-10,104.64
24526,62,-7,103.24
24527,60,-3,100.84
24528,57,6,98.44
24530,55,3,96.04
24531,52,3,96.71
24532,50,10,94.38
24533,49,14,92.05
24535,48,5,89.72
24536,47,-3,92.46
24537,47,-2,90.2
24538,47,10,87.94
24540,48,36,85.68
24541,48,29,85.52
24542,47,26,83.36
24543,47,19,81.2
24545,45,16,79.04
24546,43,10,77.02
24547,39,3,75
24548,33,-10,72.98
24550,27,-33,70.96
24551,20,-29,73.01
24552,11,-21,71.06
24553,2,-6,69.11
24555,-7,32,67.16
24556,-17,29,65.34
24557,-27,26,63.52
24558,-38,19,61.7
24560,-48,13,59.88
24561,-59,6,60.17
24562,-72,-2,58.46
24563,-84,-8,56.75
24565,-97,-39,55.04
24566,-111,-34,53.43
24567,-126,-25,51.82
24568,-142,-8,50.21
24570,-158,17,48.6
24571,-174,19,49.08
24572,-191,17,47.56
24573,-208,17,46.04
24575,-225,14,47.49
24576,-242,-8,46.05
24577,-258,-48,44.61
24578,-274,-32,43.17
24580,-292,-22,44.85
24581,-309,-23,43.53
24582,-327,18,42.21
24583,-345,21,40.89
24585,-363,32,39.7
24586,-378,29,37.52
24587,-392,22,36.34
24588,-404,-40,35.16
24590,-413,-28,33.98
24591,-419,-19,32.92
24592,-421,-24,31.86
24593,-420,-10,30.8
24595,-417,-3,29.74
24596,-411,-5,28.74
24597,-403,8,27.74
24598,-393,2,26.74
24600,-383,43,25.74
24601,-373,36,23.89
24602,-364,28,23.04
24603,-355,21,22.19
24605,-347,16,21.34
24606,-341,10,24.5
24607,-336,8,23.66
24608,-332,-2,22.82
24610,-329,-26,21.98
24611,-326,-6,24.25
24612,-324,-7,23.52
24613,-322,-1,22.79
24615,-320,21,22.06
24616,-319,39,20.41
24617,-318,-6,19.76
24618,-317,48,19.11
24620,-316,38,18.46
24621,-314,27,18.87
24622,-311,22,18.28
24623,-307,2,17.69
24625,-304,-35,17.1
24626,-299,-26,17.57
24627,-292,-28,17.04
24628,-286,-16,16.51
24630,-278,-17,15.98
24631,-270,-10,17.5
24632,-259,-1,17.02
24633,-248,56,16.54
24635,-237,-6,16.06
24636,-222,-11,13.63
24637,-206,-9,13.2
24638,-188,-6,12.77
24640,-170,-8,12.34
24641,-150,-12,13.94
24642,-129,-10,13.54
24643,-108,-4,13.14
24645,-86,-8,12.74
24646,-65,-8,11.42
24647,-43,-9,11.1
24648,-22,-17,10.78
24650,-1,-12,10.46
24651,20,-33,13.12
24652,41,-44,12.78
24653,62,-61,12.44
24655,83,-51,12.1
24656,104,-55,10.8
24657,125,-54,10.5
24658,144,-50,10.2
24660,164,-41,9.9
24661,181,-21,10.64
24662,197,-14,10.38
24663,211,60,10.12
24665,224,64,9.86
24666,236,73,6.65
24667,245,58,6.44
24668,253,60,6.23
24670,259,-5,6.02
24671,265,0,4.82
24672,270,-5,4.62
24673,274,9,4.42
24675,278,44,4.22
24676,281,42,3.07
24677,284,45,2.92
24678,287,46,2.77
24680,289,31,2.62
24681,290,33,0.49
24682,291,23,0.36
24683,291,7,0.23
24685,290,-19,0.1
24686,288,-18,0.98
24687,286,-17,0.86
24688,283,0,0.74
24690,279,41,0.62
24691,277,38,-3.46
24692,274,32,-3.54
24693,272,21,-3.62
24695,270,19,-1.72
24696,269,-2,-1.8
24697,269,-44,-1.88
24698,269,-41,-1.96
24700,268,-33,-5.97
24701,268,-25,-5.98
24702,267,23,-5.99
24703,265,13,-6
24705,264,24,-5.98
24706,263,22,-0.02
24707,261,10,-0.06
24708,258,6,-0.1
24710,256,1,-0.14
24711,254,-12,0.8
24712,253,-7,0.74
24713,252,-17,0.68
24715,252,-40,0.62
24716,252,-44,-3.4
24717,252,-28,-3.42
24718,253,-24,-3.44
24720,254,12,-3.46
24721,255,5,-4.47
24722,255,7,-4.48
24723,255,4,-4.49
24725,255,5,-4.5
24726,255,-58,-3.53
24727,254,-53,-3.56
24728,253,-52,-3.59
24730,251,-31,-3.62
24731,251,-21,-4.6
24732,250,-16,-4.58
24733,250,4,-4.56
24735,250,58,-4.54
24736,252,45,-5.48
24737,253,38,-5.42
24738,256,27,-5.36
24740,258,14,-5.3
24741,261,4,-6.24
24742,263,-5,-6.18
24743,265,-15,-6.12
24745,266,-67,-6.06
24746,267,-46,-5
24747,268,-31,-4.94
24748,269,-9,-4.88
24750,269,45,-4.82
24751,269,43,-8.71
24752,270,-17,-8.6
24753,270,44,-8.49
24755,271,-8,-8.38
24756,271,-16,-5.28
24757,273,-13,-5.18
24758,274,-7,-5.08
24760,276,-2,-4.98
24761,278,-1,-9.85
24762,279,9,-9.72
24763,280,-3,-9.59
24765,281,-4,-9.46
24766,281,8,-11.29
24767,281,15,-11.12
24768,281,5,-10.95
24770,280,8,-10.78
24771,280,9,-10.62
24772,280,8,-10.46
24773,280,2,-10.3
24775,281,-9,-10.14
24776,282,10,-10.94
24777,283,12,-10.74
24778,284,0,-10.54
24780,286,-4,-10.34
24781,287,2,-13.12
24782,288,0,-12.9
24783,289,-3,-12.68
24785,289,-10,-12.46
24786,289,-1,-12.23
24787,289,6,-12
24788,288,5,-11.77
24790,288,-5,-11.54
24791,287,1,-13.32
24792,287,9,-13.1
24793,288,-15,-12.88
24795,288,32,-12.66
24796,290,26,-13.44
24797,291,24,-13.22
24798,293,18,-13
24800,296,13,-12.78
24801,298,10,-13.56
24802,299,7,-13.34
24803,300,2,-13.12
24805,301,-45,-12.9
24806,301,-27,-16.66
24807,301,-18,-16.42
24808,300,-22,-16.18
24810,299,23,-15.94
24811,298,27,-11.73
24812,297,21,-11.52
24813,297,22,-11.31
24815,296,21,-11.1
24816,296,12,-15.88
24817,296,5,-15.66
24818,296,3,-15.44
24820,296,-34,-15.2
24821,297,-24,-14.96
24822,297,-19,-17.69
24823,296,-13,-17.42
24825,295,29,-17.19
24826,293,15,-16.96
24827,290,17,-16.73
24828,288,15,-16.5
24830,285,7,-20.23
24831,282,5,-19.9
24832,279,-33,-19.57
24833,275,-32,-19.24
24835,272,-14,-21.88
24836,269,-11,-21.51
24837,266,24,-21.14
24838,263,24,-20.77
24840,261,20,-20.4
24841,257,31,-17.1
24842,253,10,-16.8
24843,249,-34,-16.5
24845,244,-20,-16.2
24846,239,-18,-15.91
24847,234,-8,-18.59
24848,229,-4,-18.27
24850,223,2,-17.95
24851,217,13,-17.62
24852,212,9,-24.22
24853,206,2,-23.82
24855,201,40,-23.42
24856,197,27,-23.03
24857,192,26,-20.66
24858,188,21,-20.29
24860,185,17,-19.92
24861,182,0,-19.56
24862,178,6,-23.16
24863,173,-6,-22.76
24865,169,-37,-22.36
24866,164,-30,-21.97
24867,158,-24,-24.55
24868,152,-20,-24.13
24870,146,27,-23.71
24871,139,19,-23.28
24872,133,16,-22.85
24873,127,17,-22.42
24875,121,8,-21.99
24876,116,2,-24.57
24877,111,-21,-24.15
24878,106,-39,-23.73
24880,102,-29,-23.31
24881,97,-21,-27.81
24882,92,-21,-27.31
24883,86,-15,-26.81
24885,81,-8,-26.31
24886,75,-3,-23.88
24887,69,4,-23.45
24888,63,5,-23.02
24890,57,7,-22.59
24891,51,-1,-22.18
24892,46,-2,-23.75
24893,41,-2,-23.32
24895,37,3,-22.89
24896,33,2,-22.46
24897,31,0,-24.01
24898,28,1,-23.56
24900,27,-3,-23.11
24901,25,-7,-22.67
24902,24,4,-26.19
24903,23,0,-25.71
24905,21,5,-25.23
24906,20,0,-24.78
24907,18,-2,-25.32
24908,17,6,-24.86
24910,15,3,-24.4
24911,14,5,-23.94
24912,13,-1,-27.44
24913,12,-1,-26.94
24915,12,38,-26.44
24916,13,35,-25.96
24917,14,24,-27.46
24918,16,13,-26.96
24920,18,12,-26.46
24921,21,2,-25.97
24922,23,0,-23.5
24923,25,-3,-23.03
24925,27,-49,-22.56
24926,29,-30,-22.1
24927,30,-22,-26.59
24928,32,-15,-26.08
24930,33,26,-25.57
24931,33,25,-25.1
24932,34,20,-25.62
24933,35,17,-25.14
24935,36,11,-24.66
24936,38,3,-24.14
24937,39,1,-27.58
24938,41,-6,-27.02
24940,43,-42,-26.46
24941,46,-21,-25.95
24942,47,-14,-23.46
24943,48,-22,-22.97
24945,49,30,-22.48
24946,50,27,-21.99
24947,50,21,-22.52
24948,49,21,-22.05
24950,49,11,-21.58
24951,48,3,-21.11
24952,48,0,-21.63
24953,48,-7,-21.15
24955,48,-37,-20.71
24956,48,-27,-20.27
24957,49,-27,-23.79
24958,51,-14,-23.31
24960,52,36,-22.86
24961,53,15,-22.41
24962,54,17,-21.96
24963,54,18,-21.51
24965,53,10,-23.04
24966,53,6,-22.54
24967,52,-33,-22.04
24968,50,-30,-21.54
24970,49,-19,-25
24971,49,-17,-24.46
24972,49,-20,-23.95
24973,50,35,-23.44
24975,50,25,-22.93
24976,52,21,-23.41
24977,53,17,-22.96
24978,55,15,-22.51
24980,57,12,-22.06
24981,59,5,-21.61
24982,61,-3,-24.11
24983,63,-3,-23.61
24985,64,-37,-23.11
24986,65,-24,-22.61
24987,65,-20,-26.11
24988,65,-16,-25.61
24990,65,28,-25.11
24991,64,21,-24.61
24992,64,21,-25.13
24993,64,17,-24.65
24995,64,14,-24.17
24996,64,5,-23.69
24997,64,-39,-25.19
24998,65,-28,-24.69
25000,67,-17,-24.19
25001,68,-12,-23.72
25002,69,-7,-26.22
25003,69,-17,-25.72
25005,69,-3,-25.22
25006,68,39,-23.78
25007,67,10,-23.34
25008,65,33,-22.9
25010,62,29,-22.46
25011,59,-18,-22
25012,57,-11,-27.48
25013,55,-16,-26.96
25015,54,-12,-26.44
25016,53,-8,-24.93
25017,53,-6,-24.44
25018,53,-2,-23.95
25020,53,7,-23.46
25021,54,-3,-22.97
25022,54,1,-28.44
25023,54,3,-27.91
25025,53,1,-27.38
25026,52,5,-26.85
25027,51,-2,-25.37
25028,49,-1,-24.89
25030,47,6,-24.41
25031,45,0,-23.93
25032,43,2,-30.39
25033,42,2,-29.85
25035,40,8,-29.31
25036,40,-3,-28.77
25037,39,9,-26.29
25038,39,-5,-25.81
25040,40,-1,-25.33
25041,41,-8,-24.85
25042,41,2,-24.39
25043,41,-1,-23.93
25045,41,-4,-23.47
25046,41,1,-23.01
25047,40,0,-25.5
25048,40,-3,-24.99
25050,39,36,-24.48
25051,37,22,-23.97
25052,37,11,-26.48
25053,37,15,-25.99
25055,37,9,-25.5
25056,37,6,-25.01
25057,38,0,-23.54
25058,40,-2,-23.07
25060,41,-40,-22.6
25061,43,-27,-22.13
25062,44,-20,-24.67
25063,44,-22,-24.21
25065,43,24,-23.75
25066,41,18,-27.25
25067,38,24,-26.73
25068,33,19,-26.21
25070,28,12,-26.68
25071,23,11,-26.15
25072,17,-29,-25.63
25073,11,-35,-25.11
25075,6,-27,-25.58
25076,1,-21,-25.05
25077,-3,18,-24.53
25078,-7,34,-24.01
25080,-10,26,-23.49
25081,-13,24,-26.93
25082,-16,21,-26.41
25083,-17,-22,-25.89
25085,-19,-17,-25.37
25086,-20,-18,-24.85
25087,-19,-18,-25.32
25088,-16,-4,-24.79
25090,-11,0,-24.28
25091,-6,3,-23.77
25092,2,3,-29.2
25093,14,5,-28.63
25095,28,43,-28.1
25096,43,29,-27.57
25097,61,21,-28.03
25098,80,5,-27.49
25100,100,3,-26.95
25101,121,0,-26.42
25102,142,-7,-26.88
25103,165,-10,-26.34
25105,188,-40,-25.8
25106,210,-36,-25.26
25107,234,-25,-25.74
25108,257,-28,-25.22
25110,281,24,-24.7
25111,304,24,-24.18
25112,327,23,-26.67
25113,349,16,-26.16
25115,369,12,-25.65
25116,389,8,-25.14
25117,406,3,-29.59
25118,419,-5,-29.04
25120,430,-58,-28.49
25121,439,-45,-27.94
25122,443,-42,-28.4
25123,443,-25,-27.86
25125,440,33,-27.32
25126,434,33,-26.78
25127,424,0,-29.24
25128,411,51,-28.7
25130,394,10,-28.16
25131,375,6,-27.61
25132,355,2,-27.06
25133,333,0,-26.51
25135,310,-1,-25.96
25136,287,-4,-25.41
25137,263,-12,-29.87
25138,239,-9,-29.33
25140,216,-18,-28.79
25141,194,-30,-28.24
25142,171,-21,-25.71
25143,149,-24,-25.18
25145,127,-6,-24.65
25146,106,-11,-24.12
25147,86,-5,-25.63
25148,67,4,-25.14
25150,48,0,-24.65
25151,31,20,-24.16
25152,16,25,-25.64
25153,2,26,-25.12
25155,-9,28,-24.6
25156,-20,28,-24.08
25157,-29,28,-25.61
25158,-36,29,-25.14
25160,-42,37,-24.67
25161,-47,23,-24.2
25162,-51,36,-28.66
25163,-55,15,-28.12
25165,-58,12,-27.58
25166,-60,5,-27.04
25167,-63,-6,-26.5
25168,-65,-16,-25.96
25170,-66,-25,-25.42
25171,-68,26,-24.88
25172,-68,8,-29.32
25173,-68,-10,-28.76
25175,-67,-21,-28.2
25176,-66,-20,-27.64
25177,-64,-22,-29.09
25178,-61,-28,-28.54
25180,-58,-92,-27.99
25181,-55,-74,-27.44
25182,-53,-53,-25.89
25183,-50,-42,-25.34
25185,-48,25,-24.79
25186,-47,26,-24.24
25187,-45,12,-29.66
25188,-44,15,-29.08
25190,-43,7,-28.5
25191,-43,10,-27.96
25192,-42,12,-29.4
25193,-40,12,-28.84
25195,-38,-42,-28.29
25196,-36,-30,-27.74
25197,-33,-13,-30.16
25198,-30,18,-29.58
25200,-26,58,-29.01
25201,-21,36,-28.44
25202,-17,66,-29.85
25203,-14,29,-29.26
25205,-11,21,-28.67
25206,-8,10,-28.12
25207,-6,4,-28.56
25208,-5,2,-28
25210,-4,3,-27.44
25211,-4,-3,-26.88
25212,-3,1,-25.34
25213,-2,-1,-24.8
25215,-1,62,-24.26
25216,0,25,-28.67
25217,1,15,-28.14
25218,4,10,-27.61
25220,5,8,-27.08
25221,7,1,-26.55
25222,8,-41,-26.03
25223,8,-38,-25.51
25225,9,-32,-27.96
25226,9,-24,-27.41
25227,8,-28,-26.87
25228,8,16,-26.33
25230,7,25,-25.79
25231,7,23,-26.24
25232,6,9,-25.7
25233,7,9,-25.16
25235,7,10,-24.62
25236,7,2,-24.08
25237,8,2,-21.59
25238,10,-4,-21.1
25240,12,-41,-20.61
25241,14,-25,-20.12
25242,16,-16,-21.66
25243,17,-11,-21.2
25245,17,28,-20.74
25246,17,29,-20.28
25247,17,24,-21.81
25248,16,17,-21.34
25250,15,8,-20.87
25251,14,5,-20.4
25252,13,-32,-20.95
25253,12,-32,-20.5
25255,11,-27,-20.05
25256,10,-17,-19.6
25257,10,-6,-24.1
25258,10,-6,-23.6
25260,10,-8,-23.1
25261,10,3,-22.6
25262,10,5,-21.16
25263,9,3,-20.72
25265,7,8,-20.28
25266,5,4,-19.84
25267,3,2,-21.36
25268,0,-6,-20.88
25270,-2,-5,-20.4
25271,-5,-1,-19.92
25272,-8,6,-25.4
25273,-10,-9,-24.88
25275,-12,-6,-24.36
25276,-13,-12,-23.84
25277,-14,-5,-24.33
25278,-15,-13,-23.82
25280,-15,2,-23.31
25281,-16,-15,-22.8
25282,-16,-13,-19.34
25283,-18,-10,-18.88
25285,-20,-4,-18.42
25286,-22,-7,-17.96
25287,-25,-5,-24.48
25288,-28,-21,-24
25290,-32,41,-23.52
25291,-35,37,-23.04
25292,-38,30,-23.55
25293,-41,20,-23.06
25295,-44,10,-22.57
25296,-47,10,-22.08
25297,-49,2,-20.65
25298,-50,-5,-20.22
25300,-52,-61,-19.79
25301,-52,-45,-19.36
25302,-54,-38,-22.91
25303,-56,-18,-22.46
25305,-58,38,-22.01
25306,-60,32,-21.56
25307,-63,27,-22.09
25308,-65,31,-21.62
25310,-68,16,-21.15
25311,-71,11,-20.68
25312,-74,3,-18.29
25313,-76,-3,-17.9
25315,-78,-58,-17.51
25316,-79,-45,-17.12
25317,-80,-42,-13.78
25318,-80,-30,-13.44
25320,-79,37,-13.1
25321,-80,38,-14.74
25322,-80,35,-14.41
25323,-81,38,-14.08
25325,-82,24,-8.8
25326,-83,19,-8.52
25327,-84,-35,-8.26
25328,-85,-32,-8
25330,-86,-27,-2.79
25331,-86,-18,-2.58
25332,-86,9,-2.38
25333,-86,35,-2.18
25335,-85,32,-1.98
25336,-84,38,-0.79
25337,-82,25,-0.59
25338,-80,18,-0.39
25340,-77,10,-0.19
25341,-74,3,-0.04
25342,-72,-30,8.03
25343,-70,-18,8.1
25345,-68,-13,8.17
25346,-67,-6,8.24
25347,-65,-2,17.22
25348,-64,4,17.2
25350,-63,47,17.15
25351,-63,38,17.1
25352,-61,33,22
25353,-59,27,21.9
25355,-56,21,21.8
25356,-53,5,21.69
25357,-49,13,31.48
25358,-45,-3,31.27
25360,-40,-33,31.06
25361,-35,-36,30.85
25362,-29,-26,37.59
25363,-24,-20,37.33
25365,-19,22,37.07
25366,-14,16,36.81
25367,-10,14,42.47
25368,-5,12,42.13
25370,-1,11,41.79
25371,2,6,41.45
25372,6,-2,50
25373,11,-19,49.55
25375,16,-45,49.1
25376,21,-32,48.65
25377,26,-30,60.07
25378,31,-37,59.49
25380,37,-33,58.91
25381,43,20,58.33
25382,48,19,69.58
25383,52,15,68.83
25385,55,4,68.08
25386,59,-4,67.33
25387,61,-78,74.51
25388,63,-89,73.69
25390,65,-83,72.87
25391,66,-58,72.05
25392,68,-31,82.1
25393,69,-9,81.15
25395,71,25,80.2
25396,73,71,79.25
25397,75,86,84.18
25398,78,77,83.11
25400,80,63,82.04
25401,83,46,80.97
25402,85,34,91.77
25403,87,17,90.57
25405,89,2,89.37
25406,90,-11,88.17
25407,91,-20,91.95
25408,91,-27,90.73
25410,92,-31,89.51
25411,92,-49,88.29
25412,93,-30,95.91
25413,94,-34,94.53
25415,95,-20,93.15
25416,97,-12,91.77
25417,99,-1,101.27
25418,101,11,99.77
25420,103,14,98.27
25421,105,28,96.77
25422,107,32,105.18
25423,108,19,103.59
25425,108,51,102
25426,108,34,100.41
25427,108,24,108.68
25428,107,18,106.95
25430,105,13,105.22
25431,104,10,103.49
25432,102,7,113.63
25433,101,3,111.77
25435,100,-28,109.91
25436,99,-16,108.05
25437,98,-3,114.13
25438,98,-15,112.21
25440,98,50,110.29
25441,99,44,108.37
25442,98,38,113.41
25443,98,35,111.45
25445,96,33,117.41
25446,94,13,115.35
25447,91,-35,113.29
25448,88,-40,111.23
25450,86,-32,117.14
25451,83,-25,115.05
25452,81,13,112.96
25453,80,13,110.87
25455,78,17,108.83
25456,77,22,116.69
25457,76,16,114.55
25458,76,-27,112.41
25460,76,-30,110.27
25461,77,-30,108.14
25462,77,-22,109.97
25463,76,-20,107.8
25465,76,-10,105.63
25466,75,-4,103.46
25467,74,0,103.35
25468,73,0,101.24
25470,72,35,99.13
25471,70,29,97.02
25472,69,21,98.96
25473,69,15,96.9
25475,68,15,94.84
25476,69,8,92.78
25477,69,-1,97.7
25478,70,-3,95.62
25480,71,-37,93.54
25481,73,-28,91.46
25482,74,-23,91.46
25483,74,-15,89.46
25485,75,17,87.46
25486,75,-17,85.46
25487,74,26,86.5
25488,74,25,84.54
25490,73,11,82.58
25491,72,10,80.62
25492,72,9,79.71
25493,73,-1,77.8
25495,74,-35,75.89
25496,75,-29,73.98
25497,77,-24,72.16
25498,79,-14,70.34
25500,82,19,68.52
25501,85,15,66.7
25502,87,-17,65.99
25503,89,19,64.28
25505,90,-14,62.57
25506,92,-12,60.86
25507,92,-17,61.25
25508,93,-9,59.64
25510,94,-2,58.03
25511,95,-10,56.42
25512,96,-3,57.86
25513,97,4,56.3
25515,99,5,54.74
25516,102,-1,53.18
25517,104,2,48.76
25518,108,1,47.34
25520,111,-13,45.92
25521,114,-6,44.5
25522,117,-8,47.1
25523,119,5,45.7
25525,120,0,44.3
25526,121,2,42.9
25527,121,2,39.64
25528,121,4,38.38
25530,120,-2,37.12
25531,120,-14,35.86
25532,120,2,32.67
25533,120,4,31.48
25535,120,0,30.29
25536,121,1,29.1
25537,122,0,28.99
25538,124,-5,27.88
25540,125,0,26.77
25541,128,-4,25.66
25542,129,3,24.66
25543,130,2,23.66
25545,130,-6,22.66
25546,131,39,21.66
25547,130,34,19.77
25548,130,23,18.88
25550,130,20,17.99
25551,129,11,17.1
25552,129,5,20.27
25553,129,0,19.44
25555,130,-47,18.61
25556,130,-43,17.78
25557,132,-28,14.1
25558,133,-31,13.42
25560,135,28,12.74
25561,137,28,12.06
25562,138,27,11.46
25563,139,26,10.86
25565,139,19,10.26
25566,139,12,9.66
25567,139,6,12.1
25568,138,1,11.54
25570,138,-44,11.06
25571,137,-36,10.58
25572,136,-20,9.11
25573,136,-13,8.64
25575,137,24,8.25
25576,138,23,7.86
25577,139,22,7.47
25578,141,21,7.08
25580,142,15,7.68
25581,143,9,7.38
25582,144,-52,7.08
25583,144,-37,6.78
25585,144,-23,6.48
25586,144,-18,6.18
25587,143,11,5.92
25588,143,25,5.66
25590,142,28,5.4
25591,141,29,6.13
25592,141,22,5.88
25593,141,15,5.63
25595,142,12,5.38
25596,142,3,5.13
25597,143,1,1.95
25598,144,-41,1.77
25600,145,-23,1.59
25601,147,-19,1.41
25602,148,-18,6.25
25603,148,-20,6.09
25605,148,35,5.93
25606,147,34,5.77
25607,146,30,2.66
25608,145,21,2.55
25610,143,13,2.44
25611,140,5,2.33
25612,138,3,4.23
25613,136,2,4.13
25615,134,-35,4.03
25616,132,-21,3.93
25617,131,-20,1.86
25618,130,-18,1.79
25620,129,39,1.72
25621,129,23,1.65
25622,128,26,-0.4
25623,126,21,-0.45
25625,124,12,-0.5
25626,122,8,-0.55
25627,120,-28,0.4
25628,117,-31,0.35
25630,114,-20,0.3
25631,112,-14,0.25
25632,109,-6,2.2
25633,108,-7,2.15
25635,107,1,2.1
25636,106,7,2.05
25637,106,7,1.04
25638,106,9,1.03
25640,107,6,1.02
25641,108,5,1.01
25642,108,6,-2.99
25643,109,-3,-2.99
25645,109,-7,-2.99
25646,109,5,-2.99
25647,109,5,-1.96
25648,108,3,-1.93
25650,108,-3,-1.9
25651,107,-5,-1.87
25652,106,0,-4.83
25653,106,-4,-4.79
25655,107,5,-4.75
25656,108,-4,-4.71
25657,108,-5,-5.68
25658,110,-6,-5.65
25660,111,5,-5.62
25661,112,3,-5.59
25662,113,0,-4.56
25663,113,-1,-4.53
25665,113,36,-4.5
25666,112,28,-4.47
25667,112,15,-3.45
25668,111,8,-3.43
25670,110,6,-3.41
25671,110,1,-3.39
25672,109,-3,-5.36
25673,110,-2,-5.33
25675,110,-49,-5.3
25676,111,-35,-5.27
25677,112,-23,-6.19
25678,114,-17,-6.11
25680,115,22,-6.03
25681,118,19,-5.95
25682,119,19,-3.92
25683,120,16,-3.89
25685,120,11,-3.86
25686,120,6,-3.83
25687,120,3,-7.76
25688,119,-2,-7.69
25690,118,-48,-7.62
25691,116,-41,-7.55
25692,115,-27,-6.46
25693,114,-13,-6.37
25695,114,23,-6.28
25696,113,21,-6.19
25697,113,22,-9.08
25698,113,19,-8.97
25700,113,15,-8.86
25701,112,10,-8.75
25702,111,-40,-8.64
25703,110,-41,-8.53
25705,108,-30,-10.39
25706,107,-28,-10.25
25707,105,-20,-10.11
25708,103,34,-9.97
25710,102,32,-9.83
25711,100,35,-12.66
25712,99,29,-12.49
25713,99,-26,-12.32
25715,99,-26,-12.15
25716,99,-10,-11.97
25717,100,-19,-9.81
25718,101,-12,-9.65
25720,102,-2,-9.49
25721,103,3,-9.33
25722,104,-1,-13.16
25723,104,-1,-12.99
25725,103,37,-12.82
25726,102,31,-12.65
25727,100,26,-13.42
25728,98,25,-13.19
25730,96,16,-12.96
25731,93,12,-12.73
25732,91,6,-14.51
25733,89,-2,-14.29
25735,88,-48,-14.07
25736,86,-41,-13.85
25737,85,-26,-13.61
25738,85,22,-13.37
25740,85,20,-13.13
25741,85,22,-12.89
25742,85,19,-14.65
25743,84,21,-14.41
25745,83,15,-14.17
25746,81,5,-13.93
25747,79,-1,-16.68
25748,76,5,-16.43
25750,73,-35,-16.18
25751,70,-27,-15.93
25752,67,-26,-13.69
25753,64,-21,-13.45
25755,61,-7,-13.21
25756,59,-3,-12.97
25757,56,36,-14.69
25758,52,6,-14.41
25760,48,5,-14.13
25761,45,5,-13.85
25762,39,-3,-17.54
25763,33,-4,-17.23
25765,25,-2,-16.92
25766,18,-5,-16.61
25767,9,-3,-17.33
25768,0,-3,-17.05
25770,-10,2,-16.77
25771,-21,5,-16.49
25772,-30,8,-18.18
25773,-39,-1,-17.87
25775,-46,1,-17.56
25776,-53,5,-17.25
25777,-57,2,-14
25778,-60,6,-13.75
25780,-62,0,-13.5
25781,-62,-2,-13.25
25782,-60,4,-17.96
25783,-56,-1,-17.67
25785,-51,0,-17.38
25786,-45,-6,-17.09
25787,-37,0,-15.8
25788,-28,-9,-15.51
25790,-18,3,-15.22
25791,-7,-7,-14.93
25792,6,4,-20.57
25793,21,-2,-20.21
25795,37,3,-19.85
25796,55,3,-19.49
25797,74,1,-18.16
25798,95,2,-17.83
25800,117,33,-17.5
25801,139,25,-17.17
25802,163,11,-17.84
25803,188,6,-17.51
25805,213,4,-17.18
25806,239,3,-16.85
25807,263,-2,-20.46
25808,285,-4,-20.07
25810,305,-56,-19.68
25811,324,-37,-19.29
25812,340,-30,-22.9
25813,352,-39,-22.51
25815,363,31,-22.12
25816,370,35,-21.73
25817,374,29,-22.32
25818,375,34,-21.91
25820,374,22,-21.5
25821,370,17,-21.09
25822,362,14,-22.69
25823,351,16,-22.29
25825,337,-26,-21.89
25826,321,-9,-21.49
25827,304,-5,-25.05
25828,285,0,-24.61
25830,265,45,-24.19
25831,244,37,-23.77
25832,224,38,-22.36
25833,205,28,-21.95
25835,186,10,-21.54
25836,169,5,-21.16
25837,152,-38,-20.78
25838,137,-48,-20.4
25840,123,-34,-22
25841,109,-43,-21.6
25842,95,-21,-21.18
25843,83,20,-20.76
25845,71,20,-20.34
25846,60,16,-19.92
25847,49,26,-19.54
25848,40,17,-19.16
25850,31,12,-18.78
25851,23,8,-18.4
25852,16,8,-21
25853,10,9,-20.6
25855,5,-29,-20.2
25856,2,-28,-19.8
25857,0,-18,-19.42
25858,-1,-17,-19.04
25860,-2,36,-18.66
25861,-3,32,-18.28
25862,-3,14,-22.85
25863,-3,13,-22.42
25865,-4,0,-21.99
25866,-4,-19,-21.56
25867,-4,-21,-21.15
25868,-5,-22,-20.74
25870,-5,-74,-20.33
25871,-6,-44,-19.92
25872,-6,-33,-21.52
25873,-5,7,-21.12
25875,-4,22,-20.72
25876,-3,21,-20.32
25877,-2,21,-20.89
25878,0,22,-20.46
25880,1,-39,-20.03
25881,3,-28,-19.6
25882,4,-10,-22.16
25883,5,0,-21.72
25885,5,1,-21.28
25886,5,6,-20.84
25887,4,11,-23.41
25888,3,12,-22.98
25890,2,9,-22.55
25891,0,2,-22.12
25892,0,1,-22.69
25893,0,2,-22.26
25895,-1,2,-21.83
25896,-1,-10,-21.4
25897,0,-10,-23.96
25898,0,-12,-23.52
25900,0,5,-23.08
25901,1,-3,-22.64
25902,1,0,-25.14
25903,1,-9,-24.64
25905,0,-13,-24.14
25906,-1,-14,-23.64
25907,-2,-6,-22.2
25908,-4,-17,-21.76
25910,-7,4,-21.32
25911,-9,-6,-20.88
25912,-11,8,-23.4
25913,-13,7,-22.92
25915,-14,2,-22.44
25916,-15,7,-21.96
25917,-15,1,-22.53
25918,-15,-4,-22.1
25920,-15,37,-21.67
25921,-15,28,-21.24
25922,-15,24,-26.74
25923,-16,20,-26.24
25925,-18,15,-25.74
25926,-20,10,-25.24
25927,-23,3,-23.76
25928,-25,1,-23.28
25930,-29,-44,-22.8
25931,-32,-35,-22.32
25932,-35,-22,-22.87
25933,-37,-17,-22.42
25935,-39,32,-21.97
25936,-40,28,-21.52
25937,-42,25,-25.07
25938,-43,25,-24.62
25940,-43,16,-24.17
25941,-44,17,-23.72
25942,-44,9,-24.27
25943,-45,0,-23.82
25945,-47,-32,-23.37
25946,-48,-22,-22.92
25947,-50,-15,-18.53
25948,-52,-6,-18.14
25950,-54,22,-17.75
25951,-56,15,-17.36
25952,-57,12,-21.96
25953,-58,20,-21.56
25955,-59,14,-23.14
25956,-60,1,-22.72
25957,-60,-27,-22.29
25958,-59,-27,-21.86
25960,-59,-17,-19.45
25961,-60,-21,-19.04
25962,-61,-15,-18.63
25963,-63,32,-18.22
25965,-64,18,-17.83
25966,-66,12,-21.4
25967,-68,12,-20.97
25968,-71,-22,-20.54
25970,-73,-31,-20.11
25971,-76,-26,-19.68
25972,-78,-26,-20.24
25973,-79,-16,-19.8
25975,-81,-2,-19.36
25976,-82,-5,-18.92
25977,-82,-13,-20.49
25978,-82,-7,-20.06
25980,-81,41,-19.63
25981,-80,34,-19.2
25982,-79,27,-23.72
25983,-78,22,-23.24
25985,-78,17,-22.76
25986,-78,5,-22.28
25987,-78,4,-22.84
25988,-78,-4,-22.4
25990,-79,-63,-21.96
25991,-80,-62,-21.52
25992,-80,-41,-24.05
25993,-79,19,-23.58
25995,-79,22,-23.11
25996,-78,25,-22.64
25997,-76,21,-20.21
25998,-75,21,-19.78
26000,-73,13,-19.35
26001,-70,9,-18.92
26002,-69,-58,-23.45
26003,-67,-46,-22.98
26005,-67,-35,-22.51
26006,-66,-22,-22.04
26007,-67,-11,-21.6
26008,-67,-3,-21.16
26010,-68,5,-20.72
26011,-68,15,-20.28
26012,-69,10,-20.86
26013,-68,7,-20.44
26015,-68,19,-20.02
26016,-67,17,-19.6
26017,-65,11,-17.21
26018,-64,14,-16.82
26020,-61,6,-16.43
26021,-59,15,-16.04
26022,-57,9,-16.67
26023,-56,6,-16.3
26025,-55,-2,-15.93
26026,-54,3,-15.56
26027,-54,9,-16.21
26028,-53,7,-15.86
26030,-53,14,-15.51
26031,-53,14,-15.16
26032,-52,11,-12.82
26033,-51,12,-12.48
26035,-50,9,-12.14
26036,-48,7,-11.8
26037,-45,6,-11.49
26038,-43,5,-11.18
26040,-40,43,-10.87
26041,-37,34,-10.56
26042,-34,32,-7.29
26043,-32,24,-7.02
26045,-31,17,-6.75
26046,-30,6,-6.48
26047,-29,1,-6.27
26048,-29,3,-6.06
26050,-28,-41,-5.85
26051,-28,-30,-5.64
26052,-27,-25,2.5
26053,-26,-20,2.64
26055,-25,33,2.78
26056,-23,21,2.92
26057,-20,22,6.02
26058,-17,19,6.12
26060,-14,12,15.13
26061,-12,6,15.14
26062,-9,-42,15.11
26063,-7,-32,15.08
26065,-5,-23,19.01
26066,-3,-15,18.94
26067,-1,-14,18.86
26068,0,34,18.78
26070,1,30,18.7
26071,4,35,24.56
26072,7,28,24.46
26073,11,-14,24.36
26075,15,-28,24.26
26076,20,-26,24.16
26077,24,-24,28.96
26078,29,-17,28.76
26080,33,-13,28.54
26081,37,-7,28.32
26082,40,-1,38.99
26083,41,-8,38.66
26085,42,33,38.35
26086,42,22,38.04
26087,41,14,44.66
26088,40,1,44.28
26090,39,-10,43.9
26091,38,-11,43.48
26092,37,-18,50.98
26093,36,-35,50.48
26095,36,-102,49.98
26096,36,-89,49.48
26097,36,-68,58.87
26098,36,-44,58.26
26100,37,44,57.65
26101,37,62,57.04
26102,37,66,68.29
26103,37,85,67.54
26105,36,90,66.79
26106,35,84,66.04
26107,33,68,74.15
26108,32,26,73.26
26110,30,-37,72.37
26111,28,-37,71.48
26112,27,-46,74.54
26113,26,-58,73.6
26115,25,-13,72.66
26116,25,-13,71.72
26117,26,-4,85.6
26118,27,0,84.48
26120,29,0,83.36
26121,31,1,82.24
26122,32,-9,90.05
26123,33,-3,88.86
26125,34,-44,87.67
26126,34,-26,86.48
26127,35,-11,91.18
26128,34,-10,89.88
26130,34,5,88.58
26131,34,51,87.28
26132,34,47,91.92
26133,34,45,90.56
26135,34,27,89.2
26136,35,30,87.84
26137,36,-17,92.41
26138,37,-18,90.98
26140,39,-17,89.55
26141,40,-14,88.12
26142,42,-11,95.62
26143,42,2,94.12
26145,43,10,92.62
26146,43,16,91.12
26147,43,7,99.51
26148,43,1,97.9
26150,43,3,96.29
26151,42,-3,94.68
26152,42,-10,99.99
26153,43,-6,98.3
26155,43,-6,96.61
26156,44,-6,94.92
26157,45,-3,96.22
26158,47,-6,94.52
26160,48,-4,92.82
26161,50,-8,91.12
26162,51,0,99.32
26163,52,-1,97.52
26165,52,0,95.72
26166,51,1,93.92
26167,50,4,95.12
26168,49,1,93.32
26170,48,1,91.52
26171,46,2,89.72
26172,45,-4,94.85
26173,45,-8,92.98
26175,44,26,91.11
26176,44,21,89.24
26177,44,20,88.44
26178,45,9,86.64
26180,45,3,84.84
26181,46,-3,83.04
26182,46,-7,85.23
26183,46,-13,83.42
26185,46,-54,81.7
26186,46,-43,79.98
26187,45,-37,82.22
26188,44,-29,80.46
26190,43,25,78.74
26191,42,29,77.02
26192,41,20,73.32
26193,41,22,71.62
26195,42,18,71.9
26196,43,12,70.24
26197,44,-46,68.58
26198,45,-40,66.92
26200,46,-36,66.25
26201,47,-21,64.58
26202,48,-10,62.96
26203,49,34,61.34
26205,49,34,59.72
26206,49,35,60.08
26207,49,28,58.55
26208,49,-25,57.02
26210,49,-24,55.49
26211,48,-4,53.96
26212,49,-18,52.5
26213,49,-9,51.04
26215,50,-1,49.58
26216,51,3,48.12
26217,53,13,45.75
26218,55,0,44.38
26220,57,40,43.01
26221,59,30,41.64
26222,61,22,39.38
26223,62,18,38.12
26225,62,11,36.86
26226,62,5,35.6
26227,62,5,33.47
26228,61,-1,32.34
26230,60,-40,31.21
26231,59,-34,30.08
26232,58,-23,30.03
26233,57,12,28.98
26235,56,15,27.93
26236,56,21,26.88
26237,56,17,25.87
26238,57,18,24.86
26240,58,14,23.85
26241,59,9,22.84
26242,59,5,18.02
26243,60,7,17.2
26245,60,-29,16.38
26246,59,-23,15.56
26247,59,-17,15.82
26248,58,12,15.08
26250,58,21,14.34
26251,58,17,13.6
26252,58,18,12.92
26253,59,16,12.24
26255,60,-22,11.56
26256,61,-22,10.88
26257,63,-22,8.28
26258,65,-22,7.68
26260,67,-12,7.08
26261,69,-6,6.48
26262,70,0,1.98
26263,71,-2,1.48
26265,72,-6,0.98
26266,71,-8,0.48
26267,71,3,0.07
26268,70,1,-0.34
26270,69,-9,-0.75
26271,68,-2,-1.16
26272,67,4,-1.47
26273,66,5,-1.78
26275,66,5,-2.09
26276,66,1,-2.4
26277,67,2,-0.66
26278,67,4,-0.92
26280,68,0,-1.18
26281,69,4,-1.44
26282,70,7,-2.66
26283,69,-3,-2.88
26285,69,5,-3.1
26286,68,-8,-3.32
26287,67,-3,-4.43
26288,66,-3,-4.54
26290,64,3,-4.65
26291,63,-3,-4.76
26292,62,-1,-5.83
26293,62,-19,-5.9
26295,62,33,-5.97
26296,62,27,-6.04
26297,63,16,-5.05
26298,64,17,-5.06
26300,65,10,-5.07
26301,66,4,-5.08
26302,67,2,-4.09
26303,67,0,-4.1
26305,67,-52,-4.11
26306,66,-35,-4.12
26307,66,-19,-9.04
26308,65,-17,-8.96
26310,64,30,-8.88
26311,63,29,-8.8
26312,63,23,-7.69
26313,63,20,-7.58
26315,63,16,-7.47
26316,64,7,-7.36
26317,65,6,-5.29
26318,67,3,-5.22
26320,68,-31,-5.13
26321,70,-21,-5.04
26322,72,-16,-6.93
26323,73,-5,-6.82
26325,73,27,-6.7
26326,73,25,-6.58
26327,73,19,-9.43
26328,73,18,-9.28
26330,73,5,-7.15
26331,74,6,-7
26332,76,-34,-6.85
26333,77,-30,-6.7
26335,80,-21,-6.55
26336,82,-8,-6.4
26337,84,-8,-6.25
26338,87,22,-6.1
26340,90,27,-5.95
26341,92,33,-7.78
26342,94,23,-7.62
26343,96,-9,-7.46
26345,97,-18,-7.3
26346,98,-18,-7.14
26347,98,-14,-5.01
26348,99,-15,-4.88
26350,98,-14,-4.75
26351,98,-5,-4.62
26352,98,6,-6.48
26353,98,3,-6.34
26355,99,41,-6.2
26356,100,-9,-6.06
26357,101,34,-6.9
26358,102,21,-6.74
26360,103,6,-6.58
26361,104,6,-6.42
26362,104,1,-3.29
26363,104,2,-3.16
26365,103,-38,-3.03
26366,102,-40,-2.9
26367,100,-19,-4.79
26368,98,-15,-4.68
26370,96,18,-4.57
26371,93,18,-4.46
26372,91,19,-8.3
26373,90,11,-8.14
26375,89,12,-7.98
26376,88,3,-7.82
26377,87,-32,-8.65
26378,87,-33,-8.48
26380,87,-26,-8.31
26381,87,-19,-8.14
26382,86,-20,-10.96
26383,85,-9,-10.78
26385,84,1,-10.6
26386,82,2,-10.42
26387,79,0,-10.28
26388,76,0,-10.14
26390,72,1,-10
26391,68,5,-9.86
26392,64,1,-13.68
26393,59,1,-13.5
26395,55,12,-13.32
26396,50,6,-13.14
26397,45,7,-9.99
26398,40,7,-9.84
26400,35,-2,-9.69
26401,30,-1,-9.54
26402,24,5,-12.34
26403,16,-2,-12.14
26405,8,-4,-11.94
26406,0,-4,-11.74
26407,-8,5,-12.54
26408,-16,3,-12.34
26410,-24,16,-12.14
26411,-32,9,-11.94
26412,-38,5,-13.73
26413,-42,3,-13.52
26415,-45,2,-13.31
26416,-47,39,-13.1
26417,-46,29,-13.89
26418,-44,20,-13.68
26420,-40,20,-13.47
26421,-35,9,-13.26
26422,-29,2,-15.02
26423,-22,0,-14.78
26425,-15,-57,-14.54
26426,-8,-35,-14.3
26427,0,-19,-11.08
26428,11,-23,-10.86
26430,22,22,-10.64
26431,35,22,-10.42
26432,50,19,-14.21
26433,67,17,-14
26435,86,10,-13.79
26436,105,5,-13.58
26437,126,-1,-10.39
26438,150,-3,-10.2
26440,174,-44,-10.01
26441,199,-39,-9.82
26442,222,-23,-15.55
26443,242,-15,-15.28
26445,261,21,-15.01
26446,277,24,-14.74
26447,290,23,-13.5
26448,300,22,-13.26
26450,307,18,-15.99
26451,311,9,-15.72
26452,312,-33,-15.48
26453,312,-32,-15.24
26455,308,-13,-14.98
26456,303,-15,-14.72
26457,296,-4,-14.46
26458,287,31,-14.2
26460,277,36,-13.94
26461,265,37,-15.66
26462,251,28,-15.38
26463,237,23,-15.1
26465,221,16,-14.82
26466,205,11,-14.56
26467,190,8,-14.3
26468,174,-36,-14.04
26470,159,-26,-13.78
26471,144,-22,-13.52
26472,130,-19,-13.24
26473,118,-21,-12.96
26475,107,30,-12.68
26476,97,17,-12.4
26477,88,14,-14.12
26478,81,8,-13.84
26480,74,3,-13.56
26481,69,-3,-13.28
26482,64,-6,-16.97
26483,59,-9,-16.66
26485,55,-50,-16.35
26486,51,-44,-16.04
26487,48,-30,-16.69
26488,45,10,-16.34
26490,43,20,-15.99
26491,41,22,-15.64
26492,40,23,-18.28
26493,40,23,-17.92
26495,41,19,-17.56
26496,42,12,-17.2
26497,43,7,-14.9
26498,45,12,-14.6
26500,47,-27,-14.3
26501,49,-18,-14
26502,50,-15,-21.63
26503,51,-15,-21.26
26505,51,-12,-20.89
26506,51,23,-20.52
26507,50,22,-17.21
26508,49,17,-16.9
26510,48,7,-16.59
26511,46,3,-16.28
26512,45,-43,-19.93
26513,44,-36,-19.58
26515,43,-32,-19.23
26516,43,-24,-18.88
26517,42,-5,-18.57
26518,42,-1,-18.26
26520,41,7,-17.95
26521,40,10,-17.64
26522,39,17,-18.29
26523,37,13,-17.94
26525,35,9,-17.59
26526,32,10,-17.24
26527,29,7,-21.87
26528,26,6,-21.5
26530,23,8,-21.13
26531,19,7,-20.76
26532,17,3,-18.42
26533,15,2,-18.08
26535,13,4,-17.74
26536,12,2,-17.4
26537,11,6,-23.02
26538,10,1,-22.64
26540,10,-2,-22.26
26541,9,0,-21.88
26542,9,0,-19.53
26543,7,-4,-19.18
26545,6,0,-18.83
26546,4,-8,-18.48
26547,2,-6,-19.14
26548,1,-5,-18.8
26550,0,28,-18.46
26551,-1,17,-18.12
26552,-2,7,-17.75
26553,-3,4,-17.38
26555,-3,2,-17.01
26556,-2,1,-16.64
26557,-2,-7,-18.29
26558,-1,-10,-17.94
26560,0,-76,-17.59
26561,1,-61,-17.24
26562,2,-42,-18.84
26563,3,-27,-18.44
26565,3,42,-18.04
26566,3,36,-17.64
26567,2,30,-19.28
26568,1,30,-18.92
26570,1,22,-16.58
26571,1,13,-16.24
26572,2,-56,-15.89
26573,2,-46,-15.54
26575,3,-29,-17.2
26576,4,-28,-16.86
26577,5,-16,-16.52
26578,7,46,-16.18
26580,8,45,-15.84
26581,8,47,-18.47
26582,8,36,-18.1
26583,8,-11,-17.73
26585,7,-27,-17.36
26586,6,-25,-17.01
26587,4,-25,-19.63
26588,2,-21,-19.25
26590,0,-5,-18.87
26591,-1,-6,-18.49
26592,-3,3,-20.09
26593,-4,-2,-19.69
26595,-5,47,-19.29
26596,-5,41,-18.89
26597,-5,31,-21.46
26598,-5,25,-21.03
26600,-4,21,-20.6
26601,-4,14,-20.17
26602,-3,6,-15.8
26603,-3,3,-15.43
26605,-4,-36,-15.06
26606,-4,-28,-14.69
26607,-5,-14,-18.32
26608,-6,13,-17.95
26610,-7,16,-17.58
26611,-9,22,-17.21
26612,-9,12,-18.83
26613,-9,15,-18.45
26615,-9,7,-18.07
26616,-8,2,-17.69
26617,-7,-1,-18.33
26618,-6,0,-17.97
26620,-5,-45,-17.61
26621,-4,-35,-17.25
26622,-3,-24,-14.89
26623,-3,12,-14.53
26625,-3,24,-14.17
26626,-4,19,-13.81
26627,-6,19,-16.5
26628,-7,19,-16.19
26630,-9,-24,-15.88
26631,-10,-25,-15.57
26632,-12,-24,-17.21
26633,-12,-21,-16.85
26635,-13,-11,-16.49
26636,-12,-8,-16.13
26637,-12,-6,-20.76
26638,-12,-2,-20.39
26640,-11,-10,-20.02
26641,-11,0,-19.65
26642,-11,-19,-19.28
26643,-11,-9,-18.91
26645,-13,-3,-18.54
26646,-14,-1,-18.17
26647,-16,-9,-16.82
26648,-18,4,-16.47
26650,-20,10,-16.12
26651,-23,7,-15.77
26652,-25,7,-16.46
26653,-26,0,-16.15
26655,-27,-4,-15.84
26656,-28,-5,-15.53
26657,-28,11,-17.18
26658,-29,-10,-16.83
26660,-29,8,-16.48
26661,-30,9,-16.13
26662,-31,3,-16.83
26663,-32,17,-16.53
26665,-34,21,-16.23
26666,-36,9,-15.93
26667,-39,11,-16.6
26668,-41,35,-16.27
26670,-43,39,-15.94
26671,-46,33,-15.61
26672,-47,20,-16.28
26673,-49,17,-15.95
26675,-49,13,-15.62
26676,-49,6,-15.29
26677,-48,4,-12.98
26678,-47,-1,-12.67
26680,-46,-39,-12.36
26681,-44,-28,-12.05
26682,-43,-15,-14.73
26683,-42,-19,-14.41
26685,-42,29,-14.09
26686,-42,25,-13.77
26687,-42,25,-11.49
26688,-41,21,-11.21
26690,-41,13,-10.93
26691,-41,13,-10.65
26692,-40,6,-9.4
26693,-38,-1,-9.15
26695,-36,-37,-8.88
26696,-33,-33,-8.61
26697,-30,-28,-9.33
26698,-26,-17,-9.05
26700,-22,16,-8.79
26701,-18,23,-8.53
26702,-14,25,-6.29
26703,-11,21,-6.05
26705,-8,14,-5.81
26706,-5,9,-5.6
26707,-2,1,-0.44
26708,0,-8,-0.28
26710,2,-39,-0.12
26711,4,-34,0.04
26712,8,-22,1.16
26713,11,-18,1.28
26715,15,22,1.4
26716,19,3,1.52
26717,23,13,4.59
26718,27,2,4.66
26720,31,8,4.73
26721,35,1,6.78
26722,39,-48,6.8
26723,41,-46,6.82
26725,44,-36,14.76
26726,46,-28,14.7
26727,48,-19,14.68
26728,50,24,14.66
26730,52,15,14.64
26731,54,-3,17.59
26732,57,-4,17.5
26733,59,-21,17.41
26735,62,-25,17.32
26736,65,-24,17.23
26737,68,-13,23.06
26738,71,15,22.89
26740,74,-31,22.72
26741,77,-5,22.55
26742,79,31,27.32
26743,80,76,27.09
26745,81,87,26.86
26746,81,76,26.63
26747,81,53,30.38
26748,81,36,30.13
26750,80,9,29.88
26751,79,-9,29.63
26752,79,-61,36.28
26753,79,-62,35.93
26755,79,-58,35.58
26756,80,-49,35.23
26757,80,-38,39.81
26758,80,-32,39.39
26760,81,-23,38.97
26761,81,-17,38.55
26762,81,-2,45.01
26763,80,-5,44.47
26765,79,4,43.93
26766,78,-1,43.39
26767,76,7,46.81
26768,75,-6,46.23
26770,74,-4,45.65
26771,72,-9,45.07
26772,71,-3,50.44
26773,71,-11,49.81
26775,70,0,49.18
26776,71,5,48.55
26777,71,35,55.83
26778,72,29,55.11
26780,72,35,54.39
26781,73,35,53.67
26782,73,35,54.91
26783,73,28,54.15
26785,72,23,53.39
26786,70,15,52.63
26787,68,7,57.8
26788,66,-1,56.97
26790,63,46,56.14
26791,61,35,55.31
26792,59,27,63.38
26793,57,24,62.45
26795,55,20,61.52
26796,54,10,60.59
26797,53,8,60.64
26798,52,2,59.69
26800,51,-39,58.74
26801,51,-28,57.79
26802,49,-25,63.79
26803,47,-6,62.79
26805,44,38,61.79
26806,41,34,60.79
26807,38,24,62.73
26808,34,15,61.67
26810,31,10,60.61
26811,27,-1,59.55
26812,23,-7,62.47
26813,19,-10,61.39
26815,15,-46,60.31
26816,12,-36,59.23
26817,7,-21,59.15
26818,2,-13,58.07
26820,-3,33,56.99
26821,-10,21,55.91
26822,-18,23,55.81
26823,-27,16,54.71
26825,-37,19,53.61
26826,-48,3,59.44
26827,-59,-39,58.29
26828,-71,-37,57.14
26830,-82,-28,53.02
26831,-92,-20,51.9
26832,-101,19,50.83
26833,-109,13,49.76
26835,-115,13,48.69
26836,-120,-1,50.59
26837,-123,-25,49.5
26838,-124,16,48.41
26840,-124,8,47.32
26841,-123,8,46.23
26842,-120,3,41.21
26843,-115,10,40.19
26845,-109,-26,39.17
26846,-102,-22,38.17
26847,-93,-21,43.11
26848,-82,7,42.05
26850,-70,20,41.07
26851,-56,17,40.09
26852,-40,14,40.1
26853,-20,14,39.11
26855,0,12,38.12
26856,23,7,37.16
26857,49,-2,33.23
26858,77,-6,32.3
26860,106,-37,31.37
26861,136,-30,30.44
26862,165,-22,27.59
26863,193,9,26.74
26865,219,18,25.89
26866,244,20,25.04
26867,265,1,25.23
26868,282,5,24.42
26870,297,2,23.61
26871,309,-2,22.8
26872,316,-3,20.05
26873,320,-4,19.3
26875,321,-38,18.55
26876,320,-25,17.8
26877,314,-18,16.13
26878,306,-17,15.46
26880,294,-11,14.79
26881,281,28,14.12
26882,266,38,15.48
26883,249,42,14.84
26885,230,31,14.2
26886,210,27,13.56
26887,190,-9,11.01
26888,170,-11,10.46
26890,149,-13,9.91
26891,129,-8,9.36
26892,110,-4,4.89
26893,92,-1,4.42
26895,75,2,3.95
26896,59,9,3.48
26897,45,17,3.07
26898,32,14,2.66
26900,20,17,2.25
26901,9,8,1.84
26902,0,5,4.48
26903,-9,7,4.12
26905,-18,6,3.76
26906,-26,-4,3.4
26907,-33,-9,1.08
26908,-39,-3,0.76
26910,-44,-7,0.44
26911,-49,-13,0.12
26912,-52,-7,1.84
26913,-54,-19,1.56
26915,-55,-10,1.28
26916,-55,-21,1
26917,-54,-19,-2.16
26918,-52,-23,-2.32
26920,-50,-39,-2.48
26921,-47,-52,-2.64
26922,-44,-65,-1.8
26923,-42,-71,-1.96
26925,-39,-19,-2.12
26926,-37,-27,-2.28
26927,-35,-26,-2.37
26928,-33,-20,-2.46
26930,-30,-5,-2.55
26931,-28,6,-2.64
26932,-25,16,-4.68
26933,-22,21,-4.72
26935,-19,-19,-4.76
26936,-15,-3,-4.8
26937,-12,5,-6.78
26938,-8,17,-6.76
26940,-5,78,-6.74
26941,-2,67,-6.72
26942,0,64,-4.71
26943,2,56,-4.7
26945,3,48,-4.69
26946,3,38,-7.65
26947,3,-11,-7.6
26948,2,-12,-7.55
26950,1,-5,-9.48
26951,1,-9,-9.34
26952,0,-16,-9.2
26953,0,29,-9.06
26955,0,35,-8.95
26956,0,29,-7.85
26957,0,24,-7.75
26958,0,13,-7.65
26960,1,-31,-7.55
26961,1,-28,-7.42
26962,1,-20,-8.28
26963,1,-16,-8.14
26965,1,-11,-8
26966,0,-4,-7.86
26967,0,0,-7.76
26968,0,9,-7.66
26970,-1,49,-7.56
26971,-2,43,-7.46
26972,-3,34,-11.26
26973,-2,24,-11.06
26975,-2,15,-10.86
26976,-1,11,-10.66
26977,0,3,-7.48
26978,1,-11,-7.3
26980,3,-45,-7.12
26981,4,-41,-6.94
26982,5,-29,-12.73
26983,6,-34,-12.52
26985,6,16,-12.31
26986,5,15,-12.1
26987,5,19,-11.91
26988,4,17,-11.72
26990,3,6,-11.53
26991,2,-4,-11.34
26992,1,-12,-10.15
26993,1,-20,-9.96
26995,2,-55,-9.77
26996,3,-53,-9.58
26997,4,-39,-8.42
26998,5,-1,-8.26
27000,6,19,-8.1
27001,7,20,-7.94
27002,8,14,-10.76
27003,8,13,-10.58
27005,8,-44,-10.4
27006,7,-42,-10.22
27007,6,-36,-10.02
27008,5,-32,-9.82
27010,4,-25,-9.62
27011,2,-8,-9.42
27012,2,1,-12.21
27013,1,5,-12
27015,1,-6,-11.79
27016,2,4,-11.58
27017,2,7,-12.4
27018,4,2,-12.22
27020,5,0,-12.04
27021,6,5,-11.86
27022,7,3,-15.64
27023,8,3,-15.42
27025,8,8,-15.2
27026,7,13,-14.98
27027,7,7,-8.79
27028,6,7,-8.6
27030,5,-4,-8.41
27031,4,6,-8.22
27032,4,12,-13
27033,4,2,-12.78
27035,5,11,-12.56
27036,6,-5,-12.34
27037,7,9,-13.09
27038,8,4,-12.84
27040,9,7,-12.59
27041,11,6,-12.34
27042,11,-1,-15.09
27043,11,0,-14.84
27045,11,35,-14.59
27046,10,29,-14.34
27047,9,25,-16.06
27048,8,18,-15.78
27050,6,15,-15.5
27051,5,11,-15.22
27052,3,4,-14.94
27053,3,-2,-14.66
27055,2,-39,-14.38
27056,3,-35,-14.1
27057,3,-22,-15.82
27058,3,-25,-15.54
27060,3,28,-15.26
27061,3,24,-14.98
27062,2,24,-16.7
27063,0,23,-16.42
27065,-1,17,-16.14
27066,-3,10,-15.86
27067,-6,5,-17.54
27068,-10,0,-17.22
27070,-13,-37,-16.9
27071,-17,-41,-16.61
27072,-20,-27,-18.3
27073,-23,-18,-17.99
27075,-26,26,-17.7
27076,-28,24,-17.41
27077,-30,21,-19.1
27078,-33,21,-18.79
27080,-35,19,-18.48
27081,-38,7,-17.17
27082,-41,-48,-16.86
27083,-45,-50,-16.55
27085,-48,-38,-20.2
27086,-52,-23,-19.85
27087,-56,38,-19.51
27088,-59,30,-19.17
27090,-62,25,-18.83
27091,-65,33,-19.48
27092,-66,18,-19.13
27093,-68,-43,-18.78
27095,-68,-30,-18.43
27096,-68,-31,-18.08
27097,-68,-22,-20.74
27098,-67,-16,-20.4
27100,-66,-6,-20.06
27101,-66,-2,-19.72
27102,-65,13,-19.35
27103,-65,24,-18.98
27105,-65,41,-18.61
27106,-66,33,-18.24
27107,-66,27,-18.92
27108,-66,19,-18.6
27110,-66,14,-18.28
27111,-66,8,-17.96
27112,-64,3,-14.67
27113,-63,-1,-14.38
27115,-60,-45,-14.09
27116,-57,-24,-13.8
27117,-54,-12,-17.46
27118,-50,15,-17.12
27120,-46,24,-16.78
27121,-42,15,-16.44
27122,-39,21,-19.06
27123,-35,14,-18.68
27125,-33,10,-18.3
27126,-30,6,-17.92
27127,-28,-36,-19.55
27128,-26,-26,-19.18
27130,-24,-11,-18.81
27131,-22,-15,-18.44
27132,-20,-6,-23.02
27133,-17,3,-22.6
27135,-14,-1,-22.18
27136,-10,-1,-21.76
27137,-6,7,-21.37
27138,-2,-1,-20.98
27140,1,9,-20.59
27141,6,-1,-20.2
27142,10,-2,-21.8
27143,13,-3,-21.4
27145,16,3,-21
27146,19,2,-20.6
27147,21,1,-24.2
27148,24,-1,-23.8
27150,27,-7,-23.4
27151,29,-7,-23
27152,33,3,-22.54
27153,36,-3,-22.08
27155,40,6,-21.62
27156,45,-3,-21.16
27157,49,3,-22.73
27158,53,1,-22.3
27160,58,-1,-21.87
27161,62,1,-21.44
27162,65,-2,-24.98
27163,68,-12,-24.52
27165,70,32,-24.06
27166,72,26,-23.6
27167,73,18,-25.15
27168,74,14,-24.7
27170,75,9,-24.25
27171,76,5,-23.8
27172,77,2,-23.37
27173,78,-3,-22.94
27175,79,-52,-22.51
27176,81,-22,-22.08
27177,83,-14,-22.64
27178,85,-17,-22.2
27180,87,30,-21.76
27181,88,33,-21.32
27182,89,27,-20.9
27183,89,24,-20.48
27185,89,19,-20.06
27186,88,14,-19.64
27187,86,9,-26.17
27188,85,-7,-25.7
27190,83,-32,-25.23
27191,80,-26,-24.76
27192,79,-16,-23.32
27193,77,-18,-22.88
27195,76,25,-22.44
27196,75,24,-22
27197,75,18,-26.53
27198,74,12,-26.06
27200,73,8,-25.59
27201,72,4,-22.15
27202,70,-36,-21.73
27203,68,-33,-21.31
27205,66,-15,-24.85
27206,63,-8,-24.38
27207,60,28,-23.91
27208,58,19,-23.44
27210,55,25,-23.01
27211,53,29,-22.58
27212,52,-4,-22.15
27213,51,-26,-21.72
27215,50,-26,-21.29
27216,50,-23,-20.87
27217,50,-13,-19.46
27218,50,-11,-19.05
27220,51,2,-18.64
27221,51,-1,-18.23
27222,51,7,-23.79
27223,51,22,-23.35
27225,50,36,-22.91
27226,48,29,-22.47
27227,47,24,-22.03
27228,45,12,-21.59
27230,43,12,-21.15
27231,42,7,-20.71
27232,41,-3,-22.26
27233,40,1,-21.81
27235,40,-41,-21.36
27236,39,-27,-20.91
27237,40,-21,-22.41
27238,40,-3,-21.91
27240,40,23,-21.41
27241,40,0,-20.91
27242,40,17,-22.43
27243,39,21,-21.95
27245,38,11,-21.47
27246,37,11,-20.99
27247,35,4,-23.51
27248,33,-1,-23.03
27250,32,-32,-22.55
27251,30,-29,-22.07
27252,29,-19,-19.63
27253,29,-21,-19.19
27255,29,-13,-18.75
27256,30,-8,-18.31
27257,31,-1,-21.88
27258,32,51,-21.45
27260,34,34,-21.02
27261,35,-14,-20.59
27262,36,-10,-19.17
27263,38,-7,-18.75
27265,38,-7,-18.33
27266,39,-6,-17.91
27267,40,-4,-19.49
27268,40,-2,-19.07
27270,41,2,-18.65
27271,41,-2,-18.23
27272,43,2,-19.83
27273,45,3,-19.43
27275,47,5,-19.03
27276,50,-4,-18.63
27277,53,-3,-20.21
27278,57,-3,-19.79
27280,60,-2,-19.37
27281,63,3,-18.95
27282,66,-4,-19.54
27283,68,-6,-19.13
27285,69,-5,-18.72
27286,70,-12,-18.31
27287,71,15,-16.95
27288,71,38,-16.59
27290,72,25,-16.23
27291,72,20,-15.87
27292,72,10,-17.51
27293,74,-13,-17.15
27295,75,-22,-16.79
27296,77,-27,-16.43
27297,78,-22,-17.06
27298,80,-21,-16.69
27300,81,24,-16.32
27301,82,17,-15.95
27302,83,17,-16.58
27303,82,19,-16.21
27305,82,13,-15.84
27306,81,10,-15.47
27307,80,7,-19.06
27308,79,-1,-18.65
27310,78,-41,-18.24
27311,77,-27,-17.83
27312,77,-16,-20.46
27313,77,-17,-20.09
27315,77,13,-19.72
27316,78,16,-19.35
27317,79,14,-19.96
27318,80,14,-19.57
27320,82,11,-19.18
27321,82,5,-22.75
27322,82,-31,-22.37
27323,82,-33,-21.99
27325,81,-21,-23.59
27326,81,-18,-23.16
27327,80,25,-22.73
27328,78,25,-22.3
27330,77,20,-21.91
27331,76,20,-22.51
27332,76,18,-22.11
27333,76,11,-21.71
27335,76,6,-21.31
27336,76,-2,-20.91
27337,77,-1,-22.49
27338,78,-2,-22.07
27340,78,-51,-21.65
27341,79,-28,-21.23
27342,80,-15,-21.79
27343,79,6,-21.35
27345,79,24,-20.91
27346,78,18,-20.47
27347,77,14,-24.05
27348,76,19,-23.63
27350,75,6,-23.21
27351,73,3,-22.79
27352,73,-45,-22.37
27353,72,-37,-21.95
27355,73,-29,-21.53
27356,73,-12,-21.11
27357,74,-13,-21.7
27358,74,14,-21.29
27360,75,31,-20.88
27361,76,29,-20.47
27362,76,23,-21.07
27363,76,19,-20.67
27365,75,11,-20.27
27366,73,6,-19.87
27367,72,1,-22.46
27368,70,0,-22.05
27370,68,-49,-21.64
27371,66,-43,-21.23
27372,65,-28,-22.83
27373,64,11,-22.43
27375,63,22,-22.03
27376,63,22,-21.63
27377,63,22,-25.17
27378,63,22,-24.71
27380,64,-33,-24.25
27381,64,-31,-23.79
27382,64,-30,-21.39
27383,64,-27,-20.99
27385,64,-9,-20.59
27386,63,-4,-20.19
27387,62,3,-20.77
27388,61,-6,-20.35
27390,60,5,-19.93
27391,59,2,-19.51
27392,58,6,-21.09
27393,58,0,-20.67
27395,58,5,-20.25
27396,58,11,-19.83
27397,58,9,-20.42
27398,58,1,-20.01
27400,58,5,-19.6
27401,57,7,-19.19
27402,55,13,-19.79
27403,51,8,-19.39
27405,46,3,-18.99
27406,40,-1,-18.59
27407,33,5,-20.18
27408,26,7,-19.77
27410,18,9,-19.36
27411,10,8,-18.95
27412,2,9,-22.49
27413,-5,11,-22.03
27415,-11,10,-21.57
27416,-18,7,-21.11
27417,-23,6,-23.64
27418,-26,0,-23.17
27420,-29,42,-22.7
27421,-31,23,-22.23
27422,-32,17,-22.76
27423,-31,14,-22.29
27425,-29,6,-21.82
27426,-26,0,-21.35
27427,-20,5,-21.88
27428,-11,0,-21.41
27430,0,-44,-20.94
27431,11,-29,-20.47
27432,26,-30,-21.03
27433,43,-17,-20.59
27435,61,17,-20.15
27436,80,11,-19.71
27437,100,11,-25.24
27438,122,10,-24.77
27440,144,8,-24.3
27441,167,3,-23.83
27442,190,-1,-22.38
27443,213,-3,-21.93
27445,236,-53,-21.48
27446,258,-38,-21.07
27447,281,-30,-22.64
27448,305,-21,-22.21
27450,329,25,-21.8
27451,352,22,-21.39
27452,373,20,-21.97
27453,393,18,-21.55
27455,408,9,-25.09
27456,419,-20,-24.64
27457,427,-45,-24.19
27458,433,-46,-23.74
27460,433,-11,-24.28
27461,430,-19,-23.82
27462,422,39,-23.38
27463,413,41,-22.94
27465,400,39,-22.5
27466,385,42,-23.05
27467,367,7,-22.61
27468,347,-1,-22.17
27470,326,-4,-21.73
27471,305,-5,-21.29
27472,283,-5,-22.87
27473,260,2,-22.45
27475,239,5,-22.03
27476,218,5,-21.61
27477,197,2,-25.15
27478,177,-1,-24.69
27480,158,23,-24.23
27481,140,18,-23.77
27482,122,11,-25.3
27483,105,6,-24.83
27485,88,1,-24.36
27486,73,-2,-23.89
27487,58,0,-23.43
27488,45,-3,-22.97
27490,33,-28,-22.51
27491,22,-12,-22.05
27492,13,-5,-23.6
27493,5,3,-23.15
27495,0,44,-22.7
27496,-5,43,-22.25
27497,-9,30,-21.82
27498,-11,36,-21.39
27500,-13,19,-20.96
27501,-15,7,-20.53
27502,-16,-43,-24.1
27503,-17,-39,-23.67
27505,-18,-44,-23.24
27506,-19,-39,-22.81
27507,-20,-42,-24.34
27508,-21,-37,-23.87
27510,-21,-36,-23.4
27511,-22,-29,-22.93
27512,-22,-13,-22.47
27513,-21,-12,-22.01
27515,-20,-6,-21.55
27516,-18,-13,-21.09
27517,-17,-12,-23.62
27518,-15,-14,-23.15
27520,-14,-13,-22.68
27521,-12,-8,-22.21
27522,-12,-10,-23.73
27523,-11,-4,-23.25
27525,-12,3,-22.77
27526,-13,-2,-22.29
27527,-14,8,-19.84
27528,-15,9,-19.39
27530,-16,19,-18.94
27531,-18,17,-18.49
27532,-18,40,-20.04
27533,-19,38,-19.59
27535,-18,34,-19.14
27536,-17,33,-18.69
27537,-16,25,-22.24
27538,-15,44,-21.79
27540,-13,49,-21.34
27541,-12,37,-20.89
27542,-11,25,-21.46
27543,-10,14,-21.03
27545,-10,5,-20.6
27546,-10,0,-20.17
27547,-10,-3,-21.73
27548,-10,0,-21.29
27550,-11,-47,-20.85
27551,-11,-29,-20.41
27552,-11,-24,-20.97
27553,-10,-17,-20.53
27555,-9,28,-20.09
27556,-8,23,-19.65
27557,-7,17,-22.19
27558,-5,18,-21.73
27560,-4,10,-21.27
27561,-2,-1,-20.81
27562,-1,-15,-20.41
27563,-1,-21,-20.01
27565,-1,-55,-19.61
27566,-2,-38,-19.21
27567,-2,-35,-18.8
27568,-3,-29,-18.39
27570,-4,19,-17.98
27571,-5,19,-17.57
27572,-5,19,-24.11
27573,-4,18,-23.65
27575,-3,13,-23.19
27576,-2,8,-22.73
27577,0,4,-24.26
27578,0,0,-23.79
27580,2,-49,-23.36
27581,4,-41,-22.93
27582,6,-28,-20.52
27583,7,-9,-20.11
27585,7,40,-19.71
27586,8,25,-19.31
27587,8,24,-18.91
27588,8,27,-18.51
27590,8,18,-18.11
27591,8,11,-23.66
27592,9,-26,-23.21
27593,10,-21,-22.76
27595,12,-9,-23.3
27596,13,-7,-22.84
27597,14,29,-22.4
27598,15,25,-21.96
27600,16,26,-21.52
27601,17,26,-21.08
27602,16,19,-20.68
27603,15,12,-20.28
27605,14,8,-19.88
27606,12,2,-19.48
27607,10,4,-22.07
27608,8,5,-21.66
27610,5,-37,-21.25
27611,2,-34,-20.84
27612,0,-21,-21.42
27613,0,-15,-21
27615,-2,23,-20.58
27616,-3,22,-20.16
27617,-4,18,-25.7
27618,-5,9,-25.24
27620,-6,5,-24.78
27621,-7,-2,-24.32
27622,-8,-43,-21.88
27623,-10,-34,-21.44
27625,-13,-25,-21
27626,-16,-27,-20.56
27627,-19,-12,-22.14
27628,-23,-20,-21.72
27630,-26,-9,-21.3
27631,-30,7,-20.88
27632,-33,36,-23.45
27633,-36,1,-23.02
27635,-38,-17,-22.59
27636,-39,-18,-22.16
27637,-41,-14,-22.72
27638,-42,-11,-22.28
27640,-43,-12,-21.84
27641,-44,-5,-21.4
27642,-45,-11,-22.97
27643,-47,2,-22.54
27645,-49,-11,-22.11
27646,-52,-9,-21.68
27647,-54,2,-15.33
27648,-57,-6,-14.98
27650,-59,-4,-14.63
27651,-61,-7,-14.28
27652,-63,-2,-17.87
27653,-65,4,-17.46
27655,-66,8,-17.05
27656,-66,7,-16.64
27657,-67,-1,-15.26
27658,-67,9,-14.88
27660,-67,0,-14.5
27661,-67,9,-14.12
27662,-67,44,-11.8
27663,-68,37,-11.48
27665,-69,31,-11.16
27666,-70,24,-10.84
27667,-71,17,-7.56
27668,-72,12,-7.28
27670,-73,-41,-7
27671,-74,-44,-6.72
27672,-74,-24,-3.49
27673,-73,-22,-3.26
27675,-72,30,-3.03
27676,-70,29,-2.8
27677,-68,25,3.36
27678,-66,28,3.52
27680,-63,18,3.68
27681,-60,11,3.84
27682,-58,5,10.9
27683,-55,2,10.96
27685,-53,-32,11.02
27686,-52,-33,11.08
27687,-50,-12,15.1
27688,-48,-13,15.12
27690,-46,24,15.14
27691,-44,21,15.16
27692,-42,26,26.07
27693,-39,21,25.98
27695,-35,22,30.84
27696,-31,16,30.7
27697,-27,-27,30.49
27698,-22,-18,30.28
27700,-18,-11,30.07
27701,-14,-10,42.73
27702,-10,32,42.37
27703,-6,27,42.01
27705,-2,25,41.65
27706,0,18,50.2
27707,4,-7,49.77
27708,8,-26,49.34
27710,12,-20,48.91
27711,16,-18,48.48
27712,20,-10,58.94
27713,25,-6,58.4
27715,31,-1,57.86
27716,36,0,57.26
27717,42,4,67.55
27718,47,-2,66.84
27720,53,34,66.12
27721,58,25,65.4
27722,62,12,71.61
27723,66,9,70.82
27725,69,8,70.03
27726,72,-3,69.24
27727,75,-13,86.27
27728,77,-16,85.3
27730,79,-74,84.33
27731,81,-66,83.36
27732,83,-59,93.25
27733,86,-39,92.14
27735,89,3,91.03
27736,92,-7,89.92
27737,95,-15,98.7
27738,98,-14,97.48
27740,101,-13,96.26
27741,103,-3,95.04
27742,105,36,102.67
27743,106,40,101.3
27745,107,21,99.93
27746,106,36,98.56
27747,106,42,109.09
27748,105,32,107.62
27750,105,52,106.15
27751,104,36,104.68
27752,103,10,114.08
27753,103,-2,112.48
27755,104,-66,110.88
27756,104,-70,109.28
27757,105,-67,116.56
27758,105,-62,114.84
27760,105,-47,113.12
27761,106,-32,111.4
27762,106,-14,116.6
27763,105,8,114.8
27765,104,12,113
27766,102,27,111.2
27767,101,37,119.28
27768,100,30,117.36
27770,98,33,115.44
27771,97,34,113.52
27772,96,25,121.56
27773,95,17,119.6
27775,96,7,117.64
27776,96,2,115.68
27777,97,4,127.54
27778,97,2,125.4
27780,98,4,123.26
27781,98,6,121.12
27782,98,19,124.93
27783,97,15,122.74
27785,96,11,120.55
27786,94,15,118.36
27787,93,23,132.03
27788,90,13,129.7
27790,88,11,127.37
27791,86,16,125.04
27792,84,6,128.68
27793,82,12,126.32
27795,81,50,123.96
27796,80,41,121.6
27797,80,24,127.19
27798,79,15,124.78
27800,78,5,122.37
27801,77,-1,119.96
27802,75,-17,125.53
27803,73,-16,123.1
27805,71,-64,120.67
27806,69,-43,118.24
27807,67,-31,119.84
27808,64,-22,117.44
27810,62,27,115.04
27811,60,24,112.64
27812,59,23,119.19
27813,58,22,116.74
27815,58,8,114.29
27816,59,7,111.84
27817,59,1,115.44
27818,60,-2,113.04
27820,60,-36,110.69
27821,60,-31,108.34
27822,60,-26,111.93
27823,59,-19,109.52
27825,57,17,107.11
27826,56,9,104.83
27827,54,8,101.56
27828,52,5,99.29
27830,50,5,102.96
27831,50,-4,100.72
27832,49,-42,98.48
27833,50,-28,96.24
27835,50,-20,94.99
27836,51,-11,92.74
27837,52,-3,90.6
27838,53,30,88.46
27840,54,31,86.32
27841,55,31,90.12
27842,55,16,88.03
27843,54,11,85.94
27845,53,-25,83.85
27846,52,-23,81.76
27847,51,-16,80.73
27848,49,-17,78.7
27850,48,-5,76.67
27851,47,-1,74.64
27852,46,2,74.77
27853,46,3,72.9
27855,46,39,71.03
27856,46,26,69.16
27857,47,25,65.42
27858,47,8,63.68
27860,48,13,61.94
27861,48,2,60.2
27862,49,9,58.56
27863,48,-6,56.92
27865,47,-34,55.28
27866,46,-31,53.64
27867,45,-20,52.09
27868,44,-21,50.54
27870,42,28,48.99
27871,41,24,47.44
27872,41,17,44.03
27873,41,21,42.62
27875,41,9,41.21
27876,42,3,39.8
27877,43,-41,37.51
27878,44,-41,36.22
27880,45,-29,34.93
27881,47,-22,33.64
27882,48,-14,33.43
27883,48,-17,32.22
27885,48,-15,31.01
27886,48,-1,29.8
27887,49,-8,33.61
27888,49,1,32.42
27890,49,1,31.23
27891,50,3,30.04
27892,51,-3,27.96
27893,53,4,26.88
27895,56,-9,25.8
27896,59,1,24.72
27897,62,3,22.75
27898,66,11,21.78
27900,70,8,20.81
27901,74,6,19.84
27902,78,12,19.01
27903,81,-2,18.18
27905,84,3,17.35
27906,86,-1,16.52
27907,89,9,19.71
27908,91,9,18.9
27910,94,10,18.09
27911,96,4,17.28
27912,100,4,14.65
27913,103,6,14.02
27915,107,38,13.39
27916,111,19,12.76
27917,115,18,14.17
27918,119,23,13.58
27920,123,11,12.99
27921,127,5,12.4
27922,129,-3,12.88
27923,132,3,12.36
27925,133,-41,11.84
27926,134,-36,11.32
27927,135,-22,13.85
27928,135,-29,13.38
27930,135,20,12.91
27931,135,19,12.44
27932,135,19,11.02
27933,136,19,10.6
27935,137,14,10.18
27936,138,9,9.76
27937,139,5,10.42
27938,141,1,10.08
27940,142,-43,9.74
27941,143,-36,9.4
27942,144,-24,5.16
27943,144,-15,4.92
27945,144,12,4.68
27946,143,23,4.44
27947,143,22,9.21
27948,142,21,8.98
27950,142,17,9.74
27951,143,10,9.5
27952,144,-37,9.25
27953,146,-36,9
27955,148,-37,8.81
27956,150,-11,5.65
27957,151,31,5.49
27958,153,26,5.33
27960,155,29,5.18
27961,156,29,5.03
27962,157,13,4.88
27963,158,-19,4.73
27965,158,-14,4.58
27966,158,-15,4.49
27967,158,-10,6.38
27968,158,-7,6.27
27970,158,2,6.16
27971,157,5,6.05
27972,157,10,5.95
27973,158,1,5.85
27975,159,36,5.75
27976,161,27,5.65
27977,163,14,4.58
27978,165,20,4.51
27980,166,16,4.44
27981,168,7,4.37
27982,169,5,3.29
27983,170,-5,3.21
27985,171,-30,3.13
27986,171,-27,3.05
27987,171,-20,2.97
27988,171,-12,2.89
27990,170,29,2.81
27991,170,18,2.73
27992,170,19,-0.32
27993,171,18,-0.37
27995,172,16,-0.42
27996,173,1,-0.47
27997,175,-4,2.43
27998,176,-9,2.33
28000,178,-44,2.23
28001,179,-47,2.13
28002,180,-29,-1.94
28003,181,-34,-2.01
28005,181,-11,-2.08
28006,180,-14,-2.15
28007,179,30,-3.2
28008,178,31,-3.25
28010,177,-10,-3.3
28011,176,-8,-3.35
28012,176,-11,-3.35
28013,176,-19,-3.35
28015,177,-15,-3.35
28016,178,-10,-3.35
28017,179,-8,-3.36
28018,181,3,-3.37
28020,183,0,-3.38
28021,185,-5,-3.39
28022,187,-3,-3.41
28023,188,0,-3.43
28025,188,3,-3.45
28026,188,8,-3.47
28027,189,-2,-5.47
28028,189,2,-5.47
28030,189,14,-5.47
28031,189,-2,-5.47
28032,189,6,-6.42
28033,190,5,-6.37
28035,192,-5,-6.32
28036,194,-1,-6.27
28037,196,38,-7.23
28038,197,33,-7.19
28040,199,30,-7.15
28041,201,17,-7.11
28042,201,15,-12
28043,201,11,-11.89
28045,200,-38,-11.78
28046,199,-34,-11.67
28047,196,-29,-8.58
28048,192,-19,-8.49
28050,188,22,-8.4
28051,183,24,-8.31
28052,178,20,-11.16
28053,173,25,-11.01
28055,167,18,-10.86
28056,162,7,-10.71
28057,156,6,-11.56
28058,150,-2,-11.41
28060,144,-31,-11.26
28061,137,-26,-11.11
28062,131,-14,-10.95
28063,126,-8,-10.79
28065,121,28,-10.63
28066,117,21,-10.47
28067,114,24,-11.34
28068,113,16,-11.21
28070,116,6,-14.05
28071,123,0,-13.89
28072,132,-33,-13.68
28073,143,-31,-13.47
28075,156,-21,-16.22
28076,172,-10,-15.97
28077,188,27,-15.72
28078,205,29,-15.47
28080,223,30,-15.22
28081,241,23,-15
28082,260,-28,-14.78
28083,279,-16,-14.56
28085,298,-17,-14.34
28086,316,-18,-14.12
28087,335,-15,-11.92
28088,355,-5,-11.72
28090,374,3,-11.52
28091,394,7,-11.32
28092,415,0,-13.08
28093,438,5,-12.84
28095,461,30,-12.6
28096,485,23,-12.36
28097,506,13,-16.08
28098,526,10,-15.8
28100,543,3,-15.52
28101,559,-1,-15.24
28102,570,-3,-16.95
28103,578,-7,-16.66
28105,582,-49,-16.37
28106,584,-49,-16.08
28107,582,-35,-17.78
28108,577,-34,-17.48
28110,569,31,-17.18
28111,558,29,-16.88
28112,546,31,-14.6
28113,531,33,-14.32
28115,514,26,-14.04
28116,496,20,-13.76
28117,477,18,-15.49
28118,457,15,-15.22
28120,436,-17,-14.95
28121,414,-15,-14.68
28122,392,-7,-14.38
28123,369,-6,-14.08
28125,347,29,-13.78
28126,324,22,-13.48
28127,303,-18,-15.2
28128,282,19,-14.92
28130,262,6,-14.64
28131,243,-34,-14.36
28132,227,-34,-19.04
28133,212,-37,-18.72
28135,199,-20,-18.4
28136,187,-17,-18.08
28137,177,-7,-16.77
28138,168,1,-16.46
28140,160,8,-16.15
28141,154,5,-15.84
28142,148,22,-18.5
28143,142,19,-18.16
28145,138,18,-17.82
28146,133,14,-17.48
28147,129,10,-17.14
28148,126,7,-16.8
28150,123,8,-16.46
28151,121,2,-16.12
28152,119,6,-16.79
28153,119,12,-16.46
28155,119,-8,-16.13
28156,119,-11,-15.8
28157,120,-12,-17.46
28158,121,-14,-17.12
28160,122,-13,-16.78
28161,123,-9,-16.44
28162,124,-1,-16.11
28163,124,4,-15.78
28165,124,-3,-15.45
28166,123,-3,-15.12
28167,123,-5,-22.76
28168,122,-8,-22.4
28170,122,25,-22.04
28171,122,16,-21.68
28172,122,16,-23.27
28173,123,9,-22.86
28175,124,5,-22.45
28176,126,5,-22.04
28177,128,1,-23.64
28178,130,-4,-23.24
28180,131,-44,-22.84
28181,133,-39,-22.44
28182,134,-25,-19.08
28183,134,-5,-18.72
28185,134,23,-18.36
28186,134,24,-18
28187,133,-17,-22.59
28188,132,32,-22.18
28190,132,26,-21.77
28191,131,15,-21.36
28192,131,11,-22.94
28193,131,2,-22.52
28195,131,-38,-22.13
28196,132,-31,-21.74
28197,133,-32,-28.28
28198,133,-11,-27.82
28200,133,22,-27.39
28201,133,21,-26.96
28202,132,21,-24.55
28203,131,23,-24.14
28205,130,16,-23.73
28206,128,8,-25.3
28207,127,-46,-24.87
28208,125,-29,-24.44
28210,124,-25,-26.98
28211,123,-8,-26.52
28212,123,23,-26.04
28213,123,23,-25.56
28215,123,26,-25.08
28216,124,29,-25.59
28217,124,16,-25.12
28218,124,10,-24.65
28220,124,2,-24.18
28221,124,-3,-23.71
28222,123,-4,-30.21
28223,122,-3,-29.71
28225,120,-46,-29.21
28226,118,-41,-28.71
28227,115,-29,-26.25
28228,113,-16,-25.79
28230,111,25,-25.33
28231,109,26,-24.87
28232,108,26,-27.4
28233,107,24,-26.93
28235,106,18,-26.46
28236,106,11,-25.99
28237,106,6,-25.5
28238,106,2,-25.01
28240,107,-36,-24.52
28241,107,-26,-24.03
28242,107,-21,-26.53
28243,106,-8,-26.03
28245,105,28,-25.53
28246,104,30,-25.03
28247,102,23,-25.52
28248,101,22,-25.01
28250,100,25,-24.5
28251,100,-30,-23.99
28252,99,-18,-26.47
28253,100,-19,-25.95
28255,101,-10,-25.43
28256,102,-4,-24.91
28257,103,-2,-26.42
28258,104,-6,-25.93
28260,105,5,-25.44
28261,107,1,-24.95
28262,107,1,-26.43
28263,107,2,-25.91
28265,106,18,-25.39
28266,105,4,-24.87
28267,104,7,-22.4
28268,103,1,-21.93
28270,102,-9,-21.46
28271,101,3,-20.99
28272,101,-1,-26.46
28273,100,1,-25.93
28275,100,-6,-25.4
28276,100,0,-24.87
28277,100,-8,-23.36
28278,100,-7,-22.85
28280,100,-11,-22.34
28281,99,-5,-21.83
28282,98,-2,-22.33
28283,97,-2,-21.83
28285,94,-2,-21.33
28286,92,-2,-20.83
28287,89,-2,-21.32
28288,87,-11,-20.81
28290,84,25,-20.3
28291,81,19,-19.79
28292,80,16,-21.34
28293,79,11,-20.89
28295,79,10,-20.44
28296,79,4,-19.99
28297,80,1,-21.54
28298,80,-4,-21.09
28300,81,-66,-20.64
28301,82,-53,-20.19
28302,82,-36,-22.73
28303,82,-14,-22.27
28305,81,36,-21.81
28306,80,34,-21.35
28307,79,34,-23.83
28308,78,34,-23.31
28310,77,23,-22.79
28311,76,13,-22.27
28312,76,6,-20.81
28313,77,2,-20.35
28315,78,-56,-19.89
28316,80,-43,-19.43
28317,81,-26,-18
28318,82,-21,-17.57
28320,84,35,-17.14
28321,85,26,-16.71
28322,85,29,-17.34
28323,85,30,-16.97
28325,85,19,-14.62
28326,86,20,-14.27
28327,86,-39,-13.9
28328,87,-33,-13.53
28330,88,-16,-13.16
28331,89,-10,-14.79
28332,91,26,-14.42
28333,93,22,-14.05
28335,96,25,-13.71
28336,99,19,-12.38
28337,102,10,-12.05
28338,105,-21,-11.72
28340,108,-14,-11.39
28341,111,-15,-11.07
28342,113,-3,-7.78
28343,115,-2,-7.49
28345,117,3,-7.2
28346,118,3,-6.91
28347,119,5,-3.72
28348,120,10,-3.53
28350,121,35,-3.34
28351,122,21,-3.15
28352,124,23,3
28353,127,18,3.15
28355,130,9,3.3
28356,133,7,3.45
28357,137,7,7.53
28358,140,-8,7.61
28360,143,-34,7.69
28361,146,-29,7.77
28362,149,-17,11.81
28363,152,-16,11.85
28365,154,29,11.89
28366,155,22,11.93
28367,157,24,20.85
28368,159,21,20.77
28370,161,14,20.69
28371,163,11,20.61
28372,166,-1,27.45
28373,169,-5,27.29
28375,173,-40,27.13
28376,176,-32,26.97
28377,180,-27,34.7
28378,184,-23,34.43
28380,187,-18,34.16
28381,190,-21,33.89
28382,193,24,45.48
28383,194,20,45.07
28385,196,-41,44.66
28386,196,-28,44.25
28387,196,-33,47.78
28388,197,-38,47.31
28390,197,-40,46.84
28391,197,-40,46.37
28392,197,-45,54.83
28393,198,-38,54.29
28395,199,-47,53.75
28396,200,-50,53.21
28397,201,-25,61.52
28398,202,-18,60.83
28400,202,27,60.14
28401,202,17,59.45
28402,201,54,69.66
28403,199,56,68.87
28405,197,75,68.08
28406,194,60,67.29
28407,192,40,72.43
28408,189,16,71.57
28410,186,2,70.71
28411,184,-10,69.85
28412,182,34,79.87
28413,181,27,78.89
28415,180,26,77.91
28416,179,22,76.93
28417,179,22,80.88
28418,178,16,79.83
28420,178,-23,78.78
28421,178,-27,77.73
28422,177,-8,83.59
28423,175,-6,82.45
28425,174,30,81.31
28426,172,32,80.17
28427,170,25,87.91
28428,169,28,86.65
28430,167,21,85.39
28431,165,9,84.13
28432,164,4,93.73
28433,164,2,92.33
28435,163,-29,90.93
28436,164,-25,89.53
28437,164,-11,96.06
28438,164,-6,94.59
28440,163,53,93.12
28441,163,51,91.65
28442,163,49,96.13
28443,162,48,94.61
28445,161,29,93.09
28446,159,23,91.57
28447,158,6,97.96
28448,156,-8,96.35
28450,154,-62,94.76
28451,152,-53,93.17
28452,151,-45,97.52
28453,151,-31,95.87
28455,150,17,94.22
28456,150,19,92.55
28457,150,17,100.78
28458,150,16,99.01
28460,150,10,97.24
28461,148,6,99.44
28462,147,-37,97.64
28463,145,-35,95.84
28465,143,-28,94.04
28466,140,-19,95.21
28467,138,17,93.41
28468,137,16,91.61
28470,135,19,89.81
28471,134,19,90.98
28472,134,10,89.18
28473,134,14,87.38
28475,134,2,85.58
28476,135,-6,83.78
28477,136,-7,84.02
28478,137,-7,82.26
28480,138,-37,80.5
28481,139,-36,78.74
28482,140,-23,83.95
28483,140,-27,82.16
28485,139,21,80.37
28486,138,24,78.58
28487,138,18,76.83
28488,137,13,75.08
28490,136,9,73.33
28491,136,2,71.58
28492,136,0,69.92
28493,136,-4,68.26
28495,137,-36,66.6
28496,138,-30,64.94
28497,139,-25,62.36
28498,140,-18,60.78
28500,141,22,59.2
28501,141,16,57.62
28502,140,18,59.09
28503,139,11,57.56
28505,137,-11,56.03
28506,134,-14,54.5
28507,132,-15,51.11
28508,130,-11,49.72
28510,127,-13,48.33
28511,125,-8,46.94
28512,124,-1,43.61
28513,123,-2,42.28
28515,123,0,40.95
28516,123,-4,39.62
28517,124,6,38.38
28518,125,3,37.14
28520,126,1,35.9
28521,127,2,34.66
28522,128,1,30.54
28523,129,0,29.42
28525,130,10,28.3
28526,130,10,27.18
28527,131,5,23.2
28528,131,3,22.22
28530,132,-6,21.24
28531,133,-7,20.26
28532,134,-4,24.29
28533,136,-1,23.32
28535,137,0,22.35
28536,139,-4,21.38
28537,140,0,16.56
28538,141,3,15.74
28540,142,6,14.92
28541,143,1,14.1
28542,142,1,11.35
28543,141,5,10.6
28545,140,36,9.85
28546,138,27,9.1
28547,136,24,7.43
28548,134,16,6.76
28550,133,9,6.09
28551,131,1,5.42
28552,131,-2,1.87
28553,130,-6,1.32
28555,131,-46,0.77
28556,132,-28,0.22
28557,133,-18,4.73
28558,134,-15,4.24
28560,135,19,3.75
28561,136,24,3.26
28562,137,19,2.85
28563,137,13,2.44
28565,137,15,2.03
28566,137,8,1.62
28567,136,13,-3.68
28568,136,1,-3.98
28570,136,-39,-4.28
28571,136,-30,-4.58
28572,136,-17,-4.8
28573,137,-13,-5.02
28575,138,24,-5.24
28576,140,15,-5.46
28577,141,17,-7.6
28578,142,17,-7.74
28580,143,9,-7.88
28581,144,2,-9.01
28582,144,-34,-9.04
28583,144,-32,-9.07
28585,144,-19,-9.1
28586,143,-10,-7.11
28587,142,26,-7.12
28588,142,16,-7.13
28590,141,19,-7.14
28591,140,18,-8.11
28592,140,-4,-8.08
28593,141,-37,-8.05
28595,141,-24,-8.02
28596,142,-27,-7.96
28597,143,-3,-10.87
28598,144,-8,-10.78
28600,144,-9,-10.69
28601,144,-4,-10.6
28602,144,8,-7.52
28603,143,2,-7.44
28605,142,36,-7.36
28606,141,27,-7.28
28607,140,24,-9.11
28608,138,24,-8.94
28610,137,14,-8.77
28611,135,7,-8.6
28612,134,1,-10.41
28613,134,-4,-10.22
28615,134,-28,-10.03
28616,134,-28,-9.84
28617,134,-20,-9.65
28618,134,-15,-9.46
28620,134,25,-9.27
28621,134,20,-9.08
28622,133,20,-9.89
28623,131,15,-9.7
28625,129,10,-9.51
28626,127,3,-9.32
28627,125,-29,-11.08
28628,123,-19,-10.84
28630,122,-19,-10.6
28631,120,-10,-10.36
28632,119,-3,-13.11
28633,118,-2,-12.86
28635,118,8,-12.61
28636,119,4,-12.36
28637,119,8,-15.1
28638,119,9,-14.84
28640,119,6,-14.58
28641,120,1,-14.32
28642,119,6,-14.06
28643,119,-2,-13.8
28645,118,6,-13.54
28646,117,1,-13.28
28647,116,5,-9.09
28648,114,4,-8.9
28650,113,-2,-8.71
28651,112,-4,-8.52
28652,110,-6,-10.34
28653,109,-5,-10.16
28655,107,-4,-9.98
28656,106,-7,-9.8
28657,104,3,-14.52
28658,102,-5,-14.24
28660,99,3,-13.96
28661,96,1,-13.68
28662,91,-1,-16.41
28663,86,4,-16.14
28665,79,34,-15.87
28666,73,28,-15.6
28667,66,25,-15.35
28668,59,9,-15.1
28670,53,7,-14.85
28671,47,-2,-14.6
28672,42,0,-13.37
28673,39,-4,-13.14
28675,36,-33,-12.91
28676,35,-28,-12.68
28677,35,-17,-16.44
28678,37,-16,-16.2
28680,40,26,-15.96
28681,44,16,-15.72
28682,50,15,-15.43
28683,56,21,-15.14
28685,63,8,-14.85
28686,71,1,-14.56
28687,80,0,-13.28
28688,90,-4,-13
28690,101,-43,-12.72
28691,112,-42,-12.44
28692,126,-26,-15.18
28693,142,-20,-14.92
28695,158,21,-14.66
28696,176,19,-14.4
28697,195,22,-15.13
28698,216,21,-14.86
28700,238,14,-14.59
28701,260,11,-14.32
28702,281,-34,-14.07
28703,302,-31,-13.82
28705,322,-24,-13.57
28706,339,-11,-16.3
28707,354,-6,-16.03
28708,367,33,-15.76
28710,378,35,-15.49
28711,386,22,-15.2
28712,392,5,-17.88
28713,396,3,-17.56
28715,398,-30,-17.24
28716,398,-21,-16.93
28717,396,-15,-17.61
28718,390,-7,-17.29
28720,383,6,-16.97
28721,374,5,-16.65
28722,363,4,-15.37
28723,349,13,-15.09
28725,334,45,-14.81
28726,318,42,-14.53
28727,301,33,-13.23
28728,284,28,-12.93
28730,267,14,-12.63
28731,251,11,-12.33
28732,235,3,-14.03
28733,220,-13,-13.73
28735,207,-46,-13.43
28736,194,-37,-13.13
28737,182,-31,-18.79
28738,170,-26,-18.45
28740,159,20,-18.11
28741,149,12,-17.77
28742,139,23,-16.44
28743,130,21,-16.11
28745,120,14,-15.78
28746,111,16,-15.45
28747,103,19,-18.1
28748,96,7,-17.75
28750,89,-26,-17.4
28751,83,-24,-17.05
28752,79,-14,-18.7
28753,75,-13,-18.35
28755,73,-8,-18
28756,71,-1,-17.65
28757,70,-2,-16.34
28758,69,54,-16.03
28760,69,-4,-15.72
28761,69,-7,-15.41
28762,68,-13,-21.07
28763,67,-8,-20.73
28765,66,-7,-20.39
28766,65,-12,-20.05
28767,64,-8,-19.71
28768,63,-4,-19.37
28770,62,-8,-19.03
28771,61,-5,-18.69
28772,61,-5,-17.32
28773,61,-4,-16.95
28775,62,-3,-16.58
28776,63,1,-16.21
28777,64,-5,-19.82
28778,64,-5,-19.43
28780,65,-5,-19.04
28781,65,-5,-18.65
28782,64,-3,-21.28
28783,64,-5,-20.91
28785,63,-1,-20.54
28786,61,-1,-20.17
28787,60,41,-20.82
28788,59,34,-20.47
28790,57,26,-20.12
28791,56,15,-19.77
28792,55,11,-22.39
28793,56,-2,-22.01
28795,56,-40,-21.63
28796,58,-41,-21.25
28797,59,-37,-22.84
28798,60,-22,-22.43
28800,61,24,-22.02
28801,62,21,-21.61
28802,63,17,-20.25
28803,63,18,-19.89
28805,63,14,-19.53
28806,64,7,-19.17
28807,64,3,-21.78
28808,64,-3,-21.39
28810,65,-57,-21
28811,65,-40,-20.61
28812,66,-34,-22.19
28813,68,-26,-21.77
28815,70,22,-21.35
28816,72,21,-20.93
28817,74,15,-22.52
28818,76,18,-22.11
28820,77,10,-21.7
28821,79,8,-25.25
28822,80,-54,-24.81
28823,81,-53,-24.37
28825,81,-35,-23.93
28826,82,-14,-29.43
28827,82,44,-28.93
28828,83,39,-28.43
28830,84,37,-27.93
28831,85,19,-25.48
28832,87,30,-25.03
28833,90,-35,-24.58
28835,93,-28,-24.13
28836,97,-29,-23.68
28837,100,-15,-28.21
28838,103,-6,-27.74
28840,107,-5,-27.27
28841,109,5,-26.8
28842,112,8,-27.33
28843,114,3,-26.86
28845,115,44,-26.39
28846,117,36,-25.92
28847,118,29,-29.4
28848,119,25,-28.88
28850,120,17,-28.36
28851,122,11,-27.84
28852,123,6,-26.32
28853,126,0,-25.8
28855,128,-50,-25.28
28856,131,-35,-24.76
28857,134,-22,-27.23
28858,136,-10,-26.7
28860,138,27,-26.17
28861,139,23,-25.64
28862,140,26,-22.2
28863,140,26,-21.76
28865,140,17,-21.32
28866,139,8,-20.88
28867,138,4,-26.37
28868,137,-1,-25.86
28870,136,-38,-25.35
28871,135,-30,-24.84
28872,134,-22,-25.35
28873,133,-22,-24.86
28875,133,27,-24.37
28876,133,14,-23.88
28877,132,23,-25.39
28878,132,19,-24.9
28880,131,14,-24.41
28881,131,-41,-23.92
28882,129,-30,-24.41
28883,127,-28,-23.9
28885,124,-18,-23.39
28886,121,-13,-22.88
28887,118,-13,-24.41
28888,115,-8,-23.94
28890,112,-6,-23.47
28891,108,-7,-23
28892,106,0,-24.51
28893,104,-2,-24.02
28895,103,7,-23.53
28896,102,-1,-23.04
28897,101,5,-28.48
28898,100,2,-27.92
28900,98,19,-27.36
28901,97,-2,-26.8
28902,95,-1,-25.29
28903,93,1,-24.78
28905,90,-14,-24.27
28906,88,-11,-23.76
28907,85,-7,-25.26
28908,82,-4,-24.76
28910,80,4,-24.26
28911,77,3,-23.76
28912,75,8,-26.24
28913,74,8,-25.72
28915,73,-3,-25.2
28916,72,3,-24.68
28917,72,9,-27.16
28918,71,6,-26.64
28920,70,42,-26.12
28921,69,35,-25.6
28922,68,30,-27.08
28923,67,23,-26.56
28925,65,17,-26.04
28926,63,11,-25.52
28927,61,6,-22.02
28928,59,1,-21.52
28930,58,-43,-21.02
28931,57,-40,-20.52
28932,56,-26,-24.01
28933,56,-17,-23.5
28935,57,29,-22.99
28936,58,29,-22.48
28937,59,27,-21
28938,60,25,-20.52
28940,60,18,-20.04
28941,61,10,-19.56
28942,61,3,-18.11
28943,61,-3,-17.66
28945,61,-45,-17.21
28946,60,-35,-16.8
28947,60,-16,-18.37
28948,60,-7,-17.94
28950,59,28,-17.51
28951,59,20,-17.14
28952,60,20,-14.79
28953,62,21,-14.44
28955,64,13,-14.09
28956,66,9,-12.73
28957,68,-28,-12.37
28958,71,-29,-12.01
28960,73,-33,-11.65
28961,76,0,-7.33
28962,78,20,-7.06
28963,80,30,-6.79
28965,82,29,-6.52
28966,83,24,-6.25
28967,85,-10,-3.02
28968,88,-23,-2.79
28970,90,-13,-2.56
28971,93,-16,-2.33
28972,97,-11,-0.16
28973,102,-8,0.01
28975,107,-2,0.18
28976,114,5,0.35
28977,120,9,4.49
28978,126,-1,4.63
28980,132,35,4.77
28981,138,33,4.91
28982,144,25,9.97
28983,149,24,10.03
28985,153,12,10.09
28986,157,2,10.15
28987,160,-5,16.18
28988,164,0,16.21
28990,167,-36,16.24
28991,170,-28,16.27
28992,174,-19,24.16
28993,178,-19,24.05
28995,183,17,23.94
28996,188,9,23.83
28997,193,5,30.64
28998,197,7,30.45
29000,202,-1,30.26
29001,206,-28,30.07
29002,209,-80,33.82
29003,213,-75,33.57
29005,215,-67,33.32
29006,217,-58,33.07
29007,220,-51,41.72
29008,221,-29,41.37
29010,223,-1,41.02
29011,225,24,40.67
29012,227,55,48.22
29013,229,64,47.77
29015,231,78,47.32
29016,232,61,46.87
29017,234,44,55.31
29018,234,29,54.75
29020,235,13,54.19
29021,234,-1,53.63
29022,233,-17,58.95
29023,231,-23,58.27
29025,228,-46,57.59
29026,225,-38,56.91
29027,222,-33,64.16
29028,218,-29,63.41
29030,213,-4,62.66
29031,209,-17,61.91
29032,205,6,67.08
29033,202,6,66.25
29035,198,17,65.42
29036,196,18,64.59
29037,192,25,71.65
29038,189,23,70.71
29040,186,55,69.77
29041,183,42,68.83
29042,179,33,75.78
29043,175,19,74.73
29045,171,14,73.68
29046,167,14,72.63
29047,162,12,79.48
29048,157,3,78.33
29050,153,-28,77.18
29051,148,-19,76.03
29052,144,-3,79.86
29053,140,1,78.69
29055,137,42,77.52
29056,135,39,76.35
29057,132,34,85.04
29058,128,32,83.73
29060,125,28,82.42
29061,122,16,81.11
29062,118,21,82.78
29063,113,5,81.45
29065,108,-44,80.12
29066,103,-32,78.79
29067,98,-30,80.44
29068,93,-22,79.09
29070,88,34,77.74
29071,84,30,76.39
29072,81,14,83.93
29073,78,17,82.47
29075,76,3,81.01
29076,74,-3,79.55
29077,73,-52,78.11
29078,71,-47,76.67
29080,69,-37,75.23
29081,67,-19,80.73
29082,65,13,79.23
29083,63,18,77.73
29085,60,19,76.23
29086,57,21,74.77
29087,55,18,72.32
29088,53,8,70.87
29090,52,-2,69.42
29091,51,-10,67.97
29092,51,-8,70.51
29093,51,-7,69.05
29095,52,-40,67.59
29096,54,-30,66.13
29097,55,-24,63.7
29098,56,-15,62.27
29100,57,20,60.84
29101,58,18,59.41
29102,58,17,60
29103,57,17,58.59
29105,57,8,57.18
29106,55,6,55.77
29107,54,-25,55.4
29108,52,-26,54.03
29110,51,-22,52.66
29111,49,-18,51.29
29112,48,-14,48
29113,48,-7,46.71
29115,48,29,45.42
29116,48,28,44.13
29117,48,22,42.92
29118,49,16,41.71
29120,48,13,40.5
29121,48,7,39.29
29122,47,6,38.15
29123,46,-4,37.01
29125,43,-38,35.87
29126,41,-26,34.73
29127,38,-17,30.66
29128,35,-13,29.59
29130,33,-17,28.52
29131,31,-15,27.45
29132,29,37,25.48
29133,28,36,24.51
29135,27,3,23.54
29136,27,-8,22.57
29137,27,-7,21.68
29138,27,-16,20.79
29140,27,-7,19.9
29141,27,-16,19.01
29142,27,-4,15.24
29143,27,-2,14.47
29145,27,-2,13.7
29146,27,4,12.93
29147,27,5,10.24
29148,27,-7,9.55
29150,27,9,8.86
29151,28,2,8.17
29152,29,-7,5.58
29153,31,2,4.99
29155,33,1,4.4
29156,36,1,3.81
29157,38,2,-1.67
29158,40,-1,-2.15
29160,42,36,-2.63
29161,43,27,-3.11
29162,44,18,-0.54
29163,45,12,-0.97
29165,45,7,-1.4
29166,44,4,-1.83
29167,44,-2,-0.2
29168,44,-5,-0.57
29170,43,-42,-0.94
29171,43,-31,-1.31
29172,43,-18,-8.53
29173,44,-23,-8.75
29175,45,-14,-8.97
29176,47,-18,-9.19
29177,48,8,-8.37
29178,49,52,-8.55
29180,50,28,-8.73
29181,51,22,-8.91
29182,52,24,-10.97
29183,52,13,-11.03
29185,52,-26,-11.09
29186,51,-35,-11.15
29187,51,-24,-10.19
29188,50,-13,-10.23
29190,49,26,-10.27
29191,49,25,-10.31
29192,49,20,-12.3
29193,49,18,-12.29
29195,50,12,-12.28
29196,51,5,-12.27
29197,52,5,-15.14
29198,53,0,-15.01
29200,54,-31,-14.88
29201,54,-24,-14.75
29202,54,-16,-13.63
29203,53,-8,-13.51
29205,52,24,-13.39
29206,51,19,-13.2
29207,50,18,-11.03
29208,49,10,-10.86
29210,48,9,-10.69
29211,47,4,-12.5
29212,48,-39,-12.32
29213,48,-29,-12.14
29215,49,-31,-11.96
29216,50,-10,-15.74
29217,52,22,-15.48
29218,53,19,-15.22
29220,53,20,-14.96
29221,54,25,-14.7
29222,55,13,-12.47
29223,55,10,-12.24
29225,55,4,-12.01
29226,55,6,-11.78
29227,54,2,-13.51
29228,54,-2,-13.24
29230,54,-31,-12.97
29231,54,-25,-12.7
29232,54,-18,-14.4
29233,55,-16,-14.1
29235,56,24,-13.8
29236,57,26,-13.5
29237,58,24,-8.27
29238,59,19,-8.04
29240,60,9,-7.81
29241,61,8,-7.58
29242,61,1,-15.27
29243,61,0,-14.96
29245,61,-34,-14.65
29246,60,-24,-14.34
29247,60,-16,-15.02
29248,60,-11,-14.7
29250,60,27,-14.38
29251,60,7,-14.06
29252,61,20,-12.78
29253,62,19,-12.5
29255,63,13,-12.22
29256,65,-34,-11.94
29257,66,-23,-10.68
29258,68,-24,-10.42
29260,69,-7,-10.16
29261,70,-17,-9.9
29262,71,-9,-13.6
29263,71,-2,-13.3
29265,71,0,-13
29266,71,-1,-12.7
29267,70,3,-16.39
29268,70,3,-16.08
29270,70,2,-15.77
29271,70,6,-15.46
29272,70,-2,-15.17
29273,70,-8,-14.88
29275,70,-1,-14.59
29276,71,0,-14.3
29277,71,0,-14.03
29278,70,-1,-13.76
29280,69,0,-13.49
29281,68,2,-13.22
29282,67,2,-14.98
29283,64,-11,-14.74
29285,62,-9,-14.5
29286,59,-13,-14.26
29287,56,8,-15.97
29288,53,3,-15.68
29290,51,-8,-15.39
29291,48,-4,-15.1
29292,46,-2,-20.73
29293,45,-3,-20.36
29295,44,33,-19.99
29296,43,29,-19.62
29297,42,22,-17.34
29298,41,19,-17.06
29300,40,13,-16.78
29301,39,8,-16.5
29302,37,4,-17.2
29303,35,-1,-16.9
29305,33,-53,-16.6
29306,31,-38,-16.3
29307,28,-17,-14.04
29308,27,-7,-13.78
29310,25,29,-13.52
29311,24,29,-13.26
29312,23,27,-13.98
29313,23,27,-13.7
29315,23,15,-13.42
29316,23,9,-13.14
29317,23,7,-16.84
29318,22,1,-16.54
29320,21,-31,-16.24
29321,19,-21,-15.94
29322,16,-16,-18.64
29323,12,-9,-18.34
29325,7,20,-18.04
29326,1,19,-17.74
29327,-5,21,-18.42
29328,-12,16,-18.1
29330,-19,14,-17.78
29331,-27,3,-17.46
29332,-34,-18,-20.09
29333,-40,-32,-19.72
29335,-45,-21,-19.35
29336,-50,-14,-19
29337,-54,-13,-17.66
29338,-57,-5,-17.32
29340,-59,33,-16.98
29341,-61,20,-16.68
29342,-61,17,-19.35
29343,-60,8,-19.02
29345,-57,6,-18.69
29346,-51,1,-21.33
29347,-42,-44,-20.95
29348,-31,-38,-20.57
29350,-19,-26,-20.19
29351,-5,-18,-16.84
29352,10,11,-16.51
29353,28,24,-16.18
29355,46,27,-15.85
29356,65,26,-15.52
29357,85,16,-23.13
29358,106,12,-22.74
29360,128,3,-22.35
29361,149,0,-21.96
29362,172,-1,-19.54
29363,196,-1,-19.12
29365,220,-49,-18.7
29366,244,-45,-18.28
29367,268,-31,-20.91
29368,292,-20,-20.54
29370,315,28,-20.17
29371,338,28,-19.8
29372,358,27,-20.43
29373,375,26,-20.06
29375,390,21,-19.69
29376,403,10,-19.32
29377,411,-52,-24.88
29378,415,-37,-24.44
29380,416,-31,-24
29381,414,-16,-23.56
29382,407,0,-23.11
29383,397,-4,-22.66
29385,383,16,-22.21
29386,367,27,-21.76
29387,349,18,-22.34
29388,328,15,-21.92
29390,307,17,-21.5
29391,284,14,-21.08
29392,261,15,-19.71
29393,238,8,-19.34
29395,216,10,-18.97
29396,194,8,-18.6
29397,172,8,-23.18
29398,151,5,-22.76
29400,130,-2,-22.34
29401,110,-4,-21.92
29402,91,-15,-22.49
29403,73,-27,-22.06
29405,55,-25,-21.63
29406,38,-28,-21.2
29407,23,-28,-19.8
29408,9,-18,-19.4
29410,-2,-14,-19
29411,-13,-14,-18.6
29412,-23,2,-22.18
29413,-31,0,-21.76
29415,-37,47,-21.34
29416,-43,39,-20.92
29417,-47,39,-25.51
29418,-51,31,-25.1
29420,-54,29,-24.69
29421,-57,25,-24.28
29422,-60,24,-22.86
29423,-62,6,-22.44
29425,-65,-28,-22.02
29426,-67,-19,-21.6
29427,-69,-19,-23.17
29428,-70,-12,-22.74
29430,-71,24,-22.31
29431,-71,18,-21.88
29432,-71,13,-23.41
29433,-70,5,-22.94
29435,-69,8,-22.47
29436,-67,0,-22
29437,-66,-5,-26.49
29438,-65,-7,-25.98
29440,-64,-40,-25.47
29441,-63,-24,-24.96
29442,-63,-18,-26.47
29443,-63,-14,-25.98
29445,-64,22,-25.49
29446,-65,16,-25
29447,-66,14,-28.5
29448,-68,15,-28
29450,-69,8,-27.5
29451,-69,7,-26.01
29452,-69,-37,-25.53
29453,-68,-33,-25.05
29455,-67,-16,-24.57
29456,-67,-20,-28.05
29457,-66,12,-27.56
29458,-66,21,-27.07
29460,-66,21,-26.58
29461,-66,20,-26.09
29462,-67,17,-32.52
29463,-67,8,-31.95
29465,-68,7,-31.38
29466,-69,0,-30.81
29467,-70,-52,-25.32
29468,-71,-39,-24.83
29470,-71,-37,-24.34
29471,-71,-27,-23.88
29472,-71,-25,-26.39
29473,-70,-1,-25.9
29475,-68,41,-25.41
29476,-67,41,-24.89
29477,-65,33,-28.33
29478,-63,25,-27.77
29480,-62,19,-27.21
29481,-60,13,-26.65
29482,-59,6,-27.16
29483,-58,1,-26.67
29485,-58,-42,-26.18
29486,-58,-28,-25.69
29487,-57,-15,-28.15
29488,-56,-9,-27.61
29490,-55,27,-27.07
29491,-54,21,-26.53
29492,-53,19,-26.02
29493,-50,18,-25.51
29495,-48,12,-25
29496,-45,7,-24.49
29497,-42,2,-24.98
29498,-40,-1,-24.47
29500,-38,-46,-23.96
29501,-36,-30,-23.45
29502,-35,-24,-25.97
29503,-34,-23,-25.49
29505,-33,-11,-25.01
29506,-33,-7,-24.53
29507,-34,2,-28.01
29508,-34,49,-27.49
29510,-35,-2,-26.97
29511,-35,-4,-26.45
29512,-35,-1,-27.92
29513,-35,-7,-27.39
29515,-34,4,-26.86
29516,-33,-2,-26.33
29517,-33,-8,-26.78
29518,-33,-1,-26.23
29520,-33,3,-25.68
29521,-33,-16,-25.13
29522,-34,7,-26.61
29523,-35,9,-26.09
29525,-36,4,-25.57
29526,-38,13,-25.05
29527,-40,9,-26.52
29528,-41,6,-25.99
29530,-42,9,-25.46
29531,-43,9,-24.93
29532,-44,5,-23.4
29533,-44,5,-22.87
29535,-43,-3,-22.34
29536,-42,-2,-21.81
29537,-41,39,-24.29
29538,-41,31,-23.77
29540,-41,17,-23.25
29541,-40,19,-22.73
29542,-41,9,-27.21
29543,-41,4,-26.69
29545,-43,-37,-26.17
29546,-44,-38,-25.65
29547,-45,-29,-22.15
29548,-46,-11,-21.65
29550,-47,20,-21.15
29551,-48,18,-20.65
29552,-49,14,-24.13
29553,-48,18,-23.61
29555,-48,10,-23.09
29556,-47,5,-22.57
29557,-46,-2,-25.04
29558,-46,-5,-24.51
29560,-45,-42,-23.98
29561,-45,-37,-23.45
29562,-45,-27,-25.94
29563,-46,-20,-25.43
29565,-47,21,-24.92
29566,-49,23,-24.41
29567,-50,21,-24.91
29568,-52,19,-24.41
29570,-53,13,-23.91
29571,-54,10,-23.41
29572,-54,-47,-22.95
29573,-54,-52,-22.49
29575,-53,-44,-22.03
29576,-53,-34,-23.54
29577,-52,-13,-23.05
29578,-52,43,-22.56
29580,-52,39,-22.07
29581,-51,34,-21.62
29582,-52,30,-22.16
29583,-52,3,-21.7
29585,-53,-25,-21.24
29586,-54,-42,-20.78
29587,-55,-21,-25.34
29588,-56,-18,-24.9
29590,-57,-3,-24.46
29591,-57,-1,-24.02
29592,-58,-5,-17.59
29593,-57,12,-17.16
29595,-57,46,-16.73
29596,-56,39,-16.3
29597,-56,31,-16.89
29598,-55,23,-16.48
29600,-55,17,-16.07
29601,-55,13,-15.66
29602,-56,4,-14.3
29603,-57,-1,-13.94
29605,-58,-46,-13.58
29606,-59,-35,-13.22
29607,-60,-23,-9.9
29608,-61,-11,-9.58
29610,-61,31,-9.26
29611,-62,31,-8.94
29612,-61,30,-11.62
29613,-59,26,-11.3
29615,-57,18,-10.98
29616,-55,11,-10.66
29617,-52,4,-7.37
29618,-49,0,-7.08
29620,-47,-30,-6.79
29621,-44,-32,-6.5
29622,-41,-10,-0.28
29623,-39,-8,-0.06
29625,-37,29,0.16
29626,-36,21,0.38
29627,-34,25,4.53
29628,-31,23,4.68
29630,-29,17,4.83
29631,-27,-30,4.98
29632,-24,-16,14.99
29633,-21,-21,15
29635,-17,-14,15.01
29636,-13,-9,15.02
29637,-9,-3,18.97
29638,-6,-11,18.92
29640,-3,0,18.87
29641,0,-8,18.82
29642,1,4,23.71
29643,3,1,23.6
29645,4,-3,23.49
29646,6,-1,23.38
29647,7,2,31.17
29648,9,0,30.96
29650,10,3,30.75
29651,12,-3,30.54
29652,14,7,41.2
29653,17,0,40.86
29655,20,1,40.52
29656,23,1,40.18
29657,26,-4,48.76
29658,29,-7,48.34
29660,31,2,47.92
29661,33,-8,47.5
29662,35,-12,51.01
29663,36,-10,50.52
29665,37,-18,50.03
29666,37,-24,49.54
29667,37,-27,59.89
29668,38,-29,59.24
29670,39,22,58.59
29671,40,11,57.94
29672,41,-12,67.22
29673,43,-20,66.5
29675,45,-43,65.78
29676,48,-44,65.06
29677,50,-34,72.22
29678,52,-17,71.38
29680,54,-36,70.54
29681,56,-6,69.7
29682,57,44,75.76
29683,58,63,74.82
29685,59,99,73.88
29686,59,79,72.94
29687,60,44,82.86
29688,60,31,81.78
29690,61,13,80.7
29691,62,-7,79.62
29692,63,-27,86.45
29693,65,-22,85.28
29695,67,-78,84.11
29696,69,-52,82.94
29697,70,-22,86.72
29698,72,-14,85.5
29700,72,39,84.28
29701,73,45,83.04
29702,73,44,90.71
29703,73,41,89.38
29705,72,25,88.05
29706,71,15,95.63
29707,70,-40,94.2
29708,69,-44,92.77
29710,68,-31,91.34
29711,67,-9,96.84
29712,66,27,95.29
29713,66,32,93.74
29715,66,25,92.19
29716,65,46,90.64
29717,65,18,99.05
29718,64,-9,97.46
29720,62,-6,95.87
29721,61,-5,94.28
29722,58,0,99.61
29723,55,2,97.94
29725,52,5,96.27
29726,48,10,94.6
29727,44,11,98.88
29728,40,6,97.16
29730,36,56,95.44
29731,33,38,93.72
29732,30,22,99.95
29733,27,21,98.18
29735,25,7,96.41
29736,23,0,94.64
29737,21,-8,99.77
29738,20,-9,97.9
29740,18,-44,96.03
29741,16,-35,94.16
29742,13,-26,94.3
29743,11,-22,92.44
29745,7,24,90.58
29746,4,21,88.72
29747,1,16,91.87
29748,-1,13,90.02
29750,-4,9,88.17
29751,-6,2,86.32
29752,-8,-34,85.5
29753,-9,-35,83.68
29755,-9,-23,81.86
29756,-9,-22,80.04
29757,-9,-9,80.3
29758,-10,-7,78.56
29760,-10,-4,76.82
29761,-11,-2,75.08
29762,-13,2,78.33
29763,-15,4,76.58
29765,-17,-1,74.83
29766,-20,3,73.08
29767,-23,1,70.39
29768,-25,-4,68.7
29770,-28,3,67.01
29771,-30,3,65.32
29772,-32,1,66.68
29773,-33,5,65.04
29775,-33,-2,63.4
29776,-33,0,61.76
29777,-34,-1,60.23
29778,-34,-4,58.7
29780,-34,-8,57.17
29781,-35,-4,55.64
29782,-35,-4,54.2
29783,-36,-4,52.76
29785,-38,-6,51.32
29786,-39,0,49.88
29787,-40,-1,43.53
29788,-41,3,42.18
29790,-41,32,40.83
29791,-42,20,39.48
29792,-41,19,37.25
29793,-39,18,36.02
29795,-37,13,34.79
29796,-34,6,33.56
29797,-32,4,30.45
29798,-29,-3,29.34
29800,-27,-49,28.23
29801,-25,-33,27.12
29802,-23,-20,26.09
29803,-22,-15,25.06
29805,-20,23,24.03
29806,-19,27,23
29807,-18,20,22.04
29808,-17,17,21.08
29810,-15,9,20.12
29811,-14,4,19.16
29812,-12,0,15.34
29813,-9,-5,14.52
29815,-6,-41,13.7
29816,-3,-35,12.88
29817,0,-23,12.14
29818,1,-9,11.4
29820,4,27,10.66
29821,6,19,9.92
29822,8,17,5.27
29823,10,19,4.62
29825,11,13,3.97
29826,12,6,3.32
29827,13,-33,2.76
29828,15,-38,2.2
29830,16,-21,1.64
29831,19,-20,-1.8
29832,21,22,-2.24
29833,24,21,-2.68
29835,27,21,-3.12
29836,31,20,-3.49
29837,34,-9,-4.85
29838,36,-32,-5.21
29840,38,-18,-5.57
29841,40,-25,-5.93
29842,41,-10,-6.19
29843,42,-2,-6.45
29845,42,2,-6.71
29846,41,5,-6.97
29847,41,15,-8.15
29848,41,1,-8.33
29850,40,35,-8.51
29851,40,29,-8.69
29852,41,23,-9.8
29853,42,17,-9.91
29855,43,10,-10.02
29856,45,5,-10.13
29857,47,3,-12.14
29858,49,-1,-12.15
29860,50,-34,-12.16
29861,51,-33,-12.17
29862,52,-21,-11.12
29863,52,-11,-11.07
29865,53,36,-11.02
29866,52,24,-10.97
29867,53,20,-11.89
29868,53,21,-11.81
29870,54,18,-11.73
29871,54,6,-11.65
29872,56,0,-13.5
29873,57,-7,-13.35
29875,59,-41,-13.2
29876,62,-33,-13.05
29877,63,-16,-7.94
29878,65,-10,-7.83
29880,65,-6,-7.72
29881,66,2,-7.61
29882,65,4,-10.45
29883,64,46,-10.29
29885,63,39,-10.13
29886,61,-8,-9.97
29887,59,-11,-14.71
29888,56,-9,-14.45
29890,54,-8,-14.19
29891,52,-18,-13.93
29892,51,-12,-15.66
29893,50,-2,-15.39
29895,49,2,-15.12
29896,49,1,-14.85
29897,48,-1,-13.56
29898,48,1,-13.27
29900,47,8,-12.98
29901,46,0,-12.69
29902,45,-1,-14.38
29903,44,2,-14.07
29905,42,5,-13.76
29906,40,5,-13.45
29907,39,2,-12.15
29908,37,3,-11.85
29910,37,-4,-11.55
29911,36,-5,-11.25
29912,36,39,-13.97
29913,36,32,-13.69
29915,37,27,-13.41
29916,38,22,-13.13
29917,39,20,-12.86
29918,40,12,-12.59
29920,40,-41,-12.32
29921,40,-33,-12.05
29922,40,-23,-10.81
29923,39,-18,-10.57
29925,37,20,-10.33
29926,35,16,-10.09
29927,33,19,-13.81
29928,31,17,-13.53
29930,30,9,-13.25
29931,28,0,-12.97
29932,28,-1,-15.66
29933,27,-4,-15.35
29935,28,-48,-15.04
29936,29,-22,-14.73
29937,29,-20,-14.45
29938,29,-11,-14.17
29940,29,29,-13.89
29941,29,24,-13.61
29942,29,9,-16.3
29943,28,9,-15.99
29945,26,7,-15.68
29946,25,7,-18.34
29947,24,-34,-18.04
29948,24,-34,-17.74
29950,23,-23,-17.44
29951,23,-9,-20.11
29952,23,18,-19.78
29953,23,21,-19.45
29955,24,17,-19.12
29956,25,17,-18.82
29957,26,17,-18.52
29958,26,5,-18.22
29960,25,3,-17.92
29961,24,-3,-17.62
29962,22,3,-19.31
29963,18,-3,-19
29965,13,-42,-18.69
29966,8,-27,-18.38
29967,2,-21,-20.05
29968,-3,-12,-19.72
29970,-10,23,-19.39
29971,-17,19,-19.06
29972,-24,16,-16.76
29973,-30,17,-16.46
29975,-37,13,-16.16
29976,-44,9,-15.86
29977,-50,-34,-16.56
29978,-56,-22,-16.26
29980,-62,-15,-15.96
29981,-67,-10,-15.66
29982,-70,-4,-21.32
29983,-73,3,-20.98
29985,-74,32,-20.64
29986,-75,35,-20.3
29987,-72,22,-16.98
29988,-66,16,-16.66
29990,-58,10,-16.34
29991,-47,8,-16.02
29992,-34,0,-22.64
29993,-18,4,-22.26
29995,-1,-48,-21.88
29996,17,-25,-21.5
29997,36,-24,-20.15
29998,56,-24,-19.8
30000,77,21,-19.45
