0,-48,0,7.12
1,-50,-5,6.49
2,-52,-3,5.86
3,-54,-6,5.23
5,-56,5,4.6
6,-58,-1,4.03
7,-59,0,3.46
8,-61,2,2.89
10,-63,4,-0.65
11,-64,3,-1.1
12,-65,3,-1.55
13,-66,0,-2
15,-66,2,-10.3
16,-66,0,-10.6
17,-66,3,-10.9
18,-65,2,-11.2
20,-63,5,-14.42
21,-61,-1,-14.64
22,-59,-20,-14.86
23,-56,-23,-15.08
25,-53,-17,-20.2
26,-49,-15,-20.32
27,-46,34,-20.44
28,-43,24,-20.56
30,-39,21,-23.58
31,-35,16,-23.6
32,-32,-3,-23.62
33,-28,4,-23.64
35,-25,-2,-32.5
36,-21,-11,-32.36
37,-17,4,-32.22
38,-14,-36,-32.08
40,-10,-16,-32.89
41,-7,-14,-32.7
42,-4,25,-32.51
43,-1,16,-32.32
45,0,19,-36.05
46,3,14,-35.78
47,5,-3,-35.51
48,7,-3,-35.24
50,9,-5,-38.87
51,11,-6,-38.5
52,13,-5,-38.13
53,14,-35,-37.76
55,16,-26,-40.33
56,17,-17,-39.9
57,19,26,-39.47
58,20,29,-39.04
60,21,16,-40.52
61,23,10,-40
62,24,8,-39.48
63,26,10,-38.96
65,27,0,-43.37
66,28,-8,-42.78
67,30,-10,-42.19
68,31,-33,-41.6
70,32,-18,-43.95
71,33,-14,-43.3
72,34,18,-42.65
73,35,22,-42
75,36,15,-47.28
76,37,8,-46.56
77,38,9,-45.84
78,39,1,-45.12
80,40,2,-43.4
81,41,-5,-42.68
82,41,-8,-41.96
83,42,-32,-41.24
85,42,-13,-47.45
86,42,-17,-46.66
87,42,27,-45.87
88,42,21,-45.08
90,41,14,-46.26
91,41,17,-45.44
92,41,3,-44.62
93,40,2,-43.8
95,40,-1,-45.96
96,39,-8,-45.12
97,39,-2,-44.28
98,38,-46,-43.44
100,38,-17,-44.58
101,37,-12,-43.72
102,36,26,-42.86
103,35,17,-42
105,34,14,-42.14
106,33,18,-41.28
107,31,14,-40.42
108,29,7,-39.56
110,27,-1,-44.64
111,25,-2,-43.72
112,23,-4,-42.8
113,20,-32,-41.88
115,18,-24,-43.97
116,16,-15,-43.06
117,14,17,-42.15
118,13,23,-41.24
120,11,11,-41.36
121,10,16,-40.48
122,9,10,-39.6
123,8,6,-38.72
125,8,3,-43.83
126,7,-48,-42.94
127,6,-19,-42.05
128,6,-15,-41.16
130,5,-4,-41.26
131,4,-2,-40.36
132,3,2,-39.46
133,2,5,-38.56
135,2,11,-38.68
136,1,5,-37.8
137,0,5,-36.92
138,0,0,-36.04
140,0,0,-38.21
141,0,3,-37.38
142,0,-4,-36.55
143,-1,-4,-35.72
145,-1,4,-36.9
146,-2,3,-36.08
147,-4,-1,-35.26
148,-6,3,-34.44
150,-7,-5,-35.65
151,-9,3,-34.86
152,-10,4,-34.07
153,-11,2,-33.28
155,-9,1,-37.47
156,-6,2,-36.66
157,-2,2,-35.85
158,3,1,-35.04
160,11,2,-38.28
161,21,-1,-37.52
162,32,0,-36.76
163,44,-3,-36
165,61,0,-36.24
166,82,-1,-35.48
167,105,2,-34.72
168,130,2,-33.96
170,159,-4,-38.19
171,192,5,-37.42
172,227,-14,-36.65
173,263,3,-35.88
175,302,4,-39.11
176,343,5,-38.34
177,384,3,-37.57
178,426,2,-36.8
180,464,-1,-36.06
181,500,4,-35.32
182,532,-5,-34.58
183,562,1,-33.84
185,586,-1,-38.07
186,607,2,-37.3
187,623,-2,-36.53
188,636,3,-35.76
190,643,2,-36.03
191,644,1,-35.3
192,640,16,-34.57
193,632,35,-33.84
195,618,12,-36.11
196,597,10,-35.38
197,571,5,-38.61
198,539,-2,-37.84
200,504,-8,-37.13
201,465,-5,-36.42
202,425,-34,-35.71
203,384,-22,-36.98
205,341,-12,-36.24
206,299,-13,-35.5
207,257,36,-34.76
208,216,18,-34.02
210,176,16,-32.36
211,137,16,-31.7
212,100,2,-31.04
213,65,4,-30.38
215,31,-2,-33.7
216,0,3,-33.02
217,-29,0,-32.34
218,-56,-28,-31.66
220,-81,-21,-33.98
221,-104,-14,-33.3
222,-125,27,-32.62
223,-144,22,-31.94
225,-160,9,-31.28
226,-175,8,-30.62
227,-188,10,-29.96
228,-199,-2,-29.3
230,-208,-5,-32.61
231,-216,-4,-31.92
232,-223,-6,-31.23
233,-228,-24,-30.54
235,-232,-15,-31.89
236,-235,-21,-31.24
237,-236,30,-30.59
238,-238,16,-29.94
240,-238,9,-30.31
241,-237,14,-29.68
242,-235,9,-29.05
243,-233,2,-28.42
245,-231,-3,-29.78
246,-228,-5,-29.14
247,-225,-3,-28.5
248,-222,-31,-27.86
250,-219,-30,-32.23
251,-215,-18,-31.6
252,-211,-10,-30.97
253,-208,24,-30.34
255,-204,18,-30.71
256,-200,23,-30.08
257,-196,-10,-29.45
258,-192,-11,-28.82
260,-189,-12,-33.15
261,-185,-8,-32.48
262,-181,-11,-31.81
263,-178,-12,-31.14
265,-175,-1,-29.51
266,-171,6,-28.88
267,-168,-5,-28.25
268,-165,8,-27.62
270,-162,3,-29.98
271,-159,3,-29.34
272,-155,-1,-28.7
273,-153,-6,-28.06
275,-150,-6,-31.4
276,-147,8,-30.74
277,-144,8,-30.08
278,-141,4,-29.42
280,-138,2,-33.76
281,-136,4,-33.1
282,-134,5,-32.44
283,-131,2,-31.78
285,-130,5,-31.16
286,-128,-5,-30.54
287,-126,3,-29.92
288,-125,1,-29.3
290,-123,-2,-30.67
291,-123,3,-30.04
292,-122,1,-29.41
293,-121,3,-28.78
295,-121,2,-32.16
296,-120,2,-31.54
297,-119,-12,-30.92
298,-119,6,-30.3
300,-118,1,-30.71
301,-117,4,-30.12
302,-117,0,-29.53
303,-116,-6,-28.94
305,-116,-2,-29.34
306,-115,3,-28.74
307,-115,-7,-28.14
308,-115,0,-27.54
310,-114,3,-28.97
311,-114,5,-28.4
312,-113,-8,-27.83
313,-113,8,-27.26
315,-112,3,-31.65
316,-112,-1,-31.04
317,-111,0,-30.43
318,-110,0,-29.82
320,-110,3,-30.23
321,-109,3,-29.64
322,-108,2,-29.09
323,-108,4,-28.54
325,-107,1,-32.94
326,-106,1,-32.34
327,-105,23,-31.74
328,-105,14,-31.16
330,-104,17,-33.55
331,-103,8,-32.94
332,-103,-2,-32.33
333,-102,5,-31.72
335,-102,2,-31.1
336,-101,-7,-30.48
337,-101,-27,-29.86
338,-100,-23,-30.23
340,-100,-28,-29.64
341,-99,-6,-29.05
342,-99,36,-28.46
343,-99,33,-30.84
345,-98,35,-30.25
346,-98,20,-29.66
347,-98,12,-29.07
348,-98,-1,-28.48
350,-98,1,-32.84
351,-98,-3,-32.2
352,-97,-8,-31.56
353,-97,-37,-30.92
355,-97,-21,-30.32
356,-97,-21,-29.72
357,-97,18,-29.12
358,-96,12,-28.52
360,-96,12,-31.9
361,-97,11,-31.28
362,-97,9,-30.66
363,-97,5,-30.04
365,-98,-1,-31.41
366,-98,-11,-30.78
367,-99,-2,-30.15
368,-100,-36,-30.51
370,-101,-22,-29.89
371,-101,-12,-29.27
372,-102,2,-28.65
373,-103,21,-31
375,-103,28,-30.4
376,-104,13,-29.8
377,-104,-1,-29.2
378,-104,-13,-27.61
380,-105,-13,-27.03
381,-105,-15,-26.45
382,-106,-13,-25.87
383,-106,-6,-25.29
385,-106,-2,-24.76
386,-107,2,-24.23
387,-108,4,-23.7
388,-108,1,-25.15
390,-109,-1,-24.59
391,-109,4,-24.03
392,-110,-1,-23.47
393,-110,1,-18.95
395,-110,-1,-18.46
396,-110,-3,-17.97
397,-110,0,-17.48
398,-109,-3,-12.04
400,-109,-1,-11.64
401,-108,1,-11.24
402,-108,10,-10.84
403,-107,12,-10.44
405,-107,4,-10.09
406,-106,-8,-9.74
407,-105,2,-9.39
408,-105,0,-1.12
410,-104,-3,-0.85
411,-104,0,-0.58
412,-104,3,-0.31
413,-103,0,4.91
415,-103,0,5.11
416,-102,2,5.31
417,-102,0,5.51
418,-101,-1,14.62
420,-100,0,14.69
421,-100,6,14.76
422,-99,0,14.83
423,-98,7,21.83
425,-98,0,21.82
426,-98,0,21.81
427,-97,-3,21.8
428,-97,-2,28.72
430,-97,3,28.63
431,-98,2,28.54
432,-98,1,28.45
433,-99,0,38.26
435,-100,-3,38.05
436,-100,0,37.84
437,-101,-2,37.63
438,-102,0,43.36
440,-103,0,43.04
441,-103,1,42.72
442,-104,2,42.4
443,-104,3,50
445,-104,-1,49.59
446,-105,3,49.18
447,-105,-10,48.77
448,-105,30,57.27
450,-104,21,56.72
451,-104,9,56.17
452,-103,9,67.5
453,-102,0,66.83
455,-100,-3,66.13
456,-98,2,65.43
457,-95,-28,71.66
458,-92,-21,70.89
460,-89,-10,70.12
461,-86,-14,69.35
462,-83,32,68.58
463,-79,25,73.74
465,-76,15,72.9
466,-72,18,72.06
467,-68,6,71.22
468,-64,-1,83.22
470,-60,-2,82.22
471,-57,-10,81.22
472,-53,-9,80.22
473,-50,-29,86.15
475,-46,-24,85.03
476,-42,-7,83.91
477,-39,5,82.79
478,-35,20,89.59
480,-31,15,88.39
481,-28,12,87.19
482,-24,11,85.99
483,-21,11,94.69
485,-18,8,93.35
486,-15,0,92.01
487,-13,5,90.67
488,-10,-32,97.25
490,-8,-23,95.81
491,-5,-23,94.37
492,-3,-13,92.93
493,-1,16,100.39
495,0,16,98.85
496,2,-9,97.31
497,4,28,95.77
498,6,17,102.12
500,7,17,100.47
501,9,11,98.82
502,10,-4,97.17
503,11,-26,101.47
505,12,-20,99.77
506,13,-15,98.07
507,14,-5,96.37
508,15,-9,103.58
510,15,-5,101.79
511,16,1,100
512,17,4,98.21
513,18,3,101.35
515,19,1,99.49
516,20,2,97.63
517,21,-1,95.77
518,21,7,100.88
520,21,2,98.99
521,22,3,97.1
522,22,0,95.21
523,22,1,99.31
525,21,-8,97.41
526,21,2,95.51
527,20,1,93.61
528,20,2,95.67
530,19,-1,93.73
531,18,-1,91.79
532,16,1,89.85
533,15,0,91.95
535,14,6,90.05
536,12,1,88.15
537,11,3,86.25
538,10,0,89.35
540,9,0,87.45
541,8,0,85.55
542,7,0,83.65
543,6,3,83.82
545,6,0,81.99
546,5,-1,80.16
547,4,-2,78.33
548,3,-5,79.54
550,2,2,77.75
551,1,2,75.96
552,0,2,74.17
553,0,7,77.4
555,-1,-1,75.63
556,-2,2,73.86
557,-3,-1,72.09
558,-4,0,68.44
560,-5,1,66.79
561,-6,-7,65.14
562,-7,0,63.49
563,-9,0,65.86
565,-10,0,64.23
566,-11,1,62.6
567,-13,-2,60.97
568,-14,25,63.38
570,-15,17,61.79
571,-16,8,60.2
572,-17,17,58.61
573,-19,4,57.11
575,-20,1,55.61
576,-21,-2,54.11
577,-22,-33,52.73
578,-23,-24,51.35
580,-23,-16,49.97
581,-24,-7,48.59
582,-24,24,47.28
583,-25,29,45.97
585,-25,19,44.66
586,-26,14,43.35
587,-26,11,42.04
588,-27,1,38.81
590,-28,0,37.58
591,-29,-2,36.35
592,-29,-4,35.12
593,-31,-32,33.03
595,-32,-23,31.94
596,-33,-18,30.85
597,-35,-11,29.76
598,-37,23,28.74
600,-38,18,27.72
601,-40,19,26.7
602,-42,15,25.68
603,-45,9,21.77
605,-47,1,20.86
606,-50,-2,19.95
607,-53,-43,19.04
608,-56,-17,17.24
610,-59,-9,16.44
611,-62,-2,15.64
612,-64,26,14.84
613,-67,22,8.18
615,-69,18,7.52
616,-72,12,6.86
617,-73,10,6.2
618,-75,6,3.65
620,-77,2,3.1
621,-79,-9,2.55
622,-80,-6,2
623,-82,-30,-4.41
625,-83,-25,-4.82
626,-85,-16,-5.23
627,-87,-10,-5.64
628,-88,25,-9.95
630,-89,20,-10.26
631,-90,17,-10.57
632,-91,-8,-10.88
633,-91,-16,-15.06
635,-90,-12,-15.24
636,-89,-7,-15.42
637,-87,-15,-15.6
638,-85,-14,-21.67
640,-82,-6,-21.74
641,-79,7,-21.81
642,-75,3,-21.88
643,-72,4,-27.82
645,-67,9,-27.76
646,-63,11,-27.7
647,-59,4,-27.64
648,-54,0,-29.5
650,-50,1,-29.36
651,-45,3,-29.22
652,-41,1,-29.08
653,-37,-7,-36.82
655,-32,1,-36.56
656,-28,2,-36.3
657,-24,1,-36.04
658,-19,2,-39.7
660,-15,2,-39.36
661,-12,2,-39.02
662,-8,2,-38.68
663,-5,-2,-43.24
665,-2,-1,-42.8
666,0,0,-42.36
667,3,2,-41.92
668,5,1,-46.41
670,7,1,-45.9
671,9,1,-45.39
672,11,-2,-44.88
673,13,-2,-50.28
675,15,0,-49.68
676,16,-1,-49.08
677,18,-2,-48.48
678,19,2,-50.8
680,21,-1,-50.12
681,22,2,-49.44
682,23,-11,-48.76
683,24,4,-52.06
685,25,6,-51.36
686,25,5,-50.66
687,26,1,-49.96
688,26,0,-54.17
690,26,3,-53.38
691,26,5,-52.59
692,26,-1,-51.8
693,26,0,-53.94
695,26,1,-53.08
696,26,1,-52.22
697,26,-2,-51.36
698,27,-6,-53.47
700,27,-3,-52.58
701,28,-4,-51.69
702,29,-1,-50.8
703,29,2,-53.87
705,30,28,-52.94
706,31,28,-52.01
707,32,21,-51.08
708,32,11,-53.12
710,33,8,-52.16
711,33,0,-51.2
712,34,-3,-50.24
713,34,-35,-55.24
715,34,-26,-54.24
716,33,-15,-53.24
717,33,-15,-52.24
718,33,14,-55.21
720,32,16,-54.18
721,32,12,-53.15
722,31,6,-51.13
723,30,7,-50.11
725,28,2,-49.09
726,27,-1,-48.07
727,25,-28,-51.01
728,22,-25,-49.98
730,20,-15,-48.95
731,18,-2,-47.92
732,16,16,-49.86
733,14,20,-48.81
735,12,14,-47.76
736,10,14,-46.71
737,8,12,-45.66
738,7,5,-48.63
740,6,1,-47.6
741,5,0,-46.57
742,4,-3,-45.54
743,3,-26,-47.5
745,2,-20,-46.46
746,1,-14,-45.42
747,0,25,-44.38
748,0,23,-43.4
750,-1,15,-42.42
751,-2,15,-41.44
752,-2,8,-40.46
753,-3,-28,-43.48
755,-4,-21,-42.5
756,-5,-19,-41.52
757,-6,-13,-40.54
758,-6,-12,-43.56
760,-7,-5,-42.58
761,-7,3,-41.6
762,-8,3,-40.62
763,-9,3,-44.65
765,-10,0,-43.68
766,-11,3,-42.71
767,-12,7,-41.74
768,-13,0,-42.81
770,-14,6,-41.88
771,-14,-2,-40.95
772,-14,2,-40.02
773,-12,-8,-42.08
775,-8,5,-41.14
776,-2,1,-40.2
777,4,7,-39.26
778,13,-1,-41.37
780,25,2,-40.48
781,38,7,-39.59
782,52,3,-38.7
783,72,0,-41.81
785,95,5,-40.92
786,121,-1,-40.03
787,150,-12,-39.14
788,182,0,-39.29
790,218,1,-38.44
791,257,-3,-37.59
792,296,2,-36.74
793,338,-7,-39.9
795,380,5,-39.06
796,423,7,-38.22
797,466,7,-37.38
798,505,4,-39.57
800,540,3,-38.76
801,572,6,-37.95
802,601,0,-37.14
803,625,0,-37.35
805,644,-1,-36.56
806,659,1,-35.77
807,671,-3,-34.98
808,675,-1,-38.19
810,674,3,-37.4
811,667,-2,-36.61
812,656,6,-35.82
813,639,-4,-37.06
815,615,-10,-36.3
816,587,0,-35.54
817,555,-5,-34.78
818,519,4,-36.03
820,480,-1,-35.28
821,439,1,-34.53
822,397,4,-33.78
823,354,9,-35.04
825,312,1,-34.3
826,269,36,-33.56
827,228,18,-32.82
828,188,11,-31.13
830,148,14,-30.44
831,111,7,-29.75
832,75,1,-29.06
833,41,-41,-32.36
835,9,-28,-31.66
836,-20,-23,-30.96
837,-48,-18,-30.26
838,-74,24,-28.63
840,-97,14,-28
841,-119,17,-27.37
842,-138,17,-28.72
843,-156,11,-28.11
845,-171,3,-27.5
846,-185,-18,-27.88
847,-197,-27,-27.25
848,-207,-17,-26.62
850,-215,-15,-25.99
851,-223,-7,-25.36
852,-228,26,-29.72
853,-233,23,-29.08
855,-236,29,-28.44
856,-238,13,-27.8
857,-239,7,-28.18
858,-240,2,-27.56
860,-239,8,-26.94
861,-238,-7,-26.32
862,-237,-1,-25.7
863,-235,-34,-25.12
865,-233,-23,-24.54
866,-230,-16,-23.96
867,-228,34,-26.35
868,-225,23,-25.77
870,-222,15,-25.19
871,-219,11,-24.61
872,-216,17,-25.02
873,-212,1,-24.43
875,-209,-5,-23.84
876,-205,-13,-23.25
877,-201,-27,-26.62
878,-198,-25,-26.03
880,-194,-14,-25.44
881,-191,-16,-24.85
882,-187,-2,-26.24
883,-183,-1,-25.67
885,-180,1,-25.1
886,-177,3,-24.53
887,-173,2,-24.95
888,-170,5,-24.42
890,-168,1,-23.89
891,-165,5,-23.36
892,-162,1,-26.79
893,-160,-7,-26.24
895,-158,9,-25.69
896,-156,0,-25.14
897,-154,0,-25.58
898,-152,2,-25.05
900,-150,-1,-24.52
901,-148,7,-23.99
902,-147,2,-29.4
903,-145,-3,-28.84
905,-144,0,-28.28
906,-143,-3,-27.72
907,-142,-2,-27.16
908,-141,1,-26.64
910,-140,2,-26.12
911,-139,2,-25.6
912,-138,-5,-28.05
913,-137,-6,-27.51
915,-136,2,-26.97
916,-135,1,-26.43
917,-133,4,-26.88
918,-132,2,-26.37
920,-131,3,-25.86
921,-130,2,-25.35
922,-129,2,-24.84
923,-128,1,-24.36
925,-127,-3,-23.88
926,-126,3,-23.4
927,-126,4,-28.86
928,-125,1,-28.33
930,-124,-1,-27.8
931,-123,3,-27.27
932,-122,0,-27.73
933,-122,0,-27.23
935,-121,-2,-26.73
936,-121,-8,-26.23
937,-120,4,-25.73
938,-120,-2,-25.25
940,-120,2,-24.77
941,-119,-1,-24.29
942,-119,40,-25.79
943,-119,20,-25.31
945,-119,13,-24.83
946,-119,17,-26.33
947,-119,3,-25.83
948,-119,-3,-25.35
950,-120,-5,-24.87
951,-120,-7,-24.39
952,-120,-30,-23.91
953,-120,-22,-23.42
955,-120,-29,-22.93
956,-120,-4,-22.44
957,-120,31,-25.91
958,-119,28,-25.42
960,-119,15,-24.93
961,-118,17,-24.44
962,-117,11,-22.96
963,-116,10,-22.47
965,-116,-31,-21.98
966,-115,-37,-21.49
967,-115,-20,-20.03
968,-114,-14,-19.57
970,-114,-5,-19.11
971,-113,-1,-18.66
972,-113,38,-19.2
973,-113,30,-18.74
975,-113,23,-18.28
976,-112,9,-17.82
977,-112,3,-20.38
978,-112,-3,-19.94
980,-112,5,-19.5
981,-111,-2,-19.06
982,-111,-3,-16.65
983,-111,-39,-16.24
985,-110,-18,-15.83
986,-110,-11,-15.42
987,-110,23,-17.98
988,-109,14,-17.54
990,-109,14,-17.1
991,-109,10,-16.66
992,-108,12,-16.25
993,-108,-1,-15.84
995,-107,-2,-15.43
996,-107,-3,-15.02
997,-107,-4,-12.64
998,-107,-39,-12.26
1000,-106,-25,-11.88
1001,-106,-18,-11.5
1002,-106,2,-10.17
1003,-107,-5,-9.84
1005,-107,0,-9.51
1006,-107,6,-9.18
1007,-107,9,-7.88
1008,-107,4,-7.58
1010,-107,4,-7.28
1011,-107,4,-6.98
1012,-107,-2,-5.7
1013,-107,1,-5.42
1015,-107,1,-5.14
1016,-106,1,-4.86
1017,-106,1,1.32
1018,-106,0,1.5
1020,-106,2,1.68
1021,-106,0,1.86
1022,-106,-2,6.98
1023,-106,-16,7.1
1025,-107,2,7.22
1026,-107,5,7.34
1027,-107,2,13.34
1028,-108,5,13.34
1030,-108,1,13.34
1031,-109,4,13.34
1032,-109,3,21.26
1033,-110,-2,21.18
1035,-110,2,21.1
1036,-110,1,21.02
1037,-111,-8,28.83
1038,-111,-7,28.64
1040,-111,6,28.45
1041,-111,4,28.26
1042,-111,3,34.99
1043,-111,1,34.72
1045,-110,5,34.45
1046,-110,-1,34.18
1047,-110,3,42.82
1048,-110,0,42.46
1050,-110,1,42.1
1051,-110,0,41.74
1052,-110,3,54.19
1053,-110,1,53.64
1055,-110,-1,53.09
1056,-110,-2,52.54
1057,-110,2,57.92
1058,-110,2,57.3
1060,-109,0,56.68
1061,-109,1,56.06
1062,-109,41,66.33
1063,-108,28,65.6
1065,-107,16,64.87
1066,-106,5,72.06
1067,-104,1,71.23
1068,-103,-5,70.4
1070,-101,-9,69.57
1071,-99,-12,78.62
1072,-97,-42,77.67
1073,-94,-24,76.72
1075,-92,-19,75.77
1076,-89,-20,84.72
1077,-85,33,83.67
1078,-82,23,82.62
1080,-78,24,81.57
1081,-75,8,80.52
1082,-71,11,88.34
1083,-68,9,87.16
1085,-64,1,85.98
1086,-61,-2,84.8
1087,-58,-1,94.52
1088,-54,-31,93.24
1090,-51,-20,91.96
1091,-48,-16,90.68
1092,-44,28,97.33
1093,-41,15,95.98
1095,-37,15,94.63
1096,-34,10,93.28
1097,-31,8,102.81
1098,-28,2,101.34
1100,-24,-1,99.87
1101,-21,-7,98.4
1102,-19,-1,105.81
1103,-16,-31,104.22
1105,-13,-25,102.63
1106,-11,-12,101.04
1107,-9,-9,105.41
1108,-7,29,103.78
1110,-5,21,102.15
1111,-3,-33,100.52
1112,-1,22,111.73
1113,0,16,109.94
1115,1,9,108.15
1116,2,8,106.36
1117,4,8,110.51
1118,5,-26,108.66
1120,6,-14,106.81
1121,7,-14,104.96
1122,8,16,111.05
1123,8,14,109.14
1125,9,19,107.23
1126,9,12,105.32
1127,9,16,111.34
1128,9,-24,109.36
1130,9,-24,107.38
1131,8,-20,105.4
1132,8,-14,107.39
1133,7,-3,105.38
1135,7,-5,103.37
1136,7,2,101.36
1137,7,9,106.29
1138,7,4,104.22
1140,6,-3,102.15
1141,6,1,100.08
1142,6,3,104.01
1143,6,-2,101.94
1145,6,3,99.87
1146,6,1,97.8
1147,5,4,101.72
1148,5,0,99.64
1150,5,1,97.56
1151,4,-1,95.48
1152,4,-1,98.41
1153,3,-1,96.34
1155,3,3,94.27
1156,2,4,92.2
1157,1,3,93.18
1158,0,3,91.16
1160,0,-5,89.14
1161,0,0,87.12
1162,-2,-4,89.14
1163,-3,-1,87.16
1165,-4,2,85.18
1166,-5,-2,83.2
1167,-6,3,87.23
1168,-7,2,85.26
1170,-8,-1,83.29
1171,-9,2,81.32
1172,-10,1,80.43
1173,-11,5,78.54
1175,-12,-5,76.65
1176,-13,0,74.76
1177,-15,-1,73.99
1178,-15,1,72.22
1180,-16,2,70.45
1181,-17,3,68.68
1182,-18,1,69.94
1183,-19,-6,68.2
1185,-20,0,66.46
1186,-21,2,64.72
1187,-23,1,65.07
1188,-24,4,63.42
1190,-26,3,61.77
1191,-28,-2,60.2
1192,-30,0,58.63
1193,-31,2,57.06
1195,-33,-5,55.49
1196,-34,2,54.02
1197,-36,22,52.55
1198,-37,27,51.08
1200,-39,13,49.61
1201,-40,3,48.24
1202,-42,5,46.87
1203,-43,3,45.5
1205,-44,-3,44.13
1206,-46,-8,44.74
1207,-48,-34,43.44
1208,-49,-28,42.14
1210,-51,-26,40.84
1211,-53,-2,36.57
1212,-54,41,35.41
1213,-56,18,34.25
1215,-58,17,33.09
1216,-60,14,31.93
1217,-62,5,24.91
1218,-64,6,23.89
1220,-66,6,22.87
1221,-68,-32,21.85
1222,-70,-19,20.94
1223,-72,-14,20.03
1225,-74,-11,19.12
1226,-76,-7,18.21
1227,-78,23,13.43
1228,-80,23,12.65
1230,-82,17,11.87
1231,-84,10,11.09
1232,-86,10,5.42
1233,-89,6,4.75
1235,-91,-5,4.08
1236,-94,-9,3.41
1237,-96,3,-2.08
1238,-98,-38,-2.57
1240,-100,-19,-3.06
1241,-102,-16,-3.55
1242,-104,24,-6.95
1243,-106,22,-7.35
1245,-107,15,-7.75
1246,-108,11,-8.15
1247,-109,14,-17.38
1248,-110,6,-17.61
1250,-110,-4,-17.84
1251,-111,-3,-18.07
1252,-110,-6,-22.18
1253,-109,-38,-22.29
1255,-108,-22,-22.4
1256,-107,-18,-22.51
1257,-104,-3,-29.51
1258,-101,-3,-29.51
1260,-98,0,-29.51
1261,-95,2,-29.51
1262,-91,-6,-37.36
1263,-87,0,-37.21
1265,-83,3,-37.06
1266,-79,5,-36.91
1267,-75,8,-39.67
1268,-71,7,-39.43
1270,-67,5,-39.19
1271,-64,2,-38.95
1272,-61,-1,-46.57
1273,-57,1,-46.19
1275,-54,1,-45.81
1276,-51,1,-45.43
1277,-49,4,-47.97
1278,-46,1,-47.51
1280,-43,-2,-47.05
1281,-41,2,-46.59
1282,-38,-1,-50.06
1283,-35,5,-49.53
1285,-33,2,-49
1286,-30,-5,-48.47
1287,-28,2,-53.84
1288,-26,2,-53.21
1290,-24,-1,-52.58
1291,-22,-1,-51.95
1292,-20,-3,-57.2
1293,-19,3,-56.45
1295,-17,-1,-55.7
1296,-16,2,-54.95
1297,-14,2,-59.14
1298,-13,2,-58.33
1300,-12,3,-57.52
1301,-11,0,-56.71
1302,-10,2,-60.84
1303,-9,0,-59.97
1305,-9,3,-59.1
1306,-8,1,-58.23
1307,-8,-8,-61.29
1308,-7,-10,-60.35
1310,-7,2,-59.41
1311,-7,3,-58.47
1312,-6,2,-60.48
1313,-6,5,-59.49
1315,-5,4,-58.5
1316,-5,2,-57.51
1317,-4,41,-62.46
1318,-4,26,-61.41
1320,-3,17,-60.36
1321,-2,5,-59.31
1322,-1,0,-61.23
1323,-1,3,-60.15
1325,0,-7,-59.07
1326,0,-10,-57.99
1327,0,-7,-59.88
1328,0,-38,-58.77
1330,0,-27,-57.66
1331,0,-11,-56.53
1332,0,-7,-58.37
1333,0,-2,-57.21
1335,0,36,-56.05
1336,0,36,-54.92
1337,-1,27,-55.77
1338,-2,4,-54.62
1340,-3,6,-53.47
1341,-4,5,-58.26
1342,-5,2,-57.11
1343,-7,-27,-55.96
1345,-8,-27,-54.81
1346,-10,-18,-53.66
1347,-12,-11,-52.51
1348,-13,29,-51.36
1350,-15,9,-50.21
1351,-17,6,-51.04
1352,-19,3,-49.91
1353,-20,-1,-48.78
1355,-22,3,-47.65
1356,-24,-24,-46.52
1357,-25,-32,-45.44
1358,-27,-18,-44.36
1360,-28,-17,-43.28
1361,-30,-9,-48.14
1362,-31,33,-47.05
1363,-32,25,-45.96
1365,-33,18,-44.87
1366,-35,19,-45.76
1367,-36,15,-44.68
1368,-38,10,-43.6
1370,-39,2,-42.52
1371,-40,-3,-46.39
1372,-41,-11,-45.35
1373,-42,-34,-44.31
1375,-42,-25,-43.27
1376,-43,-12,-44.21
1377,-43,-2,-43.19
1378,-44,-13,-42.17
1380,-44,2,-41.15
1381,-45,28,-39.14
1382,-46,5,-38.2
1383,-48,-5,-37.26
1385,-51,0,-36.32
1386,-52,-13,-39.34
1387,-53,-3,-38.44
1388,-54,-7,-37.54
1390,-54,-1,-36.64
1391,-52,6,-38.71
1392,-48,0,-37.81
1393,-43,2,-36.91
1395,-37,6,-36.01
1396,-29,8,-37.09
1397,-18,7,-36.25
1398,-5,4,-35.41
1400,7,4,-34.57
1401,26,2,-36.7
1402,49,5,-35.86
1403,75,7,-35.02
1405,104,-1,-34.18
1406,137,-3,-33.34
1407,174,0,-32.54
1408,213,-2,-31.74
1410,254,-3,-30.94
1411,296,-1,-36.08
1412,338,-10,-35.28
1413,380,1,-34.48
1415,421,-6,-33.68
1416,459,1,-35.85
1417,493,2,-35.08
1418,524,4,-34.31
1420,552,-2,-33.54
1421,574,4,-33.76
1422,592,3,-33.03
1423,606,2,-32.3
1425,616,-2,-31.57
1426,619,2,-32.82
1427,615,-1,-32.12
1428,606,0,-31.42
1430,593,8,-30.72
1431,572,1,-31.01
1432,546,7,-30.34
1433,515,2,-29.67
1435,480,0,-29
1436,443,-1,-32.29
1437,404,0,-31.61
1438,363,-1,-30.93
1440,322,4,-30.25
1441,280,-3,-33.53
1442,239,-2,-32.87
1443,199,2,-32.21
1445,159,2,-31.55
1446,121,-2,-33.86
1447,83,-6,-33.2
1448,48,1,-32.54
1450,14,1,-31.88
1451,-17,1,-32.21
1452,-47,1,-31.57
1453,-76,1,-30.93
1455,-102,3,-30.29
1456,-126,34,-27.67
1457,-148,27,-27.08
1458,-168,20,-26.49
1460,-186,17,-25.9
1461,-202,2,-30.26
1462,-216,-2,-29.64
1463,-228,-36,-29.02
1465,-238,-32,-28.4
1466,-247,-21,-30.81
1467,-255,-14,-30.22
1468,-261,22,-29.63
1470,-266,16,-29.04
1471,-270,19,-30.43
1472,-273,10,-29.82
1473,-275,1,-29.21
1475,-275,2,-30.58
1476,-275,-14,-29.97
1477,-274,-29,-29.36
1478,-273,-24,-28.75
1480,-270,-9,-31.11
1481,-268,4,-30.47
1482,-265,33,-29.83
1483,-261,21,-29.19
1485,-258,18,-28.55
1486,-254,8,-30.94
1487,-251,5,-30.33
1488,-247,1,-29.72
1490,-243,1,-29.11
1491,-240,-6,-26.54
1492,-236,-1,-25.97
1493,-232,-26,-25.4
1495,-229,-24,-24.83
1496,-225,-11,-26.29
1497,-222,1,-25.75
1498,-219,17,-25.21
1500,-215,20,-24.67
1501,-212,16,-25.14
1502,-209,9,-24.61
1503,-207,-13,-24.08
1505,-204,-16,-23.55
1506,-202,-19,-23.01
1507,-199,-10,-22.47
1508,-197,-16,-21.93
1510,-194,-2,-21.39
1511,-192,-1,-25.84
1512,-190,2,-25.29
1513,-188,1,-24.74
1515,-186,0,-24.19
1516,-185,3,-25.65
1517,-183,3,-25.11
1518,-181,5,-24.57
1520,-180,0,-24.03
1521,-178,2,-22.52
1522,-177,3,-22.01
1523,-176,2,-21.5
1525,-175,-1,-20.99
1526,-174,-1,-24.47
1527,-174,3,-23.95
1528,-173,-11,-23.43
1530,-173,5,-22.91
1531,-173,8,-23.38
1532,-172,2,-22.85
1533,-172,-1,-22.32
1535,-171,2,-21.79
1536,-171,1,-24.29
1537,-170,3,-23.79
1538,-170,0,-23.29
1540,-169,0,-22.79
1541,-169,1,-22.32
1542,-168,2,-21.85
1543,-167,4,-21.38
1545,-167,-1,-20.91
1546,-167,-4,-22.43
1547,-166,1,-21.95
1548,-166,-2,-21.47
1550,-166,0,-20.99
1551,-167,-1,-20.53
1552,-167,1,-20.07
1553,-167,-2,-19.61
1555,-167,-1,-19.15
1556,-167,2,-20.68
1557,-167,-2,-20.21
1558,-166,0,-19.74
1560,-165,1,-19.27
1561,-164,3,-20.82
1562,-163,-5,-20.37
1563,-162,3,-19.92
1565,-160,-1,-19.47
1566,-159,2,-23.02
1567,-158,2,-22.57
1568,-157,1,-22.12
1570,-156,0,-21.67
1571,-155,0,-23.23
1572,-154,25,-22.79
1573,-154,14,-22.35
1575,-153,13,-21.91
1576,-152,8,-21.48
1577,-152,2,-21.05
1578,-151,2,-20.62
1580,-151,-1,-25.14
1581,-150,-2,-24.64
1582,-150,-25,-24.14
1583,-150,-21,-23.64
1585,-150,-6,-24.13
1586,-149,-8,-23.67
1587,-149,25,-23.21
1588,-149,17,-22.75
1590,-148,16,-22.29
1591,-148,16,-24.83
1592,-148,4,-24.37
1593,-148,-1,-23.91
1595,-148,3,-23.45
1596,-147,-37,-24
1597,-147,-24,-23.55
1598,-147,-18,-23.1
1600,-147,-7,-22.67
1601,-147,-6,-24.22
1602,-147,32,-23.77
1603,-148,27,-23.32
1605,-148,14,-22.9
1606,-149,17,-27.43
1607,-150,10,-26.96
1608,-150,2,-26.49
1610,-151,-7,-26.02
1611,-151,-10,-23.6
1612,-152,-3,-23.18
1613,-152,-32,-22.76
1615,-153,-22,-22.34
1616,-153,-12,-21.9
1617,-153,19,-21.46
1618,-153,21,-21.02
1620,-153,16,-20.58
1621,-153,16,-24.12
1622,-153,7,-23.66
1623,-153,5,-23.2
1625,-153,4,-22.74
1626,-153,3,-22.29
1627,-153,2,-21.84
1628,-153,-36,-21.39
1630,-154,-27,-20.94
1631,-154,-14,-20.49
1632,-154,-12,-20.04
1633,-154,-9,-19.59
1635,-154,-4,-19.14
1636,-154,0,-17.75
1637,-154,9,-17.36
1638,-154,5,-16.97
1640,-154,2,-16.58
1641,-153,2,-13.24
1642,-153,1,-12.9
1643,-152,2,-12.56
1645,-152,-8,-12.22
1646,-152,1,-6.92
1647,-151,2,-6.62
1648,-151,3,-6.32
1650,-151,6,-6.02
1651,-150,5,-2.79
1652,-150,9,-2.56
1653,-150,0,-2.33
1655,-150,1,-2.1
1656,-149,-5,6.04
1657,-149,-5,6.18
1658,-148,-2,6.32
1660,-147,0,6.46
1661,-147,0,11.52
1662,-146,1,11.58
1663,-146,-1,11.64
1665,-145,3,11.7
1666,-145,4,18.69
1667,-145,0,18.68
1668,-145,1,18.67
1670,-145,3,18.66
1671,-146,3,25.56
1672,-146,-13,25.46
1673,-146,2,25.36
1675,-146,8,25.26
1676,-147,2,32.09
1677,-147,1,31.92
1678,-148,-11,31.75
1680,-148,4,31.58
1681,-148,3,44.26
1682,-149,2,43.94
1683,-148,1,43.62
1685,-148,3,43.3
1686,-147,2,50.88
1687,-146,2,50.46
1688,-145,2,50.04
1690,-144,-1,49.62
1691,-142,1,59.06
1692,-140,19,58.5
1693,-138,23,57.94
1695,-135,16,67.28
1696,-132,5,66.6
1697,-128,3,65.92
1698,-124,3,69.2
1700,-120,-7,68.48
1701,-116,-1,67.76
1702,-112,-26,67.04
1703,-108,-22,66.32
1705,-103,-9,76.44
1706,-99,-7,75.56
1707,-95,19,74.68
1708,-92,15,73.8
1710,-88,18,72.91
1711,-85,21,78.95
1712,-81,9,77.99
1713,-78,9,77.03
1715,-75,5,76.07
1716,-72,-7,83.99
1717,-69,-5,82.91
1718,-66,-28,81.83
1720,-64,-19,80.75
1721,-61,-18,88.57
1722,-58,-14,87.39
1723,-55,19,86.21
1725,-52,22,85.03
1726,-49,-14,87.79
1727,-47,22,86.55
1728,-44,17,85.31
1730,-42,16,84.07
1731,-40,-3,92.68
1732,-39,-5,91.29
1733,-37,-37,89.9
1735,-36,-22,88.51
1736,-34,-15,97.04
1737,-33,14,95.57
1738,-31,22,94.1
1740,-30,19,92.63
1741,-29,10,96.11
1742,-28,14,94.59
1743,-27,3,93.07
1745,-26,0,91.55
1746,-26,0,95.93
1747,-26,-3,94.31
1748,-25,-32,92.69
1750,-25,-25,91.07
1751,-26,-11,95.39
1752,-26,-10,93.71
1753,-26,29,92.03
1755,-27,21,90.35
1756,-27,23,94.61
1757,-27,-16,92.87
1758,-27,-10,91.13
1760,-27,-11,89.39
1761,-28,-11,92.61
1762,-28,-7,90.83
1763,-28,-8,89.05
1765,-28,0,87.27
1766,-28,0,90.47
1767,-28,0,88.67
1768,-29,-4,86.87
1770,-30,7,85.07
1771,-30,-9,88.27
1772,-31,-3,86.47
1773,-32,8,84.67
1775,-33,8,82.87
1776,-35,-10,87.04
1777,-36,5,85.21
1778,-37,-10,83.38
1780,-38,6,81.55
1781,-39,3,80.79
1782,-40,1,79.03
1783,-41,5,77.27
1785,-42,4,75.51
1786,-42,1,77.76
1787,-43,-1,76.01
1788,-44,0,74.26
1790,-45,3,72.51
1791,-46,2,72.81
1792,-47,2,71.11
1793,-47,1,69.41
1795,-48,-10,67.71
1796,-49,0,68.06
1797,-50,1,66.41
1798,-51,6,64.76
1800,-52,0,63.11
1801,-53,2,62.52
1802,-54,1,60.93
1803,-56,5,59.34
1805,-57,-5,57.75
1806,-59,2,55.3
1807,-60,-2,53.85
1808,-62,0,52.4
1810,-63,-10,50.95
1811,-64,5,52.55
1812,-66,4,51.15
1813,-67,4,49.75
1815,-68,0,48.35
1816,-69,2,44.08
1817,-71,1,42.81
1818,-72,4,41.54
1820,-73,2,40.37
1821,-75,-1,40.19
1822,-77,0,39.01
1823,-79,1,37.87
1825,-81,2,36.73
1826,-83,0,30.64
1827,-86,24,29.55
1828,-89,28,28.46
1830,-93,18,26.49
1831,-97,4,25.52
1832,-102,3,24.55
1833,-107,-3,20.61
1835,-113,-2,19.67
1836,-120,-3,18.8
1837,-126,-29,17.93
1838,-133,-32,17.06
1840,-141,-13,14.21
1841,-149,-4,13.45
1842,-157,24,12.69
1843,-166,20,11.93
1845,-175,18,6.22
1846,-184,11,5.6
1847,-194,6,4.98
1848,-203,4,4.36
1850,-213,-6,-2.2
1851,-224,-7,-2.72
1852,-235,4,-3.24
1853,-247,-25,-3.76
1855,-259,-17,-9.23
1856,-273,-18,-9.6
1857,-286,15,-9.97
1858,-300,20,-10.34
1860,-315,11,-12.69
1861,-330,8,-12.94
1862,-345,4,-13.19
1863,-361,3,-13.44
1865,-375,1,-22.6
1866,-390,-4,-22.71
1867,-403,-5,-22.82
1868,-415,-32,-22.93
1870,-424,-20,-26.01
1871,-430,-11,-26.03
1872,-432,13,-26.05
1873,-432,16,-26.07
1875,-424,16,-32.03
1876,-409,18,-31.93
1877,-389,7,-31.83
1878,-364,-21,-31.73
1880,-330,-17,-37.57
1881,-287,-16,-37.35
1882,-239,-13,-37.13
1883,-186,-9,-36.91
1885,-123,-4,-44.61
1886,-52,1,-44.26
1887,23,9,-43.91
1888,103,10,-43.56
1890,191,0,-47.17
1891,284,6,-46.73
1892,380,1,-46.29
1893,478,1,-45.85
1895,578,3,-53.33
1896,680,1,-52.76
1897,781,2,-52.19
1898,880,-1,-51.62
1900,977,3,-55.01
1901,1070,2,-54.34
1902,1159,-10,-53.67
1903,1243,3,-53
1905,1320,0,-58.27
1906,1388,1,-57.53
1907,1450,2,-56.79
1908,1505,3,-56.05
1910,1549,0,-60.26
1911,1585,3,-59.43
1912,1613,5,-58.6
1913,1634,-1,-57.77
1915,1644,6,-62.88
1916,1646,-1,-61.97
1917,1640,0,-61.06
1918,1627,0,-60.15
1920,1605,-1,-59.24
1921,1574,0,-58.31
1922,1538,-2,-57.38
1923,1496,3,-56.45
1925,1445,4,-61.46
1926,1389,0,-60.46
1927,1328,-3,-59.46
1928,1264,1,-58.46
1930,1194,-1,-64.39
1931,1119,1,-63.33
1932,1042,-14,-62.27
1933,964,1,-61.21
1935,882,4,-61.14
1936,798,4,-60.04
1937,714,5,-58.94
1938,630,7,-57.84
1940,546,1,-59.71
1941,463,-6,-58.61
1942,382,1,-57.51
1943,304,1,-56.41
1945,227,0,-59.27
1946,152,1,-58.12
1947,80,18,-56.97
1948,11,36,-55.82
1950,-53,16,-58.63
1951,-116,-4,-57.49
1952,-175,7,-56.35
1953,-231,-1,-57.19
1955,-282,-1,-56.04
1956,-330,-13,-54.89
1957,-373,-24,-53.74
1958,-413,-18,-52.62
1960,-449,-17,-55.46
1961,-481,-11,-54.3
1962,-509,21,-53.14
1963,-533,28,-51.98
1965,-554,21,-55.79
1966,-571,12,-54.6
1967,-585,7,-53.41
1968,-597,-3,-52.22
1970,-606,1,-53.06
1971,-612,-8,-51.9
1972,-617,-1,-50.74
1973,-620,-29,-49.58
1975,-621,-19,-53.43
1976,-620,-13,-52.28
1977,-618,19,-51.13
1978,-614,18,-49.98
1980,-610,19,-51.85
1981,-604,15,-50.72
1982,-597,11,-49.59
1983,-589,4,-48.46
1985,-581,-4,-49.33
1986,-573,0,-48.2
1987,-564,-7,-47.07
1988,-555,-33,-45.94
1990,-546,-24,-48.86
1991,-537,-17,-47.78
1992,-529,19,-46.7
1993,-520,16,-45.62
1995,-511,16,-49.52
1996,-503,8,-48.42
1997,-494,8,-47.32
1998,-486,9,-46.22
2000,-478,3,-48.15
2001,-470,-10,-47.08
2002,-463,-27,-46.01
2003,-456,-22,-44.94
2005,-449,-21,-47.89
2006,-443,-12,-46.84
2007,-436,-17,-45.79
2008,-431,6,-44.74
2010,-425,5,-46.74
2011,-420,9,-45.74
2012,-415,4,-44.74
2013,-410,8,-43.74
2015,-406,9,-47.73
2016,-401,3,-46.72
2017,-397,1,-45.71
2018,-392,-1,-44.7
2020,-388,1,-45.75
2021,-384,3,-44.8
2022,-379,3,-43.85
2023,-375,2,-42.9
2025,-371,-1,-47.93
2026,-367,-4,-46.96
2027,-364,2,-45.99
2028,-360,3,-45.02
2030,-356,4,-46.09
2031,-353,0,-45.16
2032,-350,-2,-44.23
2033,-347,1,-43.3
2035,-344,3,-42.42
2036,-342,0,-41.54
2037,-339,1,-40.66
2038,-336,0,-39.78
2040,-334,0,-44.9
2041,-331,-1,-44.02
2042,-328,1,-43.14
2043,-326,1,-42.26
2045,-323,2,-44.35
2046,-321,1,-43.44
2047,-319,3,-42.53
2048,-317,3,-41.62
2050,-316,4,-42.75
2051,-314,-1,-41.88
2052,-312,0,-41.01
2053,-310,-3,-40.14
2055,-309,1,-44.29
2056,-307,-2,-43.44
2057,-305,1,-42.59
2058,-303,0,-41.74
2060,-301,0,-43.87
2061,-299,-3,-43
2062,-298,1,-42.13
2063,-296,-2,-41.26
2065,-295,2,-42.4
2066,-294,-1,-41.54
2067,-293,23,-40.68
2068,-292,35,-39.82
2070,-290,18,-41.97
2071,-289,18,-41.12
2072,-288,10,-40.27
2073,-287,0,-44.37
2075,-286,-11,-43.51
2076,-285,-3,-42.65
2077,-285,-30,-41.79
2078,-284,-26,-42.93
2080,-284,-22,-42.07
2081,-283,-10,-41.21
2082,-283,33,-40.35
2083,-283,18,-39.49
2085,-283,25,-41.64
2086,-283,19,-40.79
2087,-283,12,-39.94
2088,-283,3,-39.09
2090,-283,8,-41.26
2091,-284,-6,-40.43
2092,-285,-8,-39.6
2093,-285,-44,-38.77
2095,-286,-27,-40.93
2096,-287,-18,-40.09
2097,-289,13,-39.25
2098,-290,21,-38.41
2100,-291,17,-41.58
2101,-293,12,-40.75
2102,-295,11,-39.92
2103,-297,1,-39.09
2105,-299,-3,-41.26
2106,-302,-2,-40.43
2107,-304,1,-39.6
2108,-307,-33,-38.77
2110,-310,-23,-38.95
2111,-314,-14,-38.13
2112,-317,19,-37.31
2113,-321,16,-36.49
2115,-324,13,-36.7
2116,-328,16,-35.91
2117,-332,15,-35.12
2118,-335,9,-34.33
2120,-339,-4,-36.56
2121,-343,-4,-35.79
2122,-347,-9,-35.02
2123,-351,-35,-34.25
2125,-355,-26,-35.49
2126,-360,-14,-34.73
2127,-365,-10,-33.97
2128,-370,28,-33.21
2130,-375,23,-36.45
2131,-381,25,-35.69
2132,-387,-18,-34.93
2133,-392,-14,-34.17
2135,-398,-16,-34.43
2136,-404,-12,-33.69
2137,-409,-8,-32.95
2138,-415,-4,-32.21
2140,-420,-5,-33.5
2141,-426,6,-32.79
2142,-431,1,-32.08
2143,-436,1,-31.37
2145,-441,3,-27.71
2146,-446,3,-27.05
2147,-450,1,-26.39
2148,-454,-5,-25.73
2150,-459,-5,-30.08
2151,-463,4,-29.43
2152,-466,2,-28.78
2153,-470,3,-28.13
2155,-473,1,-26.51
2156,-477,3,-25.89
2157,-479,4,-25.27
2158,-482,2,-24.65
2160,-484,3,-25.02
2161,-486,7,-24.39
2162,-488,0,-23.76
2163,-490,-11,-23.13
2165,-491,1,-22.56
2166,-491,3,-21.99
2167,-491,-1,-21.42
2168,-491,7,-20.85
2170,-490,3,-19.32
2171,-488,2,-18.79
2172,-485,1,-18.26
2173,-482,3,-17.73
2175,-478,-3,-17.22
2176,-473,-2,-16.71
2177,-467,5,-16.2
2178,-461,1,-15.69
2180,-454,-1,-14.24
2181,-446,-2,-13.79
2182,-437,1,-13.34
2183,-427,1,-12.89
2185,-417,0,-7.52
2186,-406,1,-7.15
2187,-395,-7,-6.78
2188,-383,4,-6.41
2190,-371,3,-5.07
2191,-358,1,-4.73
2192,-346,0,-4.39
2193,-333,-2,-4.05
2195,-319,2,-0.77
2196,-305,-3,-0.49
2197,-291,-5,-0.21
2198,-277,4,0.02
2200,-263,2,3.22
2201,-248,2,3.42
2202,-233,3,3.62
2203,-218,-3,3.8
2205,-203,30,6.95
2206,-189,26,7.1
2207,-174,18,7.25
2208,-160,16,7.4
2210,-146,5,11.48
2211,-132,-1,11.56
2212,-118,-18,11.64
2213,-105,-33,11.72
2215,-91,-20,11.77
2216,-78,-14,11.82
2217,-65,-1,11.87
2218,-53,23,11.92
2220,-40,15,16.89
2221,-28,9,16.86
2222,-16,8,21.78
2223,-5,0,21.7
2225,4,0,21.58
2226,15,-4,21.46
2227,24,-32,21.34
2228,33,-22,24.19
2230,42,-13,24.01
2231,49,-6,23.83
2232,57,33,23.65
2233,64,22,23.47
2235,70,18,22.29
2236,76,12,22.11
2237,82,5,21.93
2238,87,4,21.75
2240,91,-2,21.56
2241,96,-4,21.37
2242,100,0,21.18
2243,103,-30,20.99
2245,106,-29,25.72
2246,109,-8,25.45
2247,111,25,25.18
2248,114,16,24.91
2250,116,14,25.61
2251,117,8,25.31
2252,119,13,25.01
2253,120,-23,24.71
2255,121,-17,24.37
2256,122,-17,24.03
2257,123,-13,23.69
2258,124,-8,23.35
2260,125,-3,25.97
2261,126,-4,25.59
2262,127,1,25.21
2263,127,5,24.83
2265,128,5,22.45
2266,128,1,22.07
2267,128,4,21.69
2268,128,2,21.31
2270,128,4,20.96
2271,128,0,20.61
2272,127,0,20.26
2273,126,-2,19.91
2275,125,2,19.51
2276,124,-2,19.11
2277,123,-8,18.71
2278,122,4,18.31
2280,121,2,18.91
2281,119,1,18.51
2282,118,4,18.11
2283,116,1,17.71
2285,114,0,15.32
2286,113,1,14.93
2287,111,-11,14.54
2288,110,4,14.15
2290,108,1,11.78
2291,106,3,11.41
2292,105,5,11.04
2293,104,4,10.67
2295,102,4,10.31
2296,101,2,9.95
2297,100,-1,9.59
2298,98,-1,9.23
2300,97,0,6.89
2301,96,-3,6.55
2302,96,-2,6.21
2303,95,-5,5.87
2305,94,8,3.56
2306,93,2,3.25
2307,92,2,2.94
2308,92,1,2.63
2310,91,2,-0.6
2311,90,-6,-0.83
2312,89,-9,-1.06
2313,87,-1,-1.29
2315,86,7,-4.48
2316,85,3,-4.67
2317,84,2,-4.86
2318,84,4,-5.05
2320,83,4,-6.2
2321,83,1,-6.35
2322,82,33,-6.5
2323,82,23,-6.65
2325,82,11,-10.73
2326,82,4,-10.81
2327,82,3,-14.85
2328,82,-3,-14.89
2330,82,-1,-14.9
2331,83,2,-14.91
2332,83,-33,-14.92
2333,83,-28,-15.92
2335,84,-16,-15.88
2336,85,-9,-15.84
2337,86,24,-15.8
2338,86,29,-17.74
2340,87,17,-17.68
2341,88,-23,-17.62
2342,88,22,-17.56
2343,89,6,-22.45
2345,89,6,-22.29
2346,90,-22,-22.13
2347,90,-27,-21.92
2348,90,-13,-24.68
2350,90,-5,-24.44
2351,90,-5,-24.2
2352,90,-13,-23.96
2353,90,32,-24.68
2355,89,27,-24.4
2356,89,20,-24.12
2357,89,16,-23.84
2358,89,12,-25.54
2360,89,11,-25.25
2361,89,-7,-24.96
2362,90,-6,-24.67
2363,90,-29,-23.39
2365,90,-31,-23.11
2366,91,-12,-22.83
2367,91,-11,-22.55
2368,91,23,-26.23
2370,92,27,-25.86
2371,92,14,-25.49
2372,93,14,-25.12
2373,94,10,-25.74
2375,95,2,-25.35
2376,96,-9,-24.96
2377,98,-12,-24.57
2378,99,-28,-28.14
2380,100,-22,-27.71
2381,101,-9,-27.28
2382,102,-10,-26.85
2383,104,-4,-26.42
2385,105,-11,-25.96
2386,106,3,-25.5
2387,107,4,-25.04
2388,108,4,-26.56
2390,109,9,-26.1
2391,110,5,-25.64
2392,111,2,-25.18
2393,112,3,-23.73
2395,113,-8,-23.28
2396,114,2,-22.83
2397,115,0,-22.38
2398,115,2,-22.92
2400,116,2,-22.46
2401,116,3,-22
2402,117,2,-21.54
2403,117,2,-22.07
2405,117,1,-21.59
2406,118,5,-21.11
2407,118,0,-20.63
2408,119,2,-21.14
2410,119,2,-20.67
2411,120,1,-20.2
2412,120,1,-19.73
2413,121,-4,-21.24
2415,122,-4,-20.77
2416,123,1,-20.3
2417,123,4,-19.83
2418,124,7,-22.33
2420,124,1,-21.83
2421,125,2,-21.33
2422,125,-2,-20.83
2423,125,-10,-18.35
2425,125,-1,-17.89
2426,124,-1,-17.43
2427,124,-1,-16.97
2428,123,2,-19.48
2430,122,-2,-19.01
2431,121,2,-18.54
2432,119,1,-18.07
2433,118,4,-18.59
2435,117,7,-18.14
2436,116,-3,-17.69
2437,115,2,-17.24
2438,114,1,-17.78
2440,112,1,-17.35
2441,111,1,-16.92
2442,110,-4,-16.49
2443,108,28,-15.07
2445,107,20,-14.66
2446,105,10,-14.25
2447,104,9,-16.81
2448,103,4,-16.37
2450,102,-2,-15.97
2451,101,-4,-15.57
2452,99,-32,-18.18
2453,98,-23,-17.79
2455,97,-10,-17.4
2456,96,-12,-17.01
2457,94,25,-16.62
2458,93,31,-18.22
2460,91,20,-17.82
2461,89,17,-17.42
2462,88,7,-17.02
2463,86,1,-15.65
2465,84,-4,-15.28
2466,82,-5,-14.91
2467,80,-2,-14.54
2468,78,-35,-14.22
2470,76,-26,-13.9
2471,73,-10,-13.58
2472,71,-31,-13.26
2473,69,23,-11.98
2475,67,24,-11.7
2476,65,24,-11.42
2477,62,22,-11.14
2478,60,9,-16.81
2480,58,8,-16.48
2481,57,3,-16.15
2482,55,-2,-15.82
2483,53,-40,-14.52
2485,52,-32,-14.22
2486,51,-14,-13.92
2487,50,-8,-13.62
2488,49,20,-14.3
2490,49,22,-13.98
2491,50,20,-13.66
2492,50,14,-13.34
2493,51,6,-17.02
2495,52,4,-16.7
2496,54,0,-16.38
2497,56,-2,-16.06
2498,58,-29,-14.76
2500,61,-24,-14.46
2501,63,-9,-14.16
2502,67,-6,-13.86
2503,70,-12,-14.59
2505,73,35,-14.32
2506,77,24,-14.05
2507,81,-5,-13.78
2508,84,-14,-13.51
2510,87,-4,-13.24
2511,90,-10,-12.97
2512,93,-3,-12.7
2513,96,-9,-12.45
2515,99,-8,-12.2
2516,101,7,-11.95
2517,104,3,-11.7
2518,106,6,-13.42
2520,109,4,-13.14
2521,111,1,-12.86
2522,113,7,-12.58
2523,115,5,-14.29
2525,117,0,-14
2526,120,1,-13.71
2527,122,2,-13.42
2528,124,-1,-12.15
2530,126,2,-11.88
2531,128,-1,-11.61
2532,129,2,-11.34
2533,131,-4,-15.04
2535,132,0,-14.74
2536,134,0,-14.44
2537,135,1,-14.14
2538,137,-2,-12.87
2540,138,1,-12.6
2541,139,2,-12.33
2542,141,1,-12.06
2543,142,-2,-15.78
2545,143,-1,-15.5
2546,144,3,-15.22
2547,145,1,-14.94
2548,145,1,-15.63
2550,146,-1,-15.32
2551,147,2,-15.01
2552,148,-3,-14.7
2553,149,-2,-14.42
2555,150,3,-14.14
2556,150,0,-13.86
2557,151,0,-13.58
2558,151,1,-15.29
2560,152,8,-15
2561,152,2,-14.71
2562,152,-1,-14.42
2563,151,3,-15.13
2565,151,-3,-14.84
2566,150,-16,-14.55
2567,150,-1,-14.26
2568,149,2,-14.95
2570,148,3,-14.64
2571,146,-6,-14.33
2572,145,5,-14.05
2573,144,4,-15.75
2575,142,4,-15.45
2576,140,0,-15.15
2577,138,2,-14.88
2578,136,30,-15.6
2580,134,16,-15.32
2581,132,16,-16.03
2582,130,2,-15.74
2583,127,-4,-15.47
2585,125,4,-15.2
2586,123,3,-14.93
2587,120,-31,-15.65
2588,118,-28,-15.36
2590,115,-19,-15.07
2591,113,-1,-14.78
2592,110,31,-14.49
2593,108,22,-17.17
2595,106,14,-16.85
2596,104,15,-16.53
2597,103,8,-16.21
2598,101,6,-17.86
2600,100,1,-17.51
2601,99,-7,-17.16
2602,98,-6,-16.81
2603,97,-25,-17.51
2605,96,-30,-17.21
2606,96,-17,-16.91
2607,95,13,-16.61
2608,94,20,-19.27
2610,94,16,-18.93
2611,93,17,-18.59
2612,92,5,-18.25
2613,91,4,-20.89
2615,90,-1,-20.53
2616,89,-3,-20.17
2617,88,4,-19.81
2618,85,-26,-19.49
2620,83,-15,-19.17
2621,80,-24,-18.85
2622,77,3,-18.53
2623,74,31,-22.16
2625,73,1,-21.79
2626,71,8,-21.42
2627,71,9,-21.05
2628,72,2,-24.65
2630,75,-18,-24.25
2631,80,-13,-23.85
2632,85,-16,-23.45
2633,93,-6,-23.05
2635,103,-5,-22.65
2636,115,-6,-22.25
2637,129,-1,-21.85
2638,147,7,-23.43
2640,168,3,-23.01
2641,193,4,-22.59
2642,219,4,-22.17
2643,250,6,-23.75
2645,284,0,-23.33
2646,321,-10,-22.91
2647,359,2,-22.49
2648,397,2,-24.07
2650,434,2,-23.65
2651,471,1,-23.23
2652,506,1,-22.81
2653,538,0,-25.35
2655,566,3,-24.89
2656,591,-1,-24.43
2657,613,2,-23.97
2658,631,3,-24.54
2660,644,0,-24.11
2661,654,0,-23.68
2662,660,1,-23.25
2663,660,-10,-25.78
2665,655,1,-25.31
2666,646,1,-24.84
2667,633,-7,-24.37
2668,614,4,-26.91
2670,590,-9,-26.45
2671,562,4,-25.99
2672,531,9,-25.53
2673,497,3,-27.06
2675,462,8,-26.59
2676,425,2,-26.12
2677,388,-11,-25.65
2678,351,3,-26.17
2680,314,2,-25.69
2681,277,3,-25.21
2682,242,0,-24.73
2683,207,2,-24.27
2685,173,4,-23.81
2686,141,3,-23.35
2687,110,1,-22.89
2688,81,-1,-26.4
2690,53,-1,-25.91
2691,28,1,-25.42
2692,4,-1,-24.93
2693,-17,-2,-26.43
2695,-37,1,-25.93
2696,-55,-4,-25.43
2697,-72,35,-24.93
2698,-86,19,-28.41
2700,-98,12,-27.89
2701,-109,-1,-27.37
2702,-118,1,-25.86
2703,-125,1,-25.36
2705,-131,1,-24.86
2706,-136,-7,-24.37
2707,-140,-44,-26.85
2708,-142,-20,-26.33
2710,-143,-12,-25.81
2711,-144,-4,-25.29
2712,-144,28,-26.76
2713,-144,21,-26.23
2715,-142,25,-25.7
2716,-141,13,-25.17
2717,-138,13,-24.64
2718,-136,1,-28.1
2720,-134,2,-27.56
2721,-131,-6,-27.02
2722,-128,1,-26.48
2723,-125,-41,-24.97
2725,-123,-29,-24.46
2726,-120,-21,-23.95
2727,-117,20,-23.44
2728,-115,18,-28.88
2730,-112,17,-28.32
2731,-109,20,-27.76
2732,-107,14,-27.2
2733,-105,-2,-26.67
2735,-102,-7,-26.14
2736,-100,-32,-25.61
2737,-98,-26,-25.08
2738,-96,-16,-27.55
2740,-94,-5,-27.02
2741,-92,-4,-26.49
2742,-90,31,-25.96
2743,-88,33,-26.42
2745,-86,21,-25.88
2746,-84,17,-25.34
2747,-82,7,-24.8
2748,-81,8,-27.27
2750,-80,1,-26.74
2751,-78,-1,-26.21
2752,-77,-1,-25.68
2753,-77,-31,-27.17
2755,-76,-18,-26.66
2756,-75,-16,-26.15
2757,-74,-14,-25.64
2758,-74,-8,-29.09
2760,-73,3,-28.54
2761,-72,-1,-27.99
2762,-72,5,-27.44
2763,-71,1,-28.89
2765,-70,-3,-28.34
2766,-69,1,-27.79
2767,-68,2,-27.24
2768,-67,-1,-28.69
2770,-66,1,-28.14
2771,-65,4,-27.59
2772,-65,-2,-27.04
2773,-64,5,-27.5
2775,-64,0,-26.96
2776,-64,3,-26.42
2777,-63,-2,-25.88
2778,-63,-2,-31.31
2780,-63,0,-30.74
2781,-62,4,-30.17
2782,-62,0,-29.6
2783,-61,-7,-30.03
2785,-61,3,-29.46
2786,-60,1,-28.89
2787,-60,3,-28.32
2788,-59,-4,-30.75
2790,-59,-8,-30.18
2791,-59,3,-29.61
2792,-59,-1,-29.04
2793,-60,1,-31.47
2795,-60,4,-30.9
2796,-60,-4,-30.33
2797,-61,4,-29.76
2798,-61,1,-33.17
2800,-61,0,-32.58
2801,-62,4,-31.99
2802,-62,-2,-31.4
2803,-63,2,-33.79
2805,-63,-1,-33.18
2806,-63,0,-32.57
2807,-63,1,-31.96
2808,-64,-4,-34.32
2810,-64,6,-33.68
2811,-64,-6,-33.04
2812,-64,3,-32.4
2813,-64,4,-36.75
2815,-64,4,-36.1
2816,-64,1,-35.45
2817,-64,27,-34.8
2818,-64,35,-35.16
2820,-64,24,-34.52
2821,-64,10,-33.88
2822,-64,-3,-33.24
2823,-63,2,-34.62
2825,-63,-1,-34
2826,-63,-5,-33.38
2827,-63,-20,-32.75
2828,-63,-29,-35.09
2830,-62,-20,-34.43
2831,-62,-14,-33.77
2832,-62,-15,-36.11
2833,-62,17,-35.45
2835,-62,20,-34.79
2836,-62,11,-34.13
2837,-62,15,-32.5
2838,-61,3,-31.87
2840,-61,6,-31.24
2841,-61,1,-32.59
2842,-61,-29,-31.94
2843,-60,-23,-31.33
2845,-60,-18,-30.72
2846,-59,-6,-30.11
2847,-59,36,-28.51
2848,-58,16,-27.9
2850,-58,17,-27.29
2851,-58,13,-26.68
2852,-58,9,-20.13
2853,-58,5,-19.64
2855,-58,1,-19.15
2856,-58,-5,-18.66
2857,-58,2,-16.19
2858,-58,-30,-15.72
2860,-58,-24,-15.25
2861,-58,-17,-14.78
2862,-58,25,-8.37
2863,-58,20,-7.99
2865,-58,17,-7.61
2866,-58,6,-7.23
2867,-57,2,1.07
2868,-57,2,1.36
2870,-57,-5,1.65
2871,-57,-4,1.94
2872,-57,1,10.15
2873,-57,-34,10.33
2875,-57,-28,10.51
2876,-56,-7,10.69
2877,-56,-1,19.78
2878,-56,-3,19.85
2880,-56,0,19.92
2881,-55,4,19.99
2882,-55,8,29.96
2883,-55,3,29.89
2885,-55,1,29.82
2886,-55,0,29.75
2887,-55,0,41.56
2888,-55,2,41.35
2890,-54,4,41.14
2891,-54,4,40.93
2892,-55,-3,51.61
2893,-55,-3,51.27
2895,-55,2,50.93
2896,-55,3,50.59
2897,-55,-1,61.14
2898,-55,-6,60.68
2900,-55,2,60.22
2901,-55,3,59.76
2902,-56,-8,71.18
2903,-56,1,70.54
2905,-57,6,69.9
2906,-58,2,69.26
2907,-59,7,81.49
2908,-60,4,80.71
2910,-61,0,79.93
2911,-62,5,79.15
2912,-63,1,90.25
2913,-64,-1,89.32
2915,-65,0,88.39
2916,-65,-10,87.46
2917,-66,-6,99.4
2918,-67,0,98.31
2920,-67,4,97.22
2921,-68,2,96.13
2922,-68,8,103.95
2923,-69,-3,102.73
2925,-69,3,101.51
2926,-70,-1,100.29
2927,-71,3,113.92
2928,-71,2,112.52
2930,-71,-9,111.12
2931,-72,4,109.72
2932,-72,2,121.19
2933,-72,2,119.63
2935,-71,4,118.07
2936,-71,1,116.51
2937,-71,0,125.84
2938,-70,2,124.12
2940,-69,-2,122.4
2941,-68,40,120.68
2942,-67,31,130.84
2943,-66,23,128.99
2945,-64,7,127.14
2946,-63,8,125.29
2947,-61,0,134.33
2948,-60,-30,132.35
2950,-58,-26,130.37
2951,-56,-24,128.39
2952,-54,11,137.3
2953,-52,16,135.18
2955,-49,3,133.06
2956,-47,1,143.81
2957,-44,5,141.53
2958,-41,0,139.25
2960,-39,-1,136.97
2961,-36,-11,144.59
2962,-33,-24,142.22
2963,-30,-25,139.85
2965,-27,-13,137.48
2966,-24,-4,135.09
2967,-21,32,141.61
2968,-19,26,139.13
2970,-17,24,136.65
2971,-15,22,134.17
2972,-13,12,141.6
2973,-11,4,139.03
2975,-10,1,136.46
2976,-8,-11,133.89
2977,-6,-36,144.25
2978,-5,-29,141.61
2980,-3,-12,138.97
2981,-2,-10,136.33
2982,-1,27,140.64
2983,0,24,137.95
2985,0,20,135.26
2986,1,20,132.57
2987,2,4,138.85
2988,2,6,136.13
2990,3,0,133.41
2991,3,-4,130.69
2992,4,-34,136.96
2993,4,-28,134.23
2995,4,-18,131.5
2996,5,-18,128.77
2997,5,30,132.06
2998,6,18,129.35
3000,7,17,126.64
3001,7,12,123.93
3002,8,14,130.22
3003,8,-26,127.51
3005,9,-17,124.8
3006,9,-16,122.09
3007,10,-13,128.39
3008,10,-13,125.69
3010,10,-13,122.99
3011,10,-4,120.29
3012,9,3,122.66
3013,9,3,120.03
3015,9,4,117.4
3016,9,-4,114.77
3017,9,4,118.19
3018,9,-1,115.61
3020,9,8,113.03
3021,9,5,110.45
3022,9,4,112.93
3023,9,3,110.41
3025,9,-4,107.89
3026,10,3,105.37
3027,10,2,106.93
3028,9,-8,104.49
3030,9,4,102.05
3031,9,3,99.61
3032,9,-1,100.27
3033,9,2,97.93
3035,8,1,95.59
3036,8,1,93.25
3037,8,0,97.96
3038,7,-1,95.67
3040,7,-1,93.38
3041,6,4,91.09
3042,5,-1,88.93
3043,5,3,86.77
3045,4,-6,84.61
3046,4,3,82.45
3047,3,2,82.36
3048,2,2,80.27
3050,2,2,78.18
3051,1,-12,76.09
3052,0,4,76.13
3053,0,-1,74.17
3055,-2,3,72.21
3056,-3,2,70.25
3057,-5,3,68.42
3058,-7,2,66.59
3060,-9,1,64.76
3061,-11,-5,62.93
3062,-13,3,60.22
3063,-15,1,58.51
3065,-16,2,56.8
3066,-18,-11,55.09
3067,-20,0,54.49
3068,-22,4,52.89
3070,-24,4,51.29
3071,-26,3,49.69
3072,-28,22,47.21
3073,-31,21,45.73
3075,-33,18,44.25
3076,-35,10,39.8
3077,-37,-2,38.46
3078,-39,4,37.12
3080,-42,-6,35.78
3081,-44,-16,25.66
3082,-47,-32,24.54
3083,-49,-18,23.42
3085,-52,-14,22.3
3086,-54,-3,21.28
3087,-57,27,21.25
3088,-60,23,20.22
3090,-62,22,19.19
3091,-65,18,18.16
3092,-67,5,14.25
3093,-70,6,13.34
3095,-72,4,12.43
3096,-75,0,11.52
3097,-77,-25,7.74
3098,-79,-23,6.96
3100,-82,-29,6.18
3101,-84,-15,5.4
3102,-86,18,-2.18
3103,-87,22,-2.76
3105,-89,19,-3.34
3106,-90,16,-3.92
3107,-91,13,-10.37
3108,-91,6,-10.82
3110,-92,-2,-11.27
3111,-92,-10,-11.72
3112,-92,-19,-19.01
3113,-91,-27,-19.3
3115,-90,-15,-19.59
3116,-89,-13,-19.88
3117,-86,12,-23.05
3118,-84,21,-23.22
3120,-81,17,-23.39
3121,-78,14,-23.56
3122,-74,19,-28.62
3123,-71,9,-28.68
3125,-67,10,-28.74
3126,-63,-4,-28.8
3127,-58,-9,-33.72
3128,-54,-26,-33.64
3130,-50,-19,-33.56
3131,-46,-24,-33.48
3132,-41,-18,-40.24
3133,-37,-2,-40
3135,-33,0,-39.76
3136,-29,-3,-39.52
3137,-26,4,-42.2
3138,-22,5,-41.88
3140,-18,0,-41.56
3141,-15,7,-41.24
3142,-11,4,-45.81
3143,-8,9,-45.38
3145,-4,1,-44.95
3146,-1,2,-44.52
3147,1,-6,-48
3148,4,-6,-47.48
3150,7,3,-46.96
3151,9,3,-46.44
3152,11,-7,-48.85
3153,14,2,-48.26
3155,16,4,-47.67
3156,19,7,-47.08
3157,21,8,-49.43
3158,23,1,-48.78
3160,25,1,-48.13
3161,27,1,-47.48
3162,29,-2,-49.73
3163,31,-4,-48.98
3165,32,-3,-48.23
3166,34,1,-47.48
3167,35,5,-50.69
3168,37,0,-49.9
3170,38,-1,-49.11
3171,39,0,-48.32
3172,40,1,-54.44
3173,41,-1,-53.56
3175,42,-3,-52.68
3176,43,-1,-51.8
3177,44,2,-50.9
3178,45,-7,-50
3180,46,3,-49.1
3181,46,4,-48.2
3182,47,2,-50.27
3183,48,0,-49.34
3185,48,2,-48.41
3186,48,0,-47.48
3187,49,3,-49.53
3188,49,1,-48.58
3190,49,-1,-47.63
3191,49,1,-46.68
3192,49,31,-48.69
3193,49,20,-47.7
3195,49,21,-46.71
3196,49,15,-45.72
3197,49,4,-46.72
3198,48,5,-45.72
3200,47,-1,-44.72
3201,46,-10,-43.75
3202,45,-18,-46.74
3203,43,-24,-45.73
3205,42,-26,-44.72
3206,40,-20,-43.8
3207,38,-5,-40.9
3208,36,24,-40
3210,33,26,-39.1
3211,31,8,-41.17
3212,29,3,-40.23
3213,27,2,-39.29
3215,24,-1,-41.32
3216,22,-15,-40.35
3217,20,-32,-39.41
3218,18,-18,-38.47
3220,16,-7,-37.53
3221,14,1,-40.55
3222,13,17,-39.6
3223,12,27,-38.65
3225,11,-20,-37.7
3226,10,31,-36.75
3227,9,23,-41.81
3228,8,9,-40.87
3230,7,10,-39.93
3231,6,2,-38.99
3232,5,-11,-36.13
3233,4,-22,-35.27
3235,4,-20,-34.41
3236,3,-14,-33.55
3237,3,16,-38.7
3238,3,21,-37.85
3240,2,18,-37
3241,2,12,-36.15
3242,1,12,-34.34
3243,0,4,-33.53
3245,-2,-7,-32.72
3246,-3,-4,-31.91
3247,-5,-30,-33.13
3248,-5,-25,-32.35
3250,-5,-13,-31.57
3251,-4,-10,-30.79
3252,-1,-5,-35.01
3253,2,21,-34.23
3255,9,29,-33.45
3256,16,19,-32.67
3257,27,-16,-31.96
3258,41,-15,-31.25
3260,56,-12,-30.54
3261,74,-11,-29.83
3262,96,-10,-30.14
3263,122,-3,-29.45
3265,152,-5,-28.76
3266,184,8,-28.07
3267,220,2,-33.37
3268,259,5,-32.67
3270,300,4,-31.97
3271,342,3,-31.27
3272,384,2,-32.59
3273,425,2,-31.91
3275,465,1,-31.23
3276,503,0,-30.55
3277,537,-6,-33.86
3278,568,-2,-33.17
3280,595,2,-32.48
3281,618,0,-31.79
3282,636,4,-33.11
3283,649,2,-32.43
3285,658,0,-31.75
3286,664,5,-31.07
3287,662,9,-31.41
3288,654,0,-30.75
3290,641,-1,-30.09
3291,624,-1,-29.43
3292,601,-4,-32.77
3293,572,-1,-32.11
3295,539,-2,-31.45
3296,504,2,-30.79
3297,465,4,-32.18
3298,425,-1,-31.57
3300,384,4,-30.96
3301,342,-2,-30.35
3302,301,0,-28.75
3303,260,1,-28.15
3305,220,0,-27.55
3306,181,0,-26.95
3307,143,-11,-32.32
3308,106,1,-31.69
3310,71,1,-31.06
3311,38,3,-30.43
3312,7,2,-32.8
3313,-21,2,-32.17
3315,-48,1,-31.54
3316,-73,2,-29.92
3317,-96,0,-29.33
3318,-117,1,-28.74
3320,-135,-2,-28.15
3321,-152,0,-29.54
3322,-166,2,-28.95
3323,-179,0,-28.36
3325,-190,2,-27.77
3326,-199,0,-30.15
3327,-206,0,-29.57
3328,-212,35,-28.99
3330,-216,27,-28.41
3331,-220,15,-26.84
3332,-222,8,-26.25
3333,-223,-5,-25.66
3335,-223,-10,-27.05
3336,-223,-24,-26.47
3337,-222,-26,-25.89
3338,-221,-22,-25.31
3340,-219,-17,-24.76
3341,-216,-3,-28.17
3342,-214,30,-27.58
3343,-211,27,-26.99
3345,-208,20,-26.4
3346,-205,5,-30.8
3347,-201,9,-30.2
3348,-198,5,-29.6
3350,-195,0,-29
3351,-191,-10,-29.39
3352,-188,-7,-28.84
3353,-184,-22,-28.29
3355,-181,-18,-27.74
3356,-177,-10,-29.17
3357,-174,-9,-28.58
3358,-170,22,-27.99
3360,-167,21,-27.4
3361,-164,13,-30.77
3362,-160,14,-30.2
3363,-158,6,-29.63
3365,-155,4,-29.06
3366,-153,4,-31.46
3367,-151,-4,-30.85
3368,-149,-29,-30.24
3370,-147,-21,-29.63
3371,-146,-11,-30.01
3372,-145,-7,-29.41
3373,-144,24,-28.81
3375,-143,14,-28.21
3376,-141,12,-32.56
3377,-140,5,-31.96
3378,-139,-11,-31.36
3380,-138,-14,-30.76
3381,-137,-10,-32.14
3382,-136,-10,-31.52
3383,-135,-10,-30.9
3385,-133,-9,-30.28
3386,-132,-8,-30.65
3387,-131,2,-30.03
3388,-131,4,-29.41
3390,-130,4,-28.79
3391,-129,6,-31.14
3392,-128,2,-30.55
3393,-127,1,-29.96
3395,-125,3,-29.37
3396,-124,-4,-34.72
3397,-123,1,-34.09
3398,-122,0,-33.46
3400,-120,4,-32.83
3401,-119,1,-32.2
3402,-118,4,-31.61
3403,-117,-1,-31.02
3405,-116,0,-30.43
3406,-114,3,-33.8
3407,-113,-3,-33.19
3408,-113,-2,-32.58
3410,-112,0,-31.97
3411,-111,-10,-31.36
3412,-110,1,-30.76
3413,-109,-1,-30.16
3415,-108,0,-29.56
3416,-108,-1,-32.92
3417,-107,0,-32.32
3418,-106,5,-31.72
3420,-106,6,-31.12
3421,-105,-7,-33.49
3422,-105,4,-32.88
3423,-104,1,-32.27
3425,-104,4,-31.66
3426,-103,3,-35.01
3427,-103,5,-34.35
3428,-102,3,-33.69
3430,-102,2,-33.03
3431,-102,1,-33.36
3432,-102,1,-32.75
3433,-102,-1,-32.14
3435,-102,0,-31.53
3436,-101,1,-32.9
3437,-101,2,-32.3
3438,-101,-6,-31.7
3440,-101,2,-31.1
3441,-100,2,-33.46
3442,-100,3,-32.82
3443,-99,1,-32.18
3445,-99,1,-31.54
3446,-99,1,-32.9
3447,-99,1,-32.26
3448,-99,-2,-31.62
3450,-99,-1,-30.98
3451,-99,40,-35.32
3452,-100,31,-34.66
3453,-100,15,-34
3455,-100,16,-33.34
3456,-100,10,-35.64
3457,-101,1,-34.94
3458,-101,-37,-34.24
3460,-101,-35,-33.56
3461,-101,-17,-34.86
3462,-102,-11,-34.16
3463,-102,20,-33.46
3465,-103,5,-32.76
3466,-103,18,-34.08
3467,-103,13,-33.4
3468,-103,6,-32.72
3470,-103,3,-35.01
3471,-103,-23,-34.35
3472,-103,-26,-33.69
3473,-103,-20,-33.03
3475,-102,-8,-31.38
3476,-102,-3,-30.74
3477,-101,37,-30.1
3478,-100,30,-29.46
3480,-99,19,-28.82
3481,-98,16,-30.18
3482,-98,9,-29.54
3483,-97,-1,-28.9
3485,-96,0,-28.26
3486,-95,-4,-27.66
3487,-95,-6,-27.06
3488,-95,-27,-26.46
3490,-95,-18,-25.86
3491,-94,-15,-23.31
3492,-94,-19,-22.76
3493,-94,26,-22.21
3495,-94,17,-21.66
3496,-94,17,-20.13
3497,-94,9,-19.6
3498,-94,11,-19.07
3500,-95,7,-18.54
3501,-95,1,-16.08
3502,-95,-32,-15.62
3503,-95,-19,-15.16
3505,-96,-16,-14.7
3506,-96,-9,-13.27
3507,-96,-8,-12.84
3508,-97,-4,-12.41
3510,-97,-2,-11.98
3511,-97,6,-6.61
3512,-97,2,-6.24
3513,-97,1,-5.87
3515,-97,-2,-5.5
3516,-96,0,0.78
3517,-96,-2,1.06
3518,-96,1,1.34
3520,-95,1,1.62
3521,-95,0,5.8
3522,-94,2,5.98
3523,-93,-5,6.16
3525,-92,2,6.34
3526,-91,2,16.42
3527,-90,0,16.5
3528,-90,-1,16.58
3530,-89,-5,16.66
3531,-89,3,22.64
3532,-88,3,22.62
3533,-87,2,22.6
3535,-87,0,22.58
3536,-86,2,31.47
3537,-85,6,31.36
3538,-84,5,31.25
3540,-82,3,31.14
3541,-81,-8,38.91
3542,-79,-8,38.68
3543,-78,-9,38.45
3545,-76,-13,38.22
3546,-74,9,47.86
3547,-72,5,47.5
3548,-70,6,47.14
3550,-68,5,46.78
3551,-66,4,55.29
3552,-64,1,54.8
3553,-61,-1,54.31
3555,-59,0,53.82
3556,-56,1,62.23
3557,-54,-12,61.64
3558,-51,-1,61.05
3560,-49,2,60.46
3561,-46,3,69.75
3562,-43,1,69.04
3563,-40,4,68.33
3565,-37,3,67.62
3566,-34,5,72.82
3567,-31,3,72.02
3568,-28,0,71.22
3570,-25,2,70.42
3571,-22,41,79.5
3572,-19,36,78.58
3573,-16,19,77.66
3575,-13,20,76.74
3576,-10,5,84.68
3577,-8,-7,83.62
3578,-5,-38,82.56
3580,-2,-30,81.5
3581,0,-23,88.33
3582,1,-8,87.16
3583,4,15,85.99
3585,6,15,84.82
3586,8,18,93.53
3587,9,7,92.24
3588,11,-1,97.88
3590,13,-5,96.52
3591,14,-25,95.14
3592,15,-31,93.76
3593,17,-17,92.38
3595,18,-11,98.89
3596,19,0,97.4
3597,20,32,95.91
3598,21,25,94.42
3600,22,21,92.94
3601,23,15,99.38
3602,25,13,97.82
3603,26,-1,96.26
3605,27,2,94.7
3606,28,-3,100.05
3607,29,-22,98.4
3608,29,-27,96.75
3610,30,-22,95.1
3611,30,-8,102.36
3612,30,15,100.62
3613,30,25,98.88
3615,30,14,97.14
3616,30,19,100.37
3617,30,11,98.6
3618,30,2,96.83
3620,29,0,95.06
3621,29,-5,98.25
3622,29,-11,96.44
3623,28,-30,94.63
3625,28,-21,92.82
3626,27,-12,95.98
3627,27,-11,94.14
3628,26,26,92.3
3630,26,23,90.46
3631,25,20,93.58
3632,25,-17,91.7
3633,24,-15,89.82
3635,24,-11,87.94
3636,23,-8,91.06
3637,23,-9,89.18
3638,22,-8,87.3
3640,21,1,85.42
3641,21,6,89.54
3642,20,3,87.66
3643,19,1,85.78
3645,18,0,83.9
3646,17,0,82.06
3647,15,2,80.22
3648,14,3,78.38
3650,13,2,76.54
3651,11,-3,80.74
3652,10,1,78.94
3653,8,0,77.14
3655,7,3,75.34
3656,6,-2,77.56
3657,4,2,75.78
3658,3,-1,74
3660,2,2,72.22
3661,1,-1,71.52
3662,1,0,69.82
3663,0,-2,68.12
3665,0,-1,66.42
3666,0,2,64.8
3667,0,-13,63.18
3668,-1,0,61.56
3670,-2,2,59.94
3671,-2,5,62.38
3672,-3,5,60.82
3673,-4,4,59.26
3675,-5,4,57.7
3676,-6,8,54.25
3677,-7,-2,52.8
3678,-8,1,51.35
3680,-8,6,49.9
3681,-9,-2,47.55
3682,-10,0,46.2
3683,-10,-1,44.85
3685,-11,1,43.5
3686,-12,-2,40.27
3687,-12,6,39.04
3688,-13,-10,37.81
3690,-14,6,36.58
3691,-15,0,35.41
3692,-15,6,34.24
3693,-16,-2,33.07
3695,-17,0,31.9
3696,-18,-3,25.88
3697,-19,-2,24.86
3698,-20,1,23.84
3700,-21,1,22.82
3701,-22,0,19.91
3702,-24,1,19
3703,-25,-2,18.09
3705,-26,25,17.18
3706,-28,33,10.41
3707,-29,28,9.64
3708,-31,17,8.87
3710,-32,9,8.1
3711,-34,1,6.44
3712,-36,-16,5.78
3713,-38,-28,5.19
3715,-41,-24,4.6
3716,-43,-19,-3.91
3717,-45,2,-4.42
3718,-48,11,-4.93
3720,-50,7,-9.32
3721,-52,6,-9.71
3722,-54,9,-10.1
3723,-56,0,-15.44
3725,-58,-1,-15.78
3726,-60,-9,-16.04
3727,-62,-34,-16.3
3728,-64,-18,-16.56
3730,-65,-9,-21.77
3731,-66,-6,-21.91
3732,-67,36,-22.05
3733,-67,33,-22.19
3735,-67,20,-22.33
3736,-67,16,-27.33
3737,-66,10,-27.33
3738,-64,-5,-27.33
3740,-62,-6,-27.33
3741,-60,-11,-32.23
3742,-58,-23,-32.13
3743,-55,-24,-32.03
3745,-52,-17,-31.93
3746,-49,-10,-37.72
3747,-46,15,-37.51
3748,-43,27,-37.3
3750,-40,14,-37.09
3751,-37,13,-41.78
3752,-33,10,-41.47
3753,-30,-29,-41.16
3755,-27,-24,-40.85
3756,-23,-19,-44.45
3757,-20,-6,-44.05
3758,-17,-7,-43.65
3760,-14,-10,-43.25
3761,-12,6,-48.74
3762,-9,6,-48.23
3763,-6,1,-47.72
3765,-3,3,-47.21
3766,0,3,-52.58
3767,2,4,-51.95
3768,5,3,-51.32
3770,8,2,-50.69
3771,11,0,-52.04
3772,13,3,-51.39
3773,16,3,-50.74
3775,18,2,-50.09
3776,20,2,-55.32
3777,22,1,-54.55
3778,24,-1,-53.78
3780,26,-3,-53.01
3781,27,-11,-56.16
3782,29,0,-55.31
3783,31,5,-54.46
3785,32,5,-53.61
3786,33,3,-54.73
3787,34,1,-53.85
3788,35,-1,-52.97
3790,36,3,-52.09
3791,37,-1,-53.19
3792,38,0,-52.29
3793,38,1,-51.39
3795,38,2,-50.49
3796,39,-9,-54.5
3797,39,4,-53.51
3798,40,4,-52.52
3800,41,1,-51.53
3801,41,4,-53.53
3802,42,1,-52.53
3803,43,2,-51.53
3805,44,2,-50.53
3806,45,-3,-52.51
3807,45,-2,-51.49
3808,45,-1,-50.47
3810,45,2,-53.41
3811,45,0,-52.37
3812,45,3,-51.33
3813,44,-1,-50.29
3815,43,4,-53.21
3816,42,-8,-52.13
3817,41,5,-51.05
3818,40,2,-49.97
3820,39,2,-45.92
3821,37,-1,-44.92
3822,36,43,-43.92
3823,34,26,-42.92
3825,33,22,-47.86
3826,31,-5,-46.82
3827,29,-6,-45.78
3828,27,0,-46.72
3830,25,-3,-45.66
3831,23,-35,-44.66
3832,22,-28,-43.66
3833,20,-23,-42.66
3835,18,-9,-44.63
3836,17,-14,-43.61
3837,15,39,-42.59
3838,13,33,-41.57
3840,12,29,-43.52
3841,11,17,-42.55
3842,9,5,-41.58
3843,8,-1,-40.61
3845,7,-31,-43.64
3846,6,-39,-42.67
3847,5,-21,-41.7
3848,4,-10,-40.78
3850,3,-6,-42.83
3851,2,-3,-41.88
3852,0,40,-40.93
3853,0,35,-39.98
3855,-1,18,-39.08
3856,-1,13,-38.18
3857,-2,12,-37.28
3858,-2,5,-36.38
3860,-3,-5,-38.45
3861,-3,-7,-37.57
3862,-4,-27,-36.69
3863,-4,-34,-35.81
3865,-6,-20,-38.89
3866,-8,-11,-38.02
3867,-10,33,-37.15
3868,-12,27,-36.28
3870,-14,25,-37.39
3871,-15,9,-36.56
3872,-15,3,-35.73
3873,-15,-1,-34.9
3875,-13,-7,-38.03
3876,-8,-13,-37.21
3877,-2,-30,-36.39
3878,4,-24,-35.57
3880,14,-13,-36.73
3881,26,-9,-35.93
3882,41,-2,-35.13
3883,57,3,-34.33
3885,77,2,-35.51
3886,102,3,-34.75
3887,130,4,-33.99
3888,160,4,-33.23
3890,194,4,-33.46
3891,231,2,-32.75
3892,271,3,-32.04
3893,313,2,-31.33
3895,355,1,-33.59
3896,397,1,-32.87
3897,439,-7,-32.15
3898,481,4,-31.43
3900,518,-9,-33.68
3901,552,3,-32.99
3902,582,6,-32.3
3903,608,0,-31.61
3905,630,4,-30.92
3906,647,4,-30.27
3907,659,3,-29.62
3908,668,-3,-28.97
3910,670,0,-31.29
3911,665,0,-30.63
3912,656,-3,-29.97
3913,642,2,-29.31
3915,621,0,-32.61
3916,595,3,-31.93
3917,564,3,-31.25
3918,530,1,-30.57
3920,492,-2,-29.89
3921,453,1,-29.26
3922,411,-1,-28.63
3923,370,-1,-28
3925,327,-5,-31.33
3926,285,-1,-30.69
3927,243,2,-30.05
3928,202,3,-29.41
3930,163,2,-29.76
3931,124,2,-29.14
3932,88,3,-28.52
3933,53,1,-27.9
3935,21,-1,-29.3
3936,-9,2,-28.7
3937,-38,2,-28.1
3938,-65,0,-27.5
3940,-89,1,-28.92
3941,-111,2,-28.34
3942,-131,35,-27.76
3943,-149,27,-27.18
3945,-166,10,-28.55
3946,-180,0,-27.92
3947,-194,-1,-27.29
3948,-205,-1,-26.66
3950,-214,-8,-26.09
3951,-222,-36,-25.52
3952,-229,-23,-24.95
3953,-233,-15,-25.39
3955,-237,-16,-24.83
3956,-239,0,-24.27
3957,-239,26,-23.71
3958,-239,30,-23.15
3960,-238,23,-23.61
3961,-237,18,-23.07
3962,-234,3,-22.53
3963,-231,6,-21.99
3965,-228,10,-24.45
3966,-225,-3,-23.91
3967,-222,-30,-23.37
3968,-218,-31,-22.83
3970,-215,-18,-24.31
3971,-211,-13,-23.79
3972,-208,28,-23.27
3973,-205,23,-22.75
3975,-201,13,-21.27
3976,-198,18,-20.79
3977,-195,3,-20.31
3978,-191,-1,-19.83
3980,-188,-4,-23.31
3981,-184,-9,-22.79
3982,-181,-33,-22.27
3983,-178,-29,-21.75
3985,-175,-10,-25.22
3986,-172,-14,-24.69
3987,-169,34,-24.16
3988,-167,35,-23.63
3990,-164,25,-25.12
3991,-161,16,-24.61
3992,-159,10,-24.1
3993,-156,4,-23.59
3995,-154,-10,-25.08
3996,-152,-7,-24.57
3997,-149,-36,-24.06
3998,-147,-30,-23.55
4000,-145,-15,-25.06
4001,-143,-11,-24.57
4002,-142,21,-24.08
4003,-140,19,-23.59
4005,-139,-11,-21.14
4006,-137,20,-20.69
4007,-136,-5,-20.24
4008,-135,-19,-19.79
4010,-134,-17,-23.32
4011,-133,-5,-22.85
4012,-133,-3,-22.38
4013,-132,2,-21.91
4015,-132,0,-22.44
4016,-131,9,-21.97
4017,-130,4,-21.5
4018,-130,3,-21.03
4020,-129,-1,-21.58
4021,-128,2,-21.13
4022,-126,8,-20.68
4023,-125,0,-20.23
4025,-124,-3,-22.78
4026,-123,-1,-22.33
4027,-122,5,-21.88
4028,-121,1,-21.43
4030,-120,2,-22.96
4031,-119,2,-22.49
4032,-118,3,-22.02
4033,-118,2,-21.55
4035,-117,-1,-25.07
4036,-116,1,-24.59
4037,-116,3,-24.11
4038,-115,5,-23.63
4040,-114,-2,-24.18
4041,-114,-10,-23.73
4042,-114,-4,-23.28
4043,-113,-4,-22.83
4045,-113,2,-24.36
4046,-113,0,-23.89
4047,-113,-13,-23.42
4048,-113,5,-22.95
4050,-113,6,-26.48
4051,-113,7,-26.01
4052,-113,-2,-25.54
4053,-113,3,-25.07
4055,-114,0,-26.59
4056,-114,-1,-26.11
4057,-114,-7,-25.63
4058,-114,0,-25.15
4060,-115,1,-28.65
4061,-115,5,-28.15
4062,-115,2,-27.65
4063,-115,3,-27.15
4065,-115,5,-26.67
4066,-115,0,-26.19
4067,-116,3,-25.71
4068,-116,1,-25.23
4070,-116,-3,-28.73
4071,-116,-3,-28.23
4072,-116,0,-27.73
4073,-116,2,-27.23
4075,-116,4,-28.71
4076,-116,2,-28.19
4077,-116,25,-27.67
4078,-116,33,-27.16
4080,-115,24,-29.62
4081,-115,8,-29.08
4082,-114,8,-28.54
4083,-113,-2,-28
4085,-113,-20,-27.47
4086,-112,-36,-26.94
4087,-111,-27,-26.41
4088,-111,-16,-25.88
4090,-110,-9,-26.37
4091,-110,-7,-25.86
4092,-109,-1,-25.35
4093,-109,41,-24.84
4095,-109,19,-26.33
4096,-109,8,-25.82
4097,-109,1,-28.28
4098,-109,3,-27.74
4100,-110,-1,-27.19
4101,-110,-15,-26.64
4102,-111,-17,-26.09
4103,-111,-16,-26.53
4105,-112,-15,-26.01
4106,-112,-26,-25.49
4107,-112,38,-24.97
4108,-113,27,-24.45
4110,-113,-9,-20.01
4111,-114,22,-19.57
4112,-114,13,-19.13
4113,-115,6,-18.69
4115,-115,10,-16.29
4116,-116,-3,-15.89
4117,-116,-13,-15.49
4118,-117,-26,-15.09
4120,-117,-13,-12.73
4121,-117,-14,-12.37
4122,-118,16,-12.01
4123,-118,18,-11.65
4125,-118,22,-5.37
4126,-119,16,-5.09
4127,-119,14,-4.81
4128,-119,-24,-4.53
4130,-119,-21,-1.26
4131,-120,-19,-0.99
4132,-120,-12,-0.72
4133,-121,-5,-0.45
4135,-122,-5,6.71
4136,-122,1,6.87
4137,-122,10,7.03
4138,-122,2,7.19
4140,-122,2,12.29
4141,-122,6,12.39
4142,-122,2,12.49
4143,-122,1,12.59
4145,-122,-1,20.6
4146,-122,3,20.61
4147,-122,-12,20.62
4148,-122,-5,20.63
4150,-122,-1,30.51
4151,-123,5,30.39
4152,-123,0,30.27
4153,-123,0,30.15
4155,-123,5,33.97
4156,-124,2,33.79
4157,-124,5,33.61
4158,-124,4,33.43
4160,-124,1,41.13
4161,-123,1,40.83
4162,-123,-1,40.53
4163,-122,-1,40.23
4165,-122,1,53.78
4166,-122,-1,53.33
4167,-121,1,52.88
4168,-121,-3,52.43
4170,-121,1,60.87
4171,-120,3,60.31
4172,-120,0,59.75
4173,-119,2,59.19
4175,-118,4,68.49
4176,-117,-1,67.79
4177,-116,-2,67.09
4178,-114,7,66.39
4180,-112,0,73.59
4181,-110,-2,72.79
4182,-108,2,71.99
4183,-105,-3,71.19
4185,-103,3,79.26
4186,-100,-1,78.33
4187,-97,3,77.4
4188,-93,0,76.47
4190,-90,3,87.42
4191,-87,-11,86.37
4192,-84,-2,85.32
4193,-81,5,84.27
4195,-78,-1,90.11
4196,-76,2,88.95
4197,-73,0,87.79
4198,-70,0,86.63
4200,-68,13,92.38
4201,-65,34,91.13
4202,-63,31,89.88
4203,-60,16,88.63
4205,-58,8,97.25
4206,-55,4,95.87
4207,-53,-22,94.49
4208,-51,-32,93.11
4210,-49,-27,100.64
4211,-47,-18,99.17
4212,-45,6,97.7
4213,-43,18,96.23
4215,-41,11,103.66
4216,-39,15,102.09
4217,-37,10,108.44
4218,-35,-2,106.79
4220,-34,-1,105.12
4221,-32,-26,103.45
4222,-31,-27,101.75
4223,-30,-16,108.96
4225,-29,-22,107.17
4226,-28,-2,105.38
4227,-27,37,103.59
4228,-26,24,109.71
4230,-26,24,107.83
4231,-26,13,105.95
4232,-26,10,104.07
4233,-25,11,102.19
4235,-25,-1,106.29
4236,-25,-3,104.39
4237,-25,-19,102.49
4238,-25,-36,100.59
4240,-25,-12,105.64
4241,-25,-12,103.69
4242,-25,13,101.74
4243,-25,21,99.79
4245,-25,10,103.8
4246,-25,13,101.81
4247,-25,10,99.82
4248,-25,7,97.83
4250,-25,4,101.84
4251,-25,-8,99.85
4252,-26,-14,97.86
4253,-26,-24,95.87
4255,-27,-25,100.84
4256,-28,-13,98.81
4257,-28,-7,96.78
4258,-29,-3,94.75
4260,-30,8,96.75
4261,-30,0,94.75
4262,-31,7,92.75
4263,-31,7,90.75
4265,-32,3,91.77
4266,-33,8,89.79
4267,-33,1,87.81
4268,-34,-1,85.83
4270,-35,-2,89.87
4271,-36,4,87.91
4272,-37,1,85.95
4273,-38,-4,83.99
4275,-40,-3,85.1
4276,-41,-1,83.21
4277,-42,3,81.32
4278,-44,1,79.43
4280,-45,4,77.58
4281,-47,-2,75.73
4282,-48,2,73.88
4283,-50,3,72.03
4285,-51,0,76.2
4286,-53,2,74.37
4287,-54,3,72.54
4288,-56,2,70.71
4290,-57,2,70.01
4291,-59,-3,68.31
4292,-60,-1,66.61
4293,-61,2,64.91
4295,-63,2,65.28
4296,-64,0,63.65
4297,-65,-7,62.02
4298,-66,1,60.39
4300,-68,-1,58.86
4301,-69,1,57.33
4302,-71,0,55.8
4303,-72,-2,54.27
4305,-74,3,52.82
4306,-76,2,51.37
4307,-78,3,49.92
4308,-80,0,47.48
4310,-82,1,46.13
4311,-84,1,44.78
4312,-86,0,43.43
4313,-89,0,41.09
4315,-91,2,39.87
4316,-93,1,38.65
4317,-94,3,37.43
4318,-96,-1,34.23
4320,-98,-14,33.1
4321,-100,27,31.97
4322,-102,27,30.84
4323,-104,13,28.72
4325,-106,8,27.67
4326,-109,10,26.62
4327,-111,5,25.57
4328,-113,-25,19.57
4330,-115,-21,18.67
4331,-118,-13,17.77
4332,-120,-17,16.87
4333,-122,13,13
4335,-124,19,12.22
4336,-126,10,11.44
4337,-128,8,5.71
4338,-130,0,4.98
4340,-132,1,4.34
4341,-134,-12,3.7
4342,-136,-21,-3.79
4343,-138,-24,-4.28
4345,-141,-13,-4.77
4346,-143,-3,-5.26
4347,-145,30,-5.75
4348,-147,25,-8.13
4350,-149,23,-8.51
4351,-150,17,-8.89
4352,-151,13,-9.27
4353,-151,6,-15.51
4355,-151,4,-15.75
4356,-150,-12,-15.99
4357,-150,-7,-16.23
4358,-148,-24,-22.41
4360,-146,-23,-22.53
4361,-144,-13,-22.65
4362,-142,-16,-22.77
4363,-139,17,-28.83
4365,-135,19,-28.82
4366,-132,16,-28.81
4367,-128,8,-28.8
4368,-125,11,-32.75
4370,-121,2,-32.64
4371,-117,0,-32.53
4372,-113,-2,-32.42
4373,-109,-31,-40.23
4375,-105,-24,-39.98
4376,-101,-15,-39.73
4377,-97,-8,-39.48
4378,-93,-15,-42.2
4380,-89,20,-41.85
4381,-85,20,-41.5
4382,-82,-16,-41.15
4383,-78,-11,-45.75
4385,-74,0,-45.31
4386,-71,0,-44.87
4387,-68,0,-44.43
4388,-65,-3,-48.94
4390,-62,-1,-48.42
4391,-60,6,-47.9
4392,-58,-7,-47.38
4393,-56,8,-50.82
4395,-54,2,-50.2
4396,-52,7,-49.58
4397,-50,2,-48.96
4398,-48,4,-54.28
4400,-47,-1,-53.57
4401,-46,4,-52.86
4402,-45,-4,-52.15
4403,-44,7,-54.41
4405,-44,2,-53.67
4406,-43,2,-52.93
4407,-43,4,-52.19
4408,-43,-4,-56.4
4410,-42,3,-55.55
4411,-42,3,-54.7
4412,-41,0,-53.85
4413,-40,-2,-54.98
4415,-40,-10,-54.1
4416,-39,2,-53.22
4417,-38,0,-52.34
4418,-37,3,-55.42
4420,-36,-2,-54.48
4421,-35,6,-53.54
4422,-34,5,-52.6
4423,-33,0,-54.63
4425,-32,-2,-53.66
4426,-31,2,-52.69
4427,-31,4,-51.72
4428,-31,3,-55.7
4430,-30,3,-54.68
4431,-31,2,-53.66
4432,-31,0,-52.64
4433,-31,-7,-55.59
4435,-31,-3,-54.54
4436,-32,3,-53.49
4437,-32,2,-52.44
4438,-33,-1,-53.38
4440,-34,0,-52.32
4441,-35,3,-51.26
4442,-36,1,-50.2
4443,-38,0,-52.13
4445,-40,-1,-51.06
4446,-42,3,-49.99
4447,-44,-1,-48.92
4448,-46,1,-52.81
4450,-48,0,-51.7
4451,-51,2,-50.59
4452,-53,3,-49.48
4453,-55,-3,-51.39
4455,-57,0,-50.3
4456,-59,40,-49.21
4457,-61,27,-48.12
4458,-62,16,-52.01
4460,-63,15,-50.9
4461,-64,6,-49.79
4462,-65,1,-48.73
4463,-66,-34,-48.66
4465,-66,-39,-47.59
4466,-67,-26,-46.52
4467,-67,-8,-45.52
4468,-68,12,-47.49
4470,-68,17,-46.46
4471,-68,16,-45.43
4472,-68,6,-52.32
4473,-68,10,-51.23
4475,-68,2,-50.14
4476,-68,-35,-49.05
4477,-68,-20,-46.97
4478,-67,-13,-45.95
4480,-67,-6,-44.93
4481,-66,-7,-43.91
4482,-66,26,-42.89
4483,-66,23,-41.93
4485,-67,16,-40.97
4486,-68,18,-40.01
4487,-69,7,-39.05
4488,-70,5,-43.1
4490,-72,1,-42.15
4491,-74,4,-41.2
4492,-76,0,-40.25
4493,-77,-20,-42.31
4495,-77,-15,-41.37
4496,-75,-14,-40.43
4497,-72,-19,-39.49
4498,-67,23,-42.59
4500,-60,19,-41.69
4501,-52,16,-40.79
4502,-42,-17,-39.89
4503,-29,-8,-38.03
4505,-11,-16,-37.17
4506,7,-8,-36.31
4507,29,-24,-35.45
4508,55,-1,-40.58
4510,86,1,-39.71
4511,119,5,-38.84
4512,154,4,-37.97
4513,192,6,-39.13
4515,233,4,-38.29
4516,275,1,-37.45
4517,317,-5,-36.61
4518,357,3,-39.77
4520,395,3,-38.93
4521,431,4,-38.09
4522,464,-4,-37.25
4523,493,1,-39.44
4525,518,1,-38.63
4526,540,0,-37.82
4527,558,2,-37.01
4528,570,-9,-40.19
4530,576,0,-39.37
4531,577,1,-38.55
4532,574,-3,-37.73
4533,564,4,-37.95
4535,548,10,-37.17
4536,526,5,-36.39
4537,501,1,-35.61
4538,472,3,-36.83
4540,439,1,-36.05
4541,403,1,-35.27
4542,366,3,-34.49
4543,327,-1,-37.71
4545,288,1,-36.93
4546,248,-8,-36.15
4547,209,2,-35.37
4548,170,-8,-37.59
4550,132,2,-36.81
4551,95,4,-36.03
4552,59,-5,-35.25
4553,25,2,-36.5
4555,-7,3,-35.75
4556,-37,4,-35
4557,-66,3,-34.25
4558,-93,4,-38.49
4560,-118,-3,-37.73
4561,-141,1,-36.97
4562,-161,0,-36.21
4563,-180,0,-36.46
4565,-197,-1,-35.71
4566,-211,-2,-34.96
4567,-224,0,-34.21
4568,-235,4,-36.46
4570,-244,3,-35.71
4571,-252,0,-34.96
4572,-258,21,-34.21
4573,-263,35,-34.5
4575,-267,30,-33.79
4576,-269,9,-33.08
4577,-271,-2,-36.33
4578,-272,-5,-35.61
4580,-272,-5,-34.89
4581,-271,-20,-34.17
4582,-270,-29,-36.42
4583,-268,-21,-35.72
4585,-266,-9,-35.02
4586,-264,-6,-34.32
4587,-261,29,-33.62
4588,-259,26,-32.93
4590,-256,15,-32.24
4591,-253,15,-31.55
4592,-250,12,-30.86
4593,-247,-2,-33.17
4595,-244,-11,-32.48
4596,-241,-31,-31.79
4597,-238,-20,-31.18
4598,-235,-13,-34.53
4600,-231,-20,-33.88
4601,-228,-8,-33.23
4602,-225,28,-32.57
4603,-222,26,-33.89
4605,-219,24,-33.21
4606,-215,12,-32.53
4607,-212,8,-31.85
4608,-209,6,-34.14
4610,-207,4,-33.43
4611,-204,-5,-32.72
4612,-202,-11,-32.01
4613,-200,-25,-34.32
4615,-199,-23,-33.63
4616,-197,-18,-32.94
4617,-196,10,-32.25
4618,-195,26,-37.53
4620,-194,9,-36.81
4621,-192,16,-36.09
4622,-191,12,-35.37
4623,-190,6,-37.66
4625,-189,2,-36.95
4626,-188,-13,-36.24
4627,-188,-10,-35.53
4628,-187,-24,-36.79
4630,-186,-17,-36.05
4631,-186,-15,-35.31
4632,-185,-7,-34.57
4633,-184,-1,-38.84
4635,-183,1,-38.11
4636,-182,0,-37.38
4637,-181,2,-36.65
4638,-180,5,-39.9
4640,-179,2,-39.15
4641,-177,1,-38.4
4642,-176,4,-37.65
4643,-174,-11,-39.91
4645,-172,1,-39.17
4646,-171,5,-38.43
4647,-169,2,-37.69
4648,-167,0,-39.95
4650,-166,4,-39.21
4651,-165,2,-38.47
4652,-164,5,-37.73
4653,-164,0,-40.99
4655,-163,-2,-40.25
4656,-163,2,-39.51
4657,-162,1,-38.77
4658,-162,1,-42
4660,-161,1,-41.23
4661,-160,-1,-40.46
4662,-159,6,-39.69
4663,-159,5,-41.91
4665,-158,0,-41.13
4666,-157,-2,-40.35
4667,-157,0,-39.57
4668,-157,-1,-43.78
4670,-156,0,-42.99
4671,-156,-1,-42.2
4672,-156,-1,-41.41
4673,-156,3,-43.62
4675,-156,-10,-42.83
4676,-156,1,-42.04
4677,-155,7,-41.25
4678,-155,1,-46.42
4680,-155,2,-45.59
4681,-154,1,-44.76
4682,-154,1,-43.93
4683,-153,2,-46.12
4685,-152,-1,-45.31
4686,-152,-2,-44.5
4687,-151,1,-43.69
4688,-151,0,-48.83
4690,-151,-6,-47.97
4691,-151,0,-47.11
4692,-151,25,-46.25
4693,-151,37,-48.39
4695,-151,19,-47.53
4696,-151,3,-50.63
4697,-152,2,-49.73
4698,-152,-2,-48.84
4700,-153,-4,-47.95
4701,-154,-12,-47.06
4702,-155,-24,-53.14
4703,-155,-20,-52.22
4705,-156,-19,-51.3
4706,-157,-8,-50.38
4707,-158,25,-49.49
4708,-159,18,-48.6
4710,-159,21,-47.71
4711,-160,18,-46.82
4712,-161,7,-45.93
4713,-161,11,-50.98
4715,-161,-1,-50.03
4716,-162,-7,-49.08
4717,-162,-4,-48.13
4718,-162,-24,-49.19
4720,-162,-18,-48.25
4721,-161,-14,-47.31
4722,-161,3,-46.37
4723,-160,21,-48.44
4725,-160,2,-47.51
4726,-159,0,-46.58
4727,-158,24,-45.65
4728,-158,13,-44.74
4730,-157,6,-43.83
4731,-157,-1,-42.92
4732,-157,-12,-42.01
4733,-157,-26,-46.08
4735,-157,-20,-45.15
4736,-157,-17,-44.22
4737,-157,-4,-43.29
4738,-157,20,-39.42
4740,-157,16,-38.55
4741,-157,16,-37.68
4742,-158,11,-36.81
4743,-158,8,-36.99
4745,-158,4,-36.17
4746,-158,5,-35.35
4747,-158,-22,-34.53
4748,-158,-26,-30.77
4750,-158,-24,-30.01
4751,-158,-11,-29.25
4752,-158,11,-28.49
4753,-159,3,-23.79
4755,-159,32,-23.09
4756,-159,24,-22.39
4757,-159,21,-21.69
4758,-159,-14,-19.06
4760,-159,-25,-18.43
4761,-159,-21,-17.8
4762,-159,-16,-17.17
4763,-159,-10,-11.63
4765,-159,-5,-11.09
4766,-160,2,-10.55
4767,-160,3,-10.01
4768,-160,6,-4.55
4770,-160,4,-4.09
4771,-160,2,-3.63
4772,-160,2,-3.17
4773,-160,2,1.22
4775,-160,1,1.61
4776,-160,-1,2
4777,-160,1,2.39
4778,-160,0,10.66
4780,-160,-2,10.93
4781,-160,-1,11.2
4782,-160,6,11.47
4783,-159,4,15.66
4785,-158,-4,15.85
4786,-158,6,16.04
4787,-157,4,16.23
4788,-156,-2,24.31
4790,-155,-7,24.39
4791,-153,-4,24.47
4792,-152,-2,24.55
4793,-151,2,30.52
4795,-149,-1,30.49
4796,-147,3,30.46
4797,-144,1,40.33
4798,-142,-8,40.17
4800,-139,2,40.01
4801,-136,-3,39.85
4802,-133,1,47.61
4803,-130,-1,47.31
4805,-127,2,47.01
4806,-123,-1,46.71
4807,-120,5,55.32
4808,-117,2,54.9
4810,-113,2,54.48
4811,-110,3,54.06
4812,-107,2,61.56
4813,-104,-2,61
4815,-101,-9,60.44
4816,-97,-3,59.88
4817,-94,2,66.25
4818,-91,-1,65.59
4820,-88,5,64.93
4821,-85,2,64.23
4822,-82,5,72.44
4823,-79,4,71.65
4825,-75,2,70.86
4826,-73,-3,70.07
4827,-70,42,75.15
4828,-67,31,74.23
4830,-65,16,73.31
4831,-62,9,82.29
4832,-60,-8,81.27
4833,-58,-5,80.25
4835,-56,-6,79.23
4836,-54,-25,85.14
4837,-53,-29,84.05
4838,-51,-19,82.9
4840,-50,-5,81.75
4841,-48,-4,80.6
4842,-47,37,86.38
4843,-46,28,85.14
4845,-45,17,83.9
4846,-44,6,82.66
4847,-43,9,90.33
4848,-42,-3,88.97
4850,-42,0,87.61
4851,-41,-2,86.25
4852,-40,-30,91.82
4853,-40,-24,90.39
4855,-39,-20,88.96
4856,-38,-9,87.53
4857,-38,22,92.04
4858,-37,22,90.5
4860,-37,18,88.96
4861,-37,15,87.42
4862,-37,16,88.85
4863,-37,8,87.31
4865,-37,3,85.77
4866,-37,-8,84.23
4867,-38,-33,91.6
4868,-38,-30,89.96
4870,-39,-21,88.32
4871,-40,-15,86.68
4872,-40,28,88.01
4873,-41,25,86.37
4875,-42,17,84.73
4876,-43,6,83.09
4877,-44,9,89.37
4878,-44,-24,87.69
4880,-45,-22,86.01
4881,-46,-15,84.33
4882,-46,-15,85.62
4883,-47,-6,83.93
4885,-47,-4,82.24
4886,-47,-3,80.55
4887,-47,8,81.83
4888,-48,4,80.16
4890,-48,3,78.49
4891,-48,0,76.82
4892,-49,-1,82.08
4893,-49,4,80.39
4895,-49,-3,78.7
4896,-50,2,77.01
4897,-50,3,78.29
4898,-51,-1,76.61
4900,-51,0,74.93
4901,-51,2,73.25
4902,-52,4,75.53
4903,-52,2,73.89
4905,-53,1,72.25
4906,-54,2,70.61
4907,-55,3,68.97
4908,-56,2,67.37
4910,-57,1,65.77
4911,-58,0,64.17
4912,-58,-5,63.56
4913,-59,-1,62.03
4915,-60,2,60.5
4916,-60,-8,58.97
4917,-61,2,58.43
4918,-61,7,56.95
4920,-62,-1,55.47
4921,-62,2,53.99
4922,-63,9,49.64
4923,-63,-9,48.29
4925,-64,6,46.94
4926,-64,1,45.59
4927,-65,1,44.32
4928,-66,1,43.05
4930,-66,1,41.78
4931,-67,4,40.51
4932,-68,-4,39.33
4933,-69,-1,38.15
4935,-69,-2,36.97
4936,-70,-2,35.79
4937,-71,0,32.71
4938,-72,-2,31.63
4940,-73,-5,30.55
4941,-74,4,29.47
4942,-75,1,26.48
4943,-76,3,25.49
4945,-77,1,24.5
4946,-79,-2,23.51
4947,-80,2,20.63
4948,-82,3,19.75
4950,-84,36,18.87
4951,-86,34,17.99
4952,-88,19,10.24
4953,-90,17,9.49
4955,-92,6,8.74
4956,-93,2,8.09
4957,-95,-35,5.46
4958,-97,-31,4.83
4960,-99,-20,4.2
4961,-101,-18,3.64
4962,-103,29,0.11
4963,-105,19,-0.42
4965,-107,9,-0.95
4966,-108,12,-6.43
4967,-110,6,-6.84
4968,-111,-3,-7.25
4970,-112,-1,-7.66
4971,-113,-31,-14.01
4972,-113,-24,-14.27
4973,-114,-15,-14.53
4975,-114,-24,-14.79
4976,-114,-6,-15.05
4977,-114,35,-17.22
4978,-113,29,-17.39
4980,-111,22,-17.56
4981,-109,15,-17.73
4982,-106,10,-22.79
4983,-103,7,-22.85
4985,-99,6,-22.91
4986,-95,-1,-22.97
4987,-91,-28,-30.92
4988,-87,-28,-30.87
4990,-83,-22,-30.82
4991,-79,-14,-30.77
4992,-76,34,-35.58
4993,-72,25,-35.39
4995,-69,15,-35.2
4996,-66,13,-35.01
4997,-64,5,-39.74
4998,-61,-6,-39.47
5000,-59,-7,-39.2
5001,-57,-38,-38.93
5002,-55,-22,-40.56
5003,-52,-18,-40.19
5005,-50,-14,-39.82
5006,-48,-6,-39.45
5007,-46,-1,-43.01
5008,-44,1,-42.57
5010,-42,2,-42.13
5011,-40,12,-41.69
5012,-37,7,-47.16
5013,-34,0,-46.63
5015,-32,5,-46.1
5016,-29,-3,-45.57
5017,-26,0,-48.93
5018,-24,2,-48.29
5020,-21,-3,-47.65
5021,-19,5,-47.01
5022,-17,7,-48.32
5023,-14,1,-47.63
5025,-12,5,-46.94
5026,-10,-8,-46.25
5027,-8,-1,-52.45
5028,-7,-11,-51.65
5030,-5,2,-50.85
5031,-4,7,-50.05
5032,-2,0,-50.24
5033,-1,1,-49.43
5035,0,2,-48.62
5036,0,6,-47.81
5037,1,1,-51.94
5038,2,-3,-51.07
5040,4,0,-50.2
5041,6,-2,-49.33
5042,7,3,-53.4
5043,9,2,-52.47
5045,11,-2,-51.54
5046,12,-5,-50.61
5047,14,4,-50.7
5048,15,2,-49.79
5050,16,2,-48.88
5051,17,3,-47.97
5052,17,1,-50.03
5053,18,8,-49.09
5055,18,2,-48.15
5056,18,0,-47.21
5057,18,-18,-50.23
5058,18,2,-49.25
5060,18,-1,-48.27
5061,18,4,-47.29
5062,17,2,-48.31
5063,17,3,-47.33
5065,16,0,-46.35
5066,15,3,-45.37
5067,14,1,-46.39
5068,12,1,-45.41
5070,11,-10,-44.43
5071,9,45,-43.45
5072,7,29,-46.45
5073,6,18,-45.45
5075,4,8,-44.45
5076,2,9,-43.45
5077,0,-15,-41.53
5078,0,-36,-40.61
5080,-2,-23,-39.69
5081,-3,-17,-38.77
5082,-4,-10,-40.84
5083,-5,19,-39.91
5085,-6,21,-38.98
5086,-7,2,-42.01
5087,-8,11,-41.07
5088,-8,7,-40.13
5090,-9,2,-39.19
5091,-9,-6,-38.3
5092,-10,-32,-37.41
5093,-10,-22,-36.52
5095,-10,-19,-35.63
5096,-10,-16,-37.77
5097,-10,28,-36.91
5098,-9,17,-36.05
5100,-8,23,-35.19
5101,-7,13,-34.33
5102,-7,10,-34.48
5103,-6,5,-33.63
5105,-6,6,-32.78
5106,-6,3,-31.93
5107,-7,-16,-35.09
5108,-9,-43,-34.25
5110,-11,-17,-33.41
5111,-14,-9,-32.57
5112,-17,15,-28.84
5113,-19,27,-28.11
5115,-21,26,-27.38
5116,-23,17,-26.65
5117,-23,15,-28.94
5118,-21,7,-28.23
5120,-19,3,-27.52
5121,-15,-1,-26.81
5122,-10,-17,-28.13
5123,-2,-23,-27.45
5125,6,-24,-26.77
5126,16,-13,-26.09
5127,31,-14,-25.43
5128,48,24,-24.77
5130,69,14,-24.11
5131,91,19,-23.45
5132,118,-15,-24.81
5133,147,-12,-24.17
5135,179,-4,-23.53
5136,213,-9,-22.89
5137,247,-6,-22.31
5138,282,1,-21.73
5140,316,-1,-21.15
5141,350,4,-20.57
5142,380,3,-22.01
5143,409,1,-21.45
5145,434,0,-20.89
5146,457,0,-20.33
5147,477,3,-18.8
5148,494,2,-18.27
5150,508,2,-17.74
5151,520,6,-17.21
5152,527,2,-19.72
5153,530,-5,-19.23
5155,528,-2,-18.74
5156,523,0,-18.25
5157,513,3,-15.79
5158,497,-2,-15.33
5160,478,-1,-14.87
5161,455,2,-14.41
5162,430,1,-15.98
5163,402,0,-15.55
5165,373,-2,-15.12
5166,343,1,-14.69
5167,312,1,-13.32
5168,281,-1,-12.95
5170,249,1,-12.58
5171,219,2,-12.21
5172,189,6,-12.84
5173,159,0,-12.47
5175,131,-1,-12.1
5176,104,-7,-11.73
5177,78,1,-11.39
5178,54,-1,-11.05
5180,31,-4,-10.71
5181,9,0,-10.37
5182,-10,1,-9.08
5183,-28,3,-8.79
5185,-44,0,-8.5
5186,-59,-6,-8.21
5187,-72,3,-5.96
5188,-84,1,-5.71
5190,-94,1,-5.46
5191,-103,-8,-5.21
5192,-111,4,-6.96
5193,-117,4,-6.71
5195,-123,6,-6.46
5196,-127,1,-6.21
5197,-130,2,-6.99
5198,-133,3,-6.77
5200,-134,-2,-6.55
5201,-134,0,-6.33
5202,-134,17,-6.1
5203,-133,22,-5.87
5205,-131,14,-5.64
5206,-129,-1,-4.42
5207,-127,2,-4.23
5208,-124,0,-4.04
5210,-121,-3,-4.84
5211,-117,-11,-4.68
5212,-114,-27,-4.52
5213,-111,-26,-4.36
5215,-107,-8,-4.2
5216,-104,-8,-4.04
5217,-100,23,-3.88
5218,-97,24,-3.72
5220,-93,21,-3.56
5221,-90,16,-3.43
5222,-87,17,-3.3
5223,-83,2,-3.17
5225,-80,2,-3.04
5226,-77,1,-2.91
5227,-74,-11,-2.79
5228,-70,-31,-2.67
5230,-67,-16,-2.55
5231,-64,-15,-2.43
5232,-62,-5,-3.34
5233,-59,18,-3.25
5235,-56,15,-3.16
5236,-54,12,-3.07
5237,-51,12,-1.96
5238,-49,9,-1.85
5240,-47,7,-1.74
5241,-45,3,-1.63
5242,-43,-12,-3.53
5243,-41,-20,-3.43
5245,-39,-20,-3.33
5246,-38,-9,-3.23
5247,-36,16,-2.16
5248,-34,20,-2.09
5250,-33,15,-2.02
5251,-32,25,-1.95
5252,-30,7,-2.87
5253,-29,-34,-2.79
5255,-28,-24,-2.71
5256,-28,-15,-2.63
5257,-27,-9,-3.56
5258,-26,-5,-3.49
5260,-25,-5,-3.42
5261,-24,-4,-3.35
5262,-23,2,-2.29
5263,-22,0,-2.23
5265,-21,5,-2.17
5266,-20,-1,-2.11
5267,-20,2,-2.07
5268,-19,5,-2.03
5270,-18,0,-1.99
5271,-17,-1,-1.95
5272,-16,3,-4.87
5273,-16,-3,-4.79
5275,-15,3,-4.71
5276,-14,4,-4.63
5277,-13,5,-1.61
5278,-12,2,-1.59
5280,-12,1,-1.57
5281,-11,0,-1.55
5282,-11,8,-4.48
5283,-10,8,-4.41
5285,-9,-1,-4.34
5286,-9,1,-4.27
5287,-8,-4,-5.21
5288,-8,-5,-5.15
5290,-8,-3,-5.09
5291,-8,-1,-5.03
5292,-8,-11,-4.96
5293,-8,8,-4.89
5295,-9,-8,-4.82
5296,-9,-1,-4.75
5297,-9,5,-4.69
5298,-9,-2,-4.63
5300,-9,-1,-4.57
5301,-9,4,-4.51
5302,-9,2,-4.45
5303,-8,2,-4.39
5305,-8,-23,-4.33
5306,-7,5,-7.24
5307,-7,7,-7.14
5308,-7,2,-7.04
5310,-6,3,-6.94
5311,-6,6,-7.83
5312,-6,2,-7.7
5313,-6,4,-7.57
5315,-6,-1,-7.44
5316,-7,-9,-5.33
5317,-7,2,-5.24
5318,-7,3,-5.15
5320,-7,4,-5.06
5321,-6,5,-6.95
5322,-6,1,-6.85
5323,-6,35,-6.75
5325,-6,24,-6.65
5326,-5,-11,-7.54
5327,-5,28,-7.43
5328,-5,-1,-7.32
5330,-5,0,-7.21
5331,-5,-26,-6.1
5332,-5,-25,-5.99
5333,-5,-21,-5.88
5335,-5,-9,-5.78
5336,-5,3,-5.68
5337,-5,28,-5.58
5338,-5,12,-5.48
5340,-5,19,-5.38
5341,-4,10,-6.27
5342,-4,-15,-6.16
5343,-4,-22,-6.05
5345,-3,-28,-5.94
5346,-3,-9,-3.85
5347,-3,-10,-3.76
5348,-2,-2,-3.67
5350,-2,2,-3.58
5351,-2,6,0.47
5352,-1,-14,0.52
5353,0,34,0.57
5355,0,29,0.62
5356,0,22,4.63
5357,0,12,4.63
5358,1,15,4.63
5360,1,1,4.63
5361,2,7,9.58
5362,2,-2,9.54
5363,2,-31,9.5
5365,2,-25,9.46
5366,3,-12,15.36
5367,3,-18,15.24
5368,2,21,15.12
5370,2,12,15
5371,2,11,18.84
5372,2,12,18.69
5373,1,9,18.54
5375,1,8,18.39
5376,1,5,25.17
5377,0,1,24.94
5378,0,-25,24.71
5380,0,-22,24.48
5381,0,-14,35.14
5382,0,-21,34.79
5383,0,-5,34.44
5385,0,-14,34.09
5386,0,8,39.68
5387,0,7,39.28
5388,0,4,38.88
5390,0,1,38.48
5391,0,6,46.99
5392,-1,0,46.5
5393,-1,7,46.01
5395,-1,3,45.52
5396,-1,2,55.92
5397,-2,4,55.29
5398,-2,1,54.66
5400,-2,0,54.03
5401,-2,0,63.3
5402,-3,-14,62.6
5403,-3,-1,61.9
5405,-3,5,61.2
5406,-3,4,74.36
5407,-3,-1,73.49
5408,-3,0,72.62
5410,-3,-1,71.75
5411,-3,2,80.78
5412,-2,1,79.8
5413,-1,0,78.82
5415,0,3,77.84
5416,1,1,87.75
5417,3,1,86.66
5418,5,-2,85.57
5420,7,0,84.48
5421,9,3,91.31
5422,12,-5,90.14
5423,15,3,88.97
5425,18,-2,87.8
5426,21,4,98.51
5427,24,-1,97.22
5428,27,7,95.93
5430,30,-4,94.64
5431,34,0,105.2
5432,38,0,103.76
5433,42,-5,102.32
5435,46,-9,100.88
5436,50,-8,111.31
5437,53,2,109.74
5438,57,7,108.17
5440,61,5,106.6
5441,65,5,114.95
5442,68,11,113.3
5443,71,43,111.65
5445,75,10,110
5446,77,3,117.24
5447,80,3,115.48
5448,83,2,113.72
5450,85,-2,119.88
5451,87,-20,118.03
5452,89,-29,116.18
5453,91,-15,114.33
5455,93,-12,123.37
5456,95,-2,121.42
5457,97,30,119.47
5458,99,20,117.52
5460,101,22,115.57
5461,102,14,123.52
5462,104,8,121.47
5463,105,0,119.42
5465,107,-2,117.37
5466,108,-7,126.2
5467,108,-3,124.03
5468,109,-27,121.86
5470,109,-25,119.69
5471,110,-12,125.46
5472,110,-18,123.23
5473,110,20,121
5475,110,16,118.77
5476,110,20,123.51
5477,110,16,121.25
5478,110,12,118.99
5480,110,7,116.73
5481,110,5,122.43
5482,110,-7,120.13
5483,109,-26,117.83
5485,109,-25,115.53
5486,108,-13,122.19
5487,108,-14,119.85
5488,107,21,117.51
5490,106,16,115.17
5491,106,17,117.84
5492,105,19,115.51
5493,104,6,113.18
5495,103,6,110.85
5496,103,3,115.49
5497,102,0,113.13
5498,101,-23,110.77
5500,100,-23,108.41
5501,99,-14,111.07
5502,98,23,108.73
5503,97,24,106.39
5505,96,19,104.05
5506,95,-17,107.76
5507,94,-15,105.47
5508,92,-15,103.18
5510,91,-18,100.89
5511,90,-10,102.62
5512,88,-8,100.35
5513,87,0,98.08
5515,85,4,95.81
5516,84,1,97.59
5517,82,1,95.37
5518,81,2,93.15
5520,79,1,90.93
5521,77,-5,94.76
5522,76,1,92.59
5523,74,-10,90.42
5525,72,12,88.25
5526,70,2,87.17
5527,69,-9,85.09
5528,67,2,83.01
5530,66,6,80.93
5531,65,6,78.99
5532,64,7,77.05
5533,63,-5,75.11
5535,62,1,73.17
5536,61,3,74.3
5537,60,-2,72.43
5538,59,1,70.56
5540,58,5,68.69
5541,57,-7,65.94
5542,56,-3,64.19
5543,55,-2,62.44
5545,53,4,60.69
5546,52,7,61
5547,50,1,59.31
5548,48,2,57.62
5550,46,5,55.93
5551,44,2,58.32
5552,42,-1,56.71
5553,40,-2,55.1
5555,37,-1,53.49
5556,35,1,49.03
5557,33,2,47.57
5558,31,-2,46.11
5560,28,-3,44.65
5561,26,0,42.32
5562,24,2,40.99
5563,22,3,39.66
5565,21,2,38.33
5566,19,2,34.13
5567,17,2,32.93
5568,15,2,31.73
5570,13,-11,30.53
5571,11,0,26.45
5572,9,-1,25.37
5573,7,1,24.29
5575,5,3,23.29
5576,2,0,21.3
5577,0,19,20.31
5578,-1,25,19.32
5580,-3,21,18.44
5581,-5,1,11.62
5582,-8,-1,10.8
5583,-10,1,6.02
5585,-13,-8,5.24
5586,-15,-15,4.56
5587,-18,-33,3.88
5588,-21,-15,3.2
5590,-23,-24,-0.45
5591,-26,1,-0.99
5592,-29,38,-1.53
5593,-32,34,-2.07
5595,-34,21,-2.61
5596,-37,19,-8.02
5597,-39,12,-8.43
5598,-40,1,-8.84
5600,-42,-3,-9.25
5601,-43,-6,-12.56
5602,-43,-22,-12.87
5603,-43,-31,-13.18
5605,-43,-21,-13.49
5606,-42,-18,-19.66
5607,-41,2,-19.83
5608,-39,9,-20
5610,-37,4,-20.17
5611,-34,2,-25.2
5612,-31,24,-25.23
5613,-28,19,-25.26
5615,-25,8,-25.29
5616,-22,0,-31.21
5617,-18,-10,-31.13
5618,-15,-23,-31.05
5620,-11,-14,-30.97
5621,-7,-16,-35.77
5622,-3,6,-35.57
5623,0,18,-35.37
5625,3,11,-35.17
5626,7,21,-40.86
5627,11,9,-40.55
5628,14,-17,-40.24
5630,17,-13,-39.93
5631,21,-15,-44.51
5632,24,-12,-44.09
5633,26,-6,-43.67
5635,29,-7,-43.25
5636,31,1,-47.74
5637,34,0,-47.23
5638,36,4,-46.72
5640,38,3,-46.21
5641,41,4,-48.63
5642,43,6,-48.05
5643,45,4,-47.47
5645,47,4,-46.89
5646,49,5,-50.21
5647,51,-1,-49.53
5648,52,-2,-48.85
5650,54,0,-48.17
5651,55,3,-49.46
5652,56,2,-48.75
5653,57,-2,-48.04
5655,58,1,-47.33
5656,59,4,-49.59
5657,60,-3,-48.85
5658,60,0,-48.11
5660,61,-2,-47.37
5661,61,3,-49.57
5662,62,-3,-48.77
5663,63,-5,-47.97
5665,63,4,-47.17
5666,64,2,-48.36
5667,64,4,-47.55
5668,65,3,-46.74
5670,65,-10,-45.93
5671,65,0,-50.05
5672,66,7,-49.17
5673,66,0,-48.29
5675,66,4,-47.41
5676,66,1,-48.47
5677,66,5,-47.53
5678,65,3,-46.59
5680,65,0,-45.65
5681,65,0,-51.67
5682,65,4,-50.69
5683,64,-4,-49.71
5685,64,29,-48.73
5686,64,32,-44.79
5687,63,21,-43.85
5688,63,11,-42.91
5690,63,5,-41.97
5691,62,-6,-48.98
5692,61,-13,-47.99
5693,59,-37,-47
5695,58,-27,-46.01
5696,56,-19,-45.05
5697,54,-5,-44.09
5698,52,-8,-43.13
5700,50,1,-42.17
5701,47,-6,-45.18
5702,45,7,-44.19
5703,43,4,-43.2
5705,40,4,-42.21
5706,38,6,-43.26
5707,36,2,-42.31
5708,34,1,-41.4
5710,32,5,-40.49
5711,31,-9,-46.51
5712,29,17,-45.53
5713,28,27,-44.55
5715,27,24,-43.6
5716,26,12,-41.66
5717,25,13,-40.72
5718,24,3,-39.78
5720,23,-5,-38.84
5721,22,-8,-40.92
5722,22,-13,-40
5723,22,-29,-39.08
5725,21,-30,-38.16
5726,21,-19,-43.21
5727,21,6,-42.26
5728,21,22,-41.31
5730,21,20,-40.36
5731,20,14,-39.47
5732,19,12,-38.58
5733,17,6,-38.68
5735,15,0,-37.78
5736,13,-18,-36.93
5737,11,-41,-36.08
5738,9,-16,-35.23
5740,8,-7,-36.36
5741,9,0,-35.55
5742,11,34,-34.74
5743,14,29,-33.93
5745,17,17,-33.12
5746,23,14,-34.34
5747,30,8,-33.56
5748,39,0,-32.78
5750,49,-3,-32
5751,62,-4,-35.24
5752,78,-12,-34.48
5753,97,-29,-33.72
5755,117,-17,-32.96
5756,141,-7,-34.23
5757,170,-2,-33.5
5758,201,-2,-32.77
5760,234,-5,-32.04
5761,270,0,-38.29
5762,309,-9,-37.54
5763,349,6,-36.79
5765,390,5,-36.04
5766,429,3,-34.33
5767,467,6,-33.62
5768,502,3,-32.91
5770,535,0,-32.2
5771,563,1,-35.49
5772,588,3,-34.78
5773,609,-1,-34.07
5775,626,4,-33.36
5776,638,-1,-34.65
5777,645,-1,-33.94
5778,648,-8,-33.23
5780,647,-3,-32.52
5781,639,2,-34.81
5782,625,-3,-34.1
5783,607,3,-33.39
5785,585,-4,-32.68
5786,558,7,-32.99
5787,526,-3,-32.3
5788,491,9,-31.61
5790,453,2,-30.92
5791,414,1,-33.22
5792,374,3,-32.52
5793,334,0,-31.82
5795,294,1,-31.12
5796,254,-9,-32.45
5797,215,-3,-31.78
5798,177,-1,-31.11
5800,140,-1,-32.42
5801,105,1,-31.75
5802,71,4,-31.08
5803,39,5,-30.41
5805,10,4,-33.7
5806,-17,-1,-33.06
5807,-43,-6,-32.42
5808,-67,-9,-31.78
5810,-89,7,-31.14
5811,-109,-1,-30.47
5812,-127,3,-29.8
5813,-143,0,-29.13
5815,-156,0,-30.44
5816,-168,5,-29.83
5817,-179,-1,-29.22
5818,-188,4,-28.61
5820,-195,36,-28.99
5821,-200,28,-28.37
5822,-205,18,-27.75
5823,-208,13,-27.13
5825,-210,5,-28.49
5826,-211,4,-27.89
5827,-211,-33,-27.29
5828,-211,-37,-26.69
5830,-210,-22,-28.07
5831,-208,-26,-27.47
5832,-206,18,-26.87
5833,-203,21,-26.27
5835,-200,21,-29.63
5836,-197,15,-29.06
5837,-193,6,-28.49
5838,-189,-1,-26.93
5840,-185,2,-26.37
5841,-181,-18,-25.8
5842,-176,-33,-25.23
5843,-172,-19,-24.66
5845,-168,-4,-32.01
5846,-163,-19,-31.39
5847,-159,21,-30.77
5848,-155,32,-30.15
5850,-151,21,-29.53
5851,-147,12,-28.97
5852,-144,11,-28.41
5853,-141,12,-27.85
5855,-138,3,-29.27
5856,-135,4,-28.69
5857,-133,-25,-28.11
5858,-130,-46,-27.54
5860,-128,-17,-31.92
5861,-126,-6,-31.3
5862,-124,32,-30.68
5863,-122,28,-30.06
5865,-120,14,-29.46
5866,-118,13,-28.86
5867,-116,16,-28.26
5868,-114,7,-27.66
5870,-113,-3,-30.03
5871,-112,-9,-29.42
5872,-111,-25,-28.81
5873,-110,-27,-28.2
5875,-109,-34,-30.56
5876,-108,-11,-29.96
5877,-107,23,-29.36
5878,-106,22,-28.76
5880,-104,-5,-29.15
5881,-103,-11,-28.56
5882,-102,-6,-27.97
5883,-101,-15,-27.38
5885,-100,-6,-29.76
5886,-99,-4,-29.21
5887,-98,0,-28.66
5888,-97,6,-28.11
5890,-97,0,-27.56
5891,-96,1,-27
5892,-95,5,-26.44
5893,-95,-15,-25.88
5895,-94,6,-27.3
5896,-94,4,-26.76
5897,-93,10,-26.22
5898,-93,3,-25.68
5900,-92,7,-27.12
5901,-92,1,-26.58
5902,-92,3,-26.04
5903,-92,10,-25.5
5905,-91,1,-25.95
5906,-91,-3,-25.43
5907,-90,-8,-24.91
5908,-90,2,-24.39
5910,-89,-4,-27.83
5911,-89,2,-27.28
5912,-88,1,-26.73
5913,-88,5,-26.18
5915,-87,8,-29.59
5916,-87,-1,-29.03
5917,-86,0,-28.47
5918,-86,-4,-27.91
5920,-85,0,-28.34
5921,-84,-3,-27.79
5922,-83,0,-27.24
5923,-82,2,-26.69
5925,-81,0,-30.12
5926,-80,6,-29.55
5927,-79,0,-28.98
5928,-78,2,-28.41
5930,-77,-2,-29.86
5931,-76,-4,-29.31
5932,-76,-6,-28.76
5933,-76,-2,-28.21
5935,-76,3,-30.63
5936,-76,6,-30.05
5937,-76,2,-29.47
5938,-76,3,-28.89
5940,-77,2,-32.29
5941,-78,-3,-31.69
5942,-78,-2,-31.09
5943,-79,0,-30.49
5945,-80,4,-30.89
5946,-81,2,-30.29
5947,-82,3,-29.69
5948,-83,1,-29.09
5950,-84,1,-32.47
5951,-86,-3,-31.85
5952,-87,-2,-31.23
5953,-89,1,-30.61
5955,-90,21,-30.01
5956,-91,26,-29.41
5957,-92,29,-28.81
5958,-93,16,-28.21
5960,-94,10,-29.63
5961,-95,4,-29.05
5962,-95,-12,-28.47
5963,-95,-38,-27.88
5965,-95,-24,-30.26
5966,-95,-16,-29.64
5967,-95,24,-29.02
5968,-95,15,-28.4
5970,-95,3,-24.89
5971,-95,6,-24.38
5972,-95,3,-23.87
5973,-94,-1,-21.38
5975,-94,-9,-20.89
5976,-94,-30,-20.4
5977,-94,-19,-19.91
5978,-94,-15,-18.43
5980,-93,-4,-17.97
5981,-92,-13,-17.51
5982,-92,40,-17.05
5983,-91,31,-16.59
5985,-90,20,-14.2
5986,-89,14,-13.81
5987,-89,9,-13.42
5988,-88,2,-13.03
5990,-88,-3,-6.7
5991,-88,-3,-6.37
5992,-88,-38,-6.04
5993,-88,-25,-5.71
5995,-88,-14,2.51
5996,-88,-18,2.73
5997,-89,33,2.95
5998,-89,30,3.17
6000,-89,14,8.31
6001,-89,0,8.45
6002,-89,-16,8.59
6003,-89,-16,8.73
6005,-89,-15,12.82
6006,-89,-8,12.91
6007,-88,-1,13
6008,-88,-1,13.09
6010,-88,-4,21.07
6011,-88,9,21.05
6012,-89,-7,21.03
6013,-89,5,21.01
6015,-89,1,26.93
6016,-89,5,26.85
6017,-89,3,26.77
6018,-89,-9,26.69
6020,-90,3,39.46
6021,-90,2,39.23
6022,-90,2,39
6023,-91,-1,38.77
6025,-91,3,44.46
6026,-92,8,44.15
6027,-92,0,43.84
6028,-92,0,43.53
6030,-92,2,54.1
6031,-92,-2,53.67
6032,-91,2,53.24
6033,-91,-2,52.81
6035,-90,-2,62.24
6036,-90,0,61.67
6037,-89,-7,61.1
6038,-88,1,60.53
6040,-86,-6,69.82
6041,-84,1,69.11
6042,-83,15,68.4
6043,-81,4,67.69
6045,-79,3,75.88
6046,-76,2,75.07
6047,-74,1,74.26
6048,-72,1,73.45
6050,-69,2,81.51
6051,-66,-3,80.57
6052,-63,2,79.63
6053,-60,-1,78.69
6055,-57,-6,85.65
6056,-54,1,84.61
6057,-50,3,83.57
6058,-47,-8,82.53
6060,-43,3,96.31
6061,-39,4,95.09
6062,-35,-1,93.87
6063,-31,-10,92.65
6065,-27,7,98.32
6066,-23,2,96.99
6067,-19,1,95.66
6068,-15,4,94.33
6070,-12,0,103.88
6071,-8,4,102.43
6072,-5,5,100.98
6073,-1,14,99.53
6075,1,12,105.96
6076,4,14,104.39
6077,6,3,111.73
6078,9,-4,110.07
6080,12,6,108.41
6081,15,-20,106.75
6082,17,-29,105.09
6083,19,-16,109.37
6085,21,-8,107.63
6086,22,-2,105.89
6087,23,34,104.15
6088,24,28,102.41
6090,24,23,105.59
6091,25,9,103.77
6092,25,3,101.95
6093,25,8,100.13
6095,25,-5,112.2
6096,25,-48,110.27
6097,25,-22,108.34
6098,24,-11,106.43
6100,24,-5,111.45
6101,24,-4,109.47
6102,24,11,107.49
6103,24,32,105.52
6105,24,23,107.51
6106,23,13,105.5
6107,23,12,103.49
6108,23,3,101.48
6110,23,2,106.42
6111,22,-2,104.36
6112,22,-17,102.3
6113,21,-28,100.24
6115,21,-18,106.16
6116,21,-11,104.08
6117,20,4,102
6118,20,28,99.92
6120,20,20,100.89
6121,20,14,98.86
6122,20,11,96.83
6123,20,0,94.8
6125,20,2,98.76
6126,20,-4,96.72
6127,20,-9,94.68
6128,20,-26,92.64
6130,20,-21,94.6
6131,20,-13,92.56
6132,20,-10,90.52
6133,20,-5,88.48
6135,19,1,88.5
6136,19,-3,86.52
6137,19,3,84.54
6138,18,5,82.56
6140,17,0,83.61
6141,17,-1,81.66
6142,16,4,79.71
6143,16,0,77.76
6145,15,6,80.89
6146,14,1,79.02
6147,14,5,77.15
6148,13,2,75.28
6150,12,1,77.43
6151,11,0,75.58
6152,10,2,73.73
6153,9,-1,71.88
6155,8,1,74.1
6156,6,0,72.32
6157,5,0,70.54
6158,3,2,68.76
6160,2,2,67.08
6161,0,-1,65.4
6162,0,0,63.72
6163,-1,0,62.04
6165,-3,-3,60.46
6166,-4,1,58.88
6167,-6,3,57.3
6168,-8,-9,55.72
6170,-9,4,56.21
6171,-11,4,54.7
6172,-13,-1,53.19
6173,-15,3,51.68
6175,-17,3,48.28
6176,-19,3,46.88
6177,-21,6,45.48
6178,-23,4,44.08
6180,-25,0,40.78
6181,-27,1,39.48
6182,-29,1,38.18
6183,-31,-2,36.88
6185,-33,-3,35.73
6186,-34,-3,34.58
6187,-36,-3,33.43
6188,-38,1,32.28
6190,-40,2,27.24
6191,-41,7,26.2
6192,-43,17,25.16
6193,-45,34,24.12
6195,-47,15,21.21
6196,-49,7,20.3
6197,-51,-1,15.43
6198,-54,-5,14.56
6200,-56,4,13.77
6201,-58,-17,12.98
6202,-61,-32,12.28
6203,-63,-22,7.62
6205,-65,-12,6.96
6206,-68,-8,6.3
6207,-70,32,5.64
6208,-72,24,2.07
6210,-75,18,1.5
6211,-77,14,0.93
6212,-79,9,0.36
6213,-80,0,-0.21
6215,-82,-1,-3.7
6216,-84,-5,-4.19
6217,-85,-15,-4.68
6218,-87,-30,-5.17
6220,-87,-17,-11.46
6221,-88,-27,-11.75
6222,-88,1,-12.04
6223,-87,22,-12.33
6225,-86,22,-17.5
6226,-85,15,-17.67
6227,-83,14,-17.84
6228,-81,11,-18.01
6230,-78,1,-22.1
6231,-75,-3,-22.19
6232,-71,-10,-22.28
6233,-68,-22,-22.37
6235,-64,-22,-25.36
6236,-60,-17,-25.35
6237,-55,-3,-25.34
6238,-51,26,-25.33
6240,-46,14,-31.18
6241,-42,-4,-31.03
6242,-38,23,-30.88
6243,-34,15,-30.73
6245,-30,11,-33.52
6246,-26,6,-33.31
6247,-22,-10,-33.1
6248,-19,-27,-32.89
6250,-16,-17,-36.58
6251,-13,-12,-36.27
6252,-10,-6,-35.96
6253,-7,24,-35.65
6255,-4,22,-41.24
6256,-1,14,-40.83
6257,1,-16,-40.42
6258,4,-13,-40.01
6260,6,-11,-42.55
6261,9,-18,-42.09
6262,12,-10,-41.63
6263,14,-5,-41.17
6265,16,-8,-43.65
6266,18,6,-43.13
6267,20,12,-42.61
6268,21,5,-42.09
6270,23,7,-43.5
6271,24,0,-42.91
6272,24,5,-42.32
6273,25,1,-41.73
6275,25,0,-46.05
6276,26,4,-45.37
6277,26,3,-44.69
6278,26,2,-44.01
6280,26,3,-46.26
6281,27,2,-45.51
6282,27,1,-44.76
6283,28,-10,-44.01
6285,28,1,-43.26
6286,29,-2,-42.51
6287,30,0,-41.76
6288,31,2,-43.98
6290,31,-2,-43.2
6291,32,0,-42.42
6292,33,4,-41.64
6293,34,-2,-45.81
6295,35,2,-44.96
6296,35,1,-44.11
6297,36,3,-43.26
6298,36,0,-41.42
6300,37,-12,-40.6
6301,37,3,-39.78
6302,37,1,-38.96
6303,37,4,-43.09
6305,36,4,-42.24
6306,35,8,-41.39
6307,34,6,-40.54
6308,32,3,-44.64
6310,30,-1,-43.74
6311,28,1,-42.84
6312,25,-2,-41.94
6313,23,4,-43.02
6315,21,-5,-42.14
6316,18,-3,-41.26
6317,16,-1,-40.38
6318,14,1,-43.46
6320,12,-3,-42.56
6321,10,-1,-41.66
6322,9,0,-40.8
6323,7,2,-39.94
6325,5,2,-39.08
6326,4,4,-38.22
6327,2,-3,-37.36
6328,1,28,-37.53
6330,0,26,-36.7
6331,-1,10,-35.87
6332,-2,-1,-39
6333,-3,2,-38.16
6335,-5,-10,-37.32
6336,-6,-16,-36.48
6337,-7,-20,-39.6
6338,-7,-20,-38.72
6340,-8,-5,-37.87
6341,-8,-8,-37.02
6342,-8,32,-36.17
6343,-8,24,-37.3
6345,-8,16,-36.49
6346,-7,10,-35.68
6347,-7,16,-34.87
6348,-6,6,-35.05
6350,-6,2,-34.28
6351,-6,-35,-33.51
6352,-6,-25,-32.74
6353,-7,-16,-35.93
6355,-7,-11,-35.16
6356,-8,-6,-34.39
6357,-10,-4,-33.62
6358,-9,34,-33.84
6360,-8,28,-33.09
6361,-6,19,-32.34
6362,-3,10,-31.59
6363,0,6,-34.8
6365,6,4,-34.07
6366,13,3,-33.34
6367,22,-4,-32.61
6368,33,-25,-33.86
6370,46,-28,-33.14
6371,62,-15,-32.42
6372,79,-13,-31.7
6373,101,12,-34.94
6375,128,13,-34.22
6376,157,18,-33.5
6377,188,-19,-32.78
6378,224,-5,-33.05
6380,263,-18,-32.38
6381,304,-9,-31.71
6382,346,-6,-31.04
6383,388,1,-34.33
6385,428,2,-33.65
6386,467,4,-32.97
6387,504,0,-32.29
6388,537,2,-31.61
6390,566,5,-30.96
6391,591,2,-30.31
6392,612,5,-29.66
6393,629,2,-30.99
6395,640,-7,-30.34
6396,647,4,-29.69
6397,651,1,-29.04
6398,648,2,-31.36
6400,639,2,-30.73
6401,625,2,-30.1
6402,608,4,-29.47
6403,583,2,-31.81
6405,554,-9,-31.18
6406,521,-2,-30.55
6407,485,0,-29.92
6408,446,2,-31.27
6410,406,2,-30.62
6411,364,2,-29.97
6412,323,-1,-29.32
6413,281,-6,-31.67
6415,240,0,-31.02
6416,200,1,-30.37
6417,161,4,-29.72
6418,123,3,-29.12
6420,87,7,-28.52
6421,52,3,-27.92
6422,19,-1,-27.32
6423,-11,2,-30.67
6425,-39,-3,-30.02
6426,-66,-9,-29.37
6427,-90,-2,-28.72
6428,-113,2,-27.13
6430,-134,3,-26.54
6431,-152,8,-25.95
6432,-169,0,-25.36
6433,-183,0,-27.79
6435,-195,5,-27.22
6436,-205,-4,-26.65
6437,-214,2,-26.08
6438,-221,0,-27.51
6440,-226,1,-26.94
6441,-230,1,-26.37
6442,-233,-5,-25.8
6443,-235,-4,-28.24
6445,-236,-1,-27.68
6446,-237,0,-27.12
6447,-237,3,-26.56
6448,-237,3,-26
6450,-236,32,-25.44
6451,-235,28,-24.88
6452,-234,17,-24.32
6453,-232,14,-25.75
6455,-230,-1,-25.18
6456,-228,-1,-24.61
6457,-226,2,-24.08
6458,-223,-31,-24.54
6460,-220,-22,-24
6461,-217,-14,-23.46
6462,-214,-17,-22.96
6463,-211,5,-27.41
6465,-207,12,-26.86
6466,-204,11,-26.31
6467,-200,14,-29.72
6468,-196,3,-29.15
6470,-193,-3,-28.58
6471,-189,-20,-28.01
6472,-186,-29,-27.44
6473,-182,-11,-26.88
6475,-179,-24,-26.32
6476,-176,-2,-25.76
6477,-173,38,-25.2
6478,-170,26,-26.66
6480,-167,21,-26.12
6481,-164,17,-25.58
6482,-160,14,-25.04
6483,-158,7,-26.49
6485,-155,-3,-25.94
6486,-152,-8,-25.39
6487,-150,-3,-24.84
6488,-148,-27,-24.33
6490,-146,-26,-23.82
6491,-145,-13,-23.31
6492,-143,-23,-22.8
6493,-142,26,-26.27
6495,-141,22,-25.74
6496,-140,27,-25.21
6497,-139,21,-24.68
6498,-138,7,-27.16
6500,-137,1,-26.64
6501,-136,8,-26.12
6502,-135,-39,-25.6
6503,-134,-24,-28.06
6505,-133,-20,-27.52
6506,-132,-12,-26.98
6507,-131,-6,-26.44
6508,-130,-5,-25.94
6510,-129,2,-25.44
6511,-128,12,-24.94
6512,-127,4,-24.44
6513,-127,5,-25.92
6515,-126,-4,-25.4
6516,-125,-9,-24.88
6517,-125,-1,-24.36
6518,-125,-11,-24.85
6520,-124,9,-24.34
6521,-124,6,-23.83
6522,-124,-1,-23.32
6523,-123,7,-26.8
6525,-123,10,-26.28
6526,-123,6,-25.76
6527,-123,4,-25.24
6528,-123,-4,-29.7
6530,-122,2,-29.16
6531,-122,3,-28.62
6532,-122,-3,-28.08
6533,-122,-7,-26.57
6535,-121,1,-26.06
6536,-121,2,-25.55
6537,-121,8,-25.04
6538,-120,1,-27.53
6540,-120,5,-27.02
6541,-119,-12,-26.51
6542,-119,1,-26
6543,-118,2,-29.45
6545,-117,0,-28.9
6546,-116,0,-28.35
6547,-115,1,-27.8
6548,-115,2,-32.24
6550,-114,1,-31.68
6551,-114,1,-31.12
6552,-114,0,-30.56
6553,-113,3,-32.96
6555,-113,-1,-32.36
6556,-112,0,-31.76
6557,-112,-3,-31.16
6558,-112,3,-28.61
6560,-111,1,-28.06
6561,-111,-2,-27.51
6562,-111,-1,-26.96
6563,-111,1,-30.39
6565,-110,0,-29.82
6566,-110,3,-29.25
6567,-110,-10,-28.68
6568,-110,5,-32.1
6570,-110,-1,-31.52
6571,-110,40,-30.94
6572,-110,19,-30.36
6573,-110,23,-30.77
6575,-110,17,-30.18
6576,-110,9,-29.59
6577,-111,-7,-29
6578,-111,-30,-31.4
6580,-111,-28,-30.8
6581,-111,-21,-30.2
6582,-111,-3,-29.6
6583,-111,16,-28.02
6585,-111,21,-27.44
6586,-111,8,-26.86
6587,-111,11,-27.27
6588,-111,1,-26.73
6590,-111,0,-26.19
6591,-111,-13,-25.65
6592,-111,-42,-27.13
6593,-111,-21,-26.61
6595,-111,-20,-26.09
6596,-111,-11,-25.57
6597,-111,27,-25.05
6598,-111,26,-22.55
6600,-111,19,-22.05
6601,-111,21,-21.55
6602,-110,14,-21.05
6603,-110,7,-14.63
6605,-110,2,-14.21
6606,-110,-5,-13.79
6607,-110,-11,-13.37
6608,-110,-22,-10.99
6610,-110,-17,-10.61
6611,-110,-13,-10.23
6612,-110,6,-9.85
6613,-109,21,-4.52
6615,-109,21,-4.19
6616,-109,15,-3.86
6617,-109,12,-3.53
6618,-109,6,0.72
6620,-109,0,0.97
6621,-109,-7,1.22
6622,-109,-9,1.47
6623,-109,-27,10.6
6625,-109,-19,10.73
6626,-109,-9,10.86
6627,-109,-9,10.99
6628,-109,30,18.02
6630,-110,23,18.05
6631,-110,19,18.08
6632,-110,-19,18.11
6633,-111,-16,25.07
6635,-111,-12,25.03
6636,-111,-12,24.99
6637,-111,-13,24.95
6638,-111,-9,35.78
6640,-111,-2,35.61
6641,-111,6,35.44
6642,-111,2,35.27
6643,-111,5,44
6645,-110,-7,43.73
6646,-110,4,43.46
6647,-109,-1,43.19
6648,-109,5,49.81
6650,-108,0,49.43
6651,-107,7,49.05
6652,-106,6,48.67
6653,-105,5,60.12
6655,-104,5,59.57
6656,-102,0,59.02
6657,-101,6,58.47
6658,-99,3,66.84
6660,-97,-2,66.21
6661,-95,-15,65.58
6662,-93,1,64.95
6663,-90,1,75.18
6665,-88,0,74.41
6666,-85,2,73.64
6667,-83,-3,72.87
6668,-80,4,79.98
6670,-78,0,79.09
6671,-75,3,78.2
6672,-73,3,77.31
6673,-70,-2,87.26
6675,-67,0,86.21
6676,-65,-1,85.16
6677,-62,2,84.11
6678,-59,2,90.95
6680,-56,2,89.79
6681,-53,-1,88.63
6682,-49,-4,87.47
6683,-46,-2,98.21
6685,-43,0,96.95
6686,-40,-11,95.69
6687,-36,4,94.43
6688,-33,7,99.07
6690,-31,4,97.71
6691,-28,2,96.35
6692,-25,7,94.99
6693,-23,4,103.49
6695,-20,0,101.99
6696,-18,-1,100.49
6697,-15,-3,98.99
6698,-13,3,105.4
6700,-11,1,103.81
6701,-9,-1,102.22
6702,-6,3,100.63
6703,-4,1,108.91
6705,-3,30,107.19
6706,-1,25,105.47
6707,0,20,103.75
6708,1,11,109.96
6710,2,1,108.17
6711,4,-2,106.38
6712,5,-11,104.58
6713,6,-34,110.7
6715,6,-23,108.82
6716,7,-19,106.94
6717,8,4,105.04
6718,8,17,109.08
6720,9,17,107.12
6721,10,5,111.1
6722,10,7,109.08
6723,11,4,107.08
6725,12,-4,105.08
6726,12,-9,103.08
6727,12,-31,109.99
6728,12,-29,107.96
6730,13,-15,105.93
6731,13,-6,103.9
6732,13,27,104.84
6733,13,21,102.8
6735,13,22,100.76
6736,13,26,98.72
6737,13,22,96.68
6738,13,8,99.64
6740,13,-1,97.6
6741,13,-8,95.56
6742,13,-13,93.52
6743,13,-36,99.44
6745,13,-19,97.36
6746,12,-12,95.28
6747,11,-2,93.2
6748,10,20,96.16
6750,9,13,94.12
6751,8,35,92.08
6752,7,19,90.04
6753,6,-26,92.03
6755,5,-10,90.02
6756,3,-16,88.01
6757,2,-13,86
6758,0,-13,86.04
6760,0,-10,84.08
6761,-1,5,82.12
6762,-2,4,80.16
6763,-3,3,82.27
6765,-4,2,80.38
6766,-5,4,78.49
6767,-6,4,76.6
6768,-7,4,75.79
6770,-8,-20,73.98
6771,-9,10,72.17
6772,-11,2,70.36
6773,-12,-1,69.61
6775,-13,6,67.86
6776,-14,2,66.11
6777,-14,0,64.36
6778,-15,-7,65.7
6780,-16,-7,64.04
6781,-17,3,62.38
6782,-18,4,60.72
6783,-20,3,60.14
6785,-21,4,58.56
6786,-22,3,56.98
6787,-24,6,55.4
6788,-25,-1,52.94
6790,-27,-5,51.48
6791,-28,-4,50.02
6792,-30,4,48.56
6793,-31,3,47.18
6795,-33,3,45.8
6796,-35,-2,44.42
6797,-36,2,42.05
6798,-38,0,40.79
6800,-39,2,39.53
6801,-40,-2,38.27
6802,-41,0,36.02
6803,-42,2,34.85
6805,-43,1,33.68
6806,-44,-4,32.51
6807,-46,-2,27.38
6808,-47,3,26.37
6810,-48,0,25.36
6811,-50,-3,24.35
6812,-52,3,23.34
6813,-53,5,22.39
6815,-55,4,21.44
6816,-57,-1,20.49
6817,-58,-7,14.59
6818,-59,4,13.79
6820,-61,2,12.99
6821,-62,0,12.19
6822,-63,42,7.43
6823,-65,20,6.75
6825,-67,11,6.07
6826,-69,10,1.43
6827,-72,-8,0.79
6828,-74,-6,0.25
6830,-77,-6,-0.29
6831,-79,-11,-7.76
6832,-82,-35,-8.23
6833,-84,-20,-8.62
6835,-86,-23,-9.01
6836,-88,5,-9.4
6837,-90,38,-15.73
6838,-91,31,-15.98
6840,-92,17,-16.23
6841,-93,18,-16.48
6842,-93,13,-20.69
6843,-93,-3,-20.84
6845,-92,-18,-20.99
6846,-90,-40,-21.08
6847,-89,-15,-24.14
6848,-86,-10,-24.2
6850,-84,-8,-24.26
6851,-81,0,-24.32
6852,-78,24,-28.25
6853,-74,33,-28.18
6855,-70,-1,-28.11
6856,-67,-12,-28.04
6857,-63,13,-35.86
6858,-59,10,-35.68
6860,-55,6,-35.5
6861,-51,1,-35.32
6862,-48,-18,-39.1
6863,-44,-27,-38.83
6865,-40,-21,-38.56
6866,-37,-13,-38.29
6867,-33,27,-41.98
6868,-29,23,-41.59
6870,-26,16,-41.2
6871,-22,16,-40.81
6872,-19,11,-45.37
6873,-15,8,-44.88
6875,-12,-3,-44.39
6876,-9,-3,-43.9
6877,-6,-29,-46.38
6878,-3,-21,-45.82
6880,0,-12,-45.26
6881,1,-11,-44.7
6882,4,-9,-48.1
6883,6,-2,-47.48
6885,9,1,-46.86
6886,11,5,-46.24
6887,13,2,-49.58
6888,15,5,-48.88
6890,17,2,-48.18
6891,18,0,-47.48
6892,20,4,-50.74
6893,21,-3,-49.99
6895,21,2,-49.24
6896,22,1,-48.49
6897,23,-5,-50.71
6898,23,6,-49.92
6900,24,1,-49.13
6901,24,2,-48.34
6902,24,2,-51.51
6903,25,4,-50.65
6905,25,2,-49.79
6906,26,5,-48.93
6907,26,5,-51.04
6908,27,-1,-50.14
6910,27,-13,-49.24
6911,27,2,-48.34
6912,27,-1,-50.41
6913,28,4,-49.49
6915,28,0,-48.57
6916,28,-7,-47.65
6917,29,10,-51.68
6918,29,3,-50.71
6920,30,1,-49.74
6921,30,0,-48.77
6922,31,3,-51.77
6923,31,0,-50.77
6925,31,0,-49.77
6926,31,1,-48.77
6927,31,1,-49.76
6928,30,2,-48.75
6930,30,1,-47.74
6931,29,-1,-46.73
6932,28,-1,-47.74
6933,26,2,-46.75
6935,25,7,-45.76
6936,23,0,-44.77
6937,21,4,-46.75
6938,19,-1,-45.73
6940,17,-3,-44.71
6941,15,-1,-43.69
6942,13,12,-45.69
6943,10,26,-44.69
6945,8,11,-43.69
6946,6,16,-47.64
6947,4,1,-46.63
6948,2,2,-45.62
6950,1,-6,-44.61
6951,0,-25,-46.61
6952,-2,-29,-45.61
6953,-4,-16,-44.61
6955,-5,-11,-43.61
6956,-6,-12,-42.68
6957,-8,31,-42.74
6958,-8,24,-41.8
6960,-9,20,-40.86
6961,-9,13,-39.92
6962,-10,7,-43
6963,-10,11,-42.08
6965,-10,-18,-41.16
6966,-10,-29,-40.24
6967,-11,-28,-40.35
6968,-11,-18,-39.46
6970,-12,-10,-38.57
6971,-12,-1,-37.68
6972,-13,29,-38.8
6973,-15,34,-37.92
6975,-17,22,-37.04
6976,-19,12,-36.16
6977,-21,7,-39.28
6978,-23,2,-38.4
6980,-26,-1,-37.52
6981,-28,-6,-36.64
6982,-28,-32,-36.83
6983,-26,-25,-36.02
6985,-23,-13,-35.21
6986,-18,-12,-34.4
6987,-12,28,-33.63
6988,-3,24,-32.86
6990,6,15,-32.09
6991,17,14,-31.32
6992,33,7,-34.55
6993,53,0,-33.78
6995,76,0,-33.01
6996,101,-9,-32.24
6997,132,-30,-33.5
6998,166,-28,-32.76
7000,202,-14,-32.02
7001,241,-4,-31.28
7002,282,6,-30.57
7003,325,17,-29.86
7005,369,-8,-29.15
7006,414,-4,-28.44
7007,455,27,-35.69
7008,493,20,-34.94
7010,528,-13,-34.19
7011,559,-14,-33.44
7012,586,-10,-36.69
7013,609,-12,-35.94
7015,627,-1,-35.19
7016,641,-10,-34.44
7017,649,-6,-36.7
7018,650,5,-35.96
7020,647,3,-35.22
7021,640,7,-34.48
7022,625,7,-36.74
7023,604,3,-36
7025,578,6,-35.26
7026,549,2,-34.52
7027,514,3,-33.82
7028,477,-3,-33.12
7030,437,3,-32.42
7031,395,-3,-31.72
7032,353,-1,-36
7033,310,0,-35.28
7035,267,3,-34.56
7036,226,1,-33.84
7037,185,5,-38.1
7038,145,2,-37.36
7040,107,-7,-36.62
7041,71,0,-35.88
7042,37,-1,-39.15
7043,4,1,-38.42
7045,-25,1,-37.69
7046,-54,5,-36.96
7047,-81,-2,-37.26
7048,-105,1,-36.56
7050,-128,1,-35.86
7051,-148,3,-35.16
7052,-167,1,-38.44
7053,-183,2,-37.72
7055,-198,-1,-37
7056,-211,-3,-36.28
7057,-223,-1,-36.57
7058,-232,5,-35.86
7060,-240,0,-35.15
7061,-247,-1,-34.44
7062,-253,4,-38.71
7063,-256,2,-37.98
7065,-259,-3,-37.25
7066,-261,-3,-36.52
7067,-262,1,-37.8
7068,-262,-1,-37.08
7070,-262,-6,-36.36
7071,-261,-1,-35.69
7072,-259,-14,-36.01
7073,-257,3,-35.33
7075,-254,1,-34.65
7076,-251,3,-34
7077,-248,13,-39.29
7078,-245,36,-38.58
7080,-241,28,-37.87
7081,-238,19,-37.16
7082,-235,8,-39.43
7083,-231,3,-38.7
7085,-228,-11,-37.97
7086,-225,-30,-37.24
7087,-221,-22,-37.54
7088,-218,-21,-36.84
7090,-215,-11,-36.14
7091,-213,-3,-35.44
7092,-210,-10,-36.73
7093,-207,24,-36.02
7095,-205,26,-35.31
7096,-202,16,-37.57
7097,-199,9,-36.85
7098,-196,3,-36.13
7100,-194,-1,-35.41
7101,-191,-4,-35.68
7102,-189,-26,-34.99
7103,-186,-27,-34.3
7105,-184,-10,-33.61
7106,-182,-6,-36.88
7107,-180,32,-36.16
7108,-179,24,-35.44
7110,-177,20,-34.72
7111,-176,8,-34
7112,-174,6,-37.24
7113,-173,7,-36.48
7115,-171,-2,-35.72
7116,-170,-6,-34.96
7117,-169,-13,-37.21
7118,-168,-27,-36.46
7120,-167,-19,-35.71
7121,-166,-18,-34.96
7122,-165,5,-36.21
7123,-165,18,-35.46
7125,-164,19,-34.71
7126,-163,18,-33.96
7127,-163,1,-36.18
7128,-162,-21,-35.4
7130,-162,-20,-34.62
7131,-161,-16,-33.84
7132,-160,-10,-37.1
7133,-160,-5,-36.36
7135,-160,1,-35.62
7136,-159,0,-34.88
7137,-159,0,-39.13
7138,-159,3,-38.38
7140,-158,9,-37.63
7141,-158,2,-36.88
7142,-157,6,-38.14
7143,-156,-1,-37.4
7145,-156,5,-36.66
7146,-155,8,-35.92
7147,-155,-1,-38.18
7148,-154,0,-37.44
7150,-154,1,-36.7
7151,-153,4,-35.96
7152,-153,1,-38.19
7153,-152,-6,-37.42
7155,-152,2,-36.65
7156,-151,3,-35.88
7157,-151,3,-40.11
7158,-150,3,-39.34
7160,-150,-7,-38.57
7161,-149,-5,-37.8
7162,-148,1,-41.04
7163,-148,6,-40.28
7165,-147,1,-39.52
7166,-146,-5,-38.76
7167,-146,3,-40.02
7168,-146,3,-39.28
7170,-146,5,-38.54
7171,-146,2,-37.8
7172,-147,2,-42.02
7173,-147,2,-41.24
7175,-147,-1,-40.46
7176,-147,-3,-39.68
7177,-148,1,-40.92
7178,-148,3,-40.16
7180,-147,0,-39.4
7181,-147,1,-38.64
7182,-147,3,-39.87
7183,-147,0,-39.1
7185,-146,-1,-38.33
7186,-146,0,-37.56
7187,-146,-3,-40.8
7188,-146,3,-40.04
7190,-145,1,-39.28
7191,-145,-2,-38.52
7192,-145,2,-40.75
7193,-145,2,-39.98
7195,-145,-3,-39.21
7196,-145,-1,-38.44
7197,-145,0,-43.62
7198,-145,0,-42.8
7200,-146,6,-41.98
7201,-146,40,-41.16
7202,-146,27,-40.4
7203,-146,19,-39.64
7205,-146,8,-38.88
7206,-146,9,-38.12
7207,-147,-6,-42.34
7208,-147,-39,-41.56
7210,-147,-29,-40.78
7211,-148,-19,-40
7212,-148,1,-41.21
7213,-148,15,-40.42
7215,-148,14,-39.63
7216,-149,14,-38.84
7217,-149,3,-38.07
7218,-149,-1,-37.3
7220,-149,7,-33.56
7221,-149,-11,-32.85
7222,-149,-28,-32.14
7223,-149,-20,-31.43
7225,-149,-19,-30.72
7226,-149,-7,-30.02
7227,-149,29,-29.32
7228,-149,14,-28.62
7230,-149,29,-27.92
7231,-149,12,-27.26
7232,-149,10,-27.59
7233,-149,10,-26.92
7235,-149,6,-26.25
7236,-150,-2,-25.58
7237,-150,-16,-19.01
7238,-150,-39,-18.44
7240,-151,-17,-17.87
7241,-151,-19,-17.3
7242,-152,-6,-12.8
7243,-152,22,-12.3
7245,-152,18,-11.8
7246,-153,16,-11.3
7247,-153,13,-5.87
7248,-153,10,-5.44
7250,-153,6,-5.01
7251,-153,-1,-4.58
7252,-153,-4,2.75
7253,-153,-27,3.08
7255,-153,-14,3.41
7256,-153,-14,3.74
7257,-152,-14,10.96
7258,-152,-2,11.18
7260,-152,5,11.4
7261,-151,-2,11.62
7262,-151,-1,19.71
7263,-151,1,19.8
7265,-150,2,19.89
7266,-150,5,19.98
7267,-150,-2,28.96
7268,-150,0,28.94
7270,-150,2,28.92
7271,-150,1,28.9
7272,-150,2,35.78
7273,-150,5,35.66
7275,-150,3,35.54
7276,-150,2,35.42
7277,-150,1,41.21
7278,-149,0,41
7280,-148,-4,40.79
7281,-147,-1,40.58
7282,-145,-1,49.23
7283,-144,0,48.88
7285,-141,-2,48.53
7286,-139,6,48.18
7287,-137,6,56.7
7288,-134,2,56.22
7290,-132,4,55.74
7291,-129,-7,63.18
7292,-126,-4,62.6
7293,-124,5,62.02
7295,-121,5,61.44
7296,-118,-3,69.77
7297,-115,-1,69.05
7298,-112,-1,68.33
7300,-108,-2,67.61
7301,-105,4,75.8
7302,-101,-6,74.97
7303,-98,3,74.14
7305,-94,4,73.31
7306,-90,4,82.38
7307,-86,3,81.43
7308,-83,0,80.48
7310,-80,7,79.53
7311,-77,-2,86.5
7312,-74,-3,85.43
7313,-71,-1,84.36
7315,-69,0,83.29
7316,-66,4,90.14
7317,-64,1,88.96
7318,-62,-2,87.78
7320,-59,29,86.6
7321,-57,23,91.36
7322,-54,23,90.06
7323,-52,3,88.76
7325,-50,2,87.46
7326,-47,1,95.07
7327,-45,-2,93.68
7328,-44,-35,92.29
7330,-42,-27,90.9
7331,-40,-17,94.46
7332,-39,-8,92.97
7333,-38,9,91.48
7335,-38,15,89.99
7336,-37,10,96.42
7337,-37,12,94.83
7338,-37,9,93.24
7340,-37,12,95.61
7341,-37,-25,93.98
7342,-37,-29,92.35
7343,-38,-16,90.72
7345,-38,-11,89.12
7346,-38,-4,96.43
7347,-39,33,94.74
7348,-39,26,93.05
7350,-39,16,91.36
7351,-39,11,95.61
7352,-40,5,93.86
7353,-40,3,92.11
7355,-40,-2,90.36
7356,-40,-4,89.6
7357,-40,-5,87.83
7358,-40,-25,86.06
7360,-40,-23,84.29
7361,-41,-15,88.46
7362,-41,-15,86.69
7363,-41,19,84.92
7365,-41,22,83.15
7366,-41,26,84.35
7367,-42,11,82.59
7368,-42,14,80.83
7370,-42,5,79.07
7371,-43,2,82.26
7372,-44,1,80.5
7373,-44,-35,78.74
7375,-45,-22,76.98
7376,-46,-25,77.2
7377,-47,-8,75.49
7378,-48,3,73.78
7380,-49,-9,72.07
7381,-50,29,74.32
7382,-51,-7,72.64
7383,-51,-7,70.96
7385,-52,-2,69.28
7386,-53,-1,70.57
7387,-53,5,68.94
7388,-54,1,67.31
7390,-55,2,65.68
7391,-56,7,64.05
7392,-57,3,62.51
7393,-58,4,60.97
7395,-59,0,59.43
7396,-61,5,61.85
7397,-62,3,60.34
7398,-63,-2,58.83
7400,-64,5,57.32
7401,-65,5,53.83
7402,-66,2,52.4
7403,-68,-7,50.97
7405,-69,2,49.54
7406,-70,3,49.1
7407,-70,-2,47.75
7408,-71,1,46.4
7410,-72,3,45.05
7411,-73,4,41.72
7412,-73,-2,40.48
7413,-74,3,39.24
7415,-75,-4,38
7416,-75,-3,34.86
7417,-76,0,33.72
7418,-76,4,32.58
7420,-77,1,31.44
7421,-77,-1,27.42
7422,-78,-1,26.4
7423,-79,0,25.38
7425,-79,0,24.36
7426,-81,-1,22.44
7427,-82,3,21.52
7428,-83,3,20.6
7430,-84,-2,19.68
7431,-86,-1,11.93
7432,-87,-3,11.18
7433,-89,3,10.43
7435,-90,-3,9.68
7436,-92,-7,6.04
7437,-93,6,5.4
7438,-95,-3,4.76
7440,-96,1,4.12
7441,-97,-5,0.59
7442,-99,6,0.06
7443,-100,4,-0.47
7445,-101,6,-1
7446,-102,4,-7.41
7447,-103,3,-7.82
7448,-104,1,-8.23
7450,-105,1,-8.64
7451,-107,0,-15.89
7452,-109,0,-16.14
7453,-111,35,-16.39
7455,-112,22,-16.64
7456,-114,10,-23.77
7457,-116,6,-23.9
7458,-118,0,-27.99
7460,-119,3,-28.08
7461,-120,-24,-28.09
7462,-121,-38,-28.1
7463,-122,-21,-28.11
7465,-123,-10,-31.05
7466,-123,-9,-30.99
7467,-123,37,-30.93
7468,-122,14,-30.87
7470,-122,-7,-30.81
7471,-121,27,-39.57
7472,-120,-23,-39.33
7473,-119,-14,-39.09
7475,-118,-10,-38.85
7476,-116,-10,-45.48
7477,-114,0,-45.11
7478,-112,2,-44.74
7480,-109,1,-44.37
7481,-106,7,-46.96
7482,-103,-4,-46.55
7483,-99,39,-46.14
7485,-96,22,-45.73
7486,-92,14,-51.2
7487,-88,5,-50.67
7488,-84,4,-50.14
7490,-80,4,-49.61
7491,-76,-2,-55.98
7492,-72,-6,-55.35
7493,-68,-31,-54.72
7495,-65,-19,-54.09
7496,-62,-13,-57.37
7497,-59,-12,-56.65
7498,-56,26,-55.93
7500,-53,23,-55.21
7501,-51,15,-58.43
7502,-48,-16,-57.65
7503,-45,-19,-56.87
7505,-43,-16,-56.09
7506,-40,-10,-62.2
7507,-38,-12,-61.31
7508,-35,-7,-60.42
7510,-33,5,-59.53
7511,-30,5,-63.56
7512,-28,1,-62.59
7513,-26,0,-61.62
7515,-24,5,-60.65
7516,-22,0,-62.65
7517,-20,5,-61.65
7518,-19,-2,-60.65
7520,-17,2,-59.65
7521,-15,-6,-62.57
7522,-14,2,-61.49
7523,-13,-1,-60.41
7525,-12,-6,-59.33
7526,-11,5,-61.24
7527,-10,4,-60.15
7528,-9,6,-59.06
7530,-8,5,-57.97
7531,-7,-2,-59.84
7532,-7,7,-58.71
7533,-6,3,-57.58
7535,-5,8,-56.45
7536,-5,3,-61.28
7537,-5,-2,-60.11
7538,-5,-5,-58.94
7540,-5,3,-57.77
7541,-5,-1,-59.59
7542,-6,1,-58.41
7543,-6,0,-57.23
7545,-7,-10,-56.05
7546,-8,1,-59.85
7547,-8,8,-58.65
7548,-9,1,-57.45
7550,-10,-13,-56.25
7551,-11,7,-57.04
7552,-12,5,-55.83
7553,-13,1,-54.62
7555,-15,2,-53.41
7556,-17,-7,-58.21
7557,-20,3,-57.01
7558,-22,-6,-55.81
7560,-25,-8,-54.61
7561,-27,5,-56.41
7562,-30,7,-55.21
7563,-32,1,-54.01
7565,-34,6,-52.81
7566,-36,5,-57.58
7567,-38,3,-56.35
7568,-40,4,-55.12
7570,-42,2,-53.89
7571,-43,2,-54.7
7572,-44,6,-53.51
7573,-45,25,-52.32
7575,-46,13,-51.13
7576,-47,12,-53.97
7577,-48,7,-52.81
7578,-48,1,-56.6
7580,-49,-3,-55.39
7581,-49,-25,-54.25
7582,-49,-33,-53.11
7583,-50,-22,-52.01
7585,-50,-14,-54.87
7586,-50,-18,-53.73
7587,-51,28,-52.59
7588,-51,28,-51.45
7590,-51,23,-50.34
7591,-52,21,-50.22
7592,-52,11,-49.1
7593,-53,10,-47.98
7595,-54,4,-46.86
7596,-55,-7,-48.8
7597,-56,-8,-47.74
7598,-58,-33,-46.68
7600,-60,-24,-45.62
7601,-61,-7,-47.6
7602,-62,10,-46.58
7603,-63,19,-45.56
7605,-64,18,-44.54
7606,-64,13,-46.52
7607,-61,20,-45.5
7608,-58,7,-44.48
7610,-54,-3,-43.46
7611,-48,-1,-46.46
7612,-40,-1,-45.46
7613,-31,-33,-44.46
7615,-21,-22,-43.46
7616,-7,-19,-46.49
7617,10,-4,-45.52
7618,31,23,-44.55
7620,54,15,-43.58
7621,81,14,-45.62
7622,113,15,-44.66
7623,147,5,-43.7
7625,184,1,-42.74
7626,222,-2,-46.77
7627,262,-12,-45.8
7628,302,-24,-44.83
7630,342,-14,-43.86
7631,379,-18,-43.95
7632,414,-7,-43.04
7633,445,-4,-42.13
7635,474,-3,-41.22
7636,499,2,-45.31
7637,520,11,-44.4
7638,538,3,-43.49
7640,552,4,-42.58
7641,561,3,-43.68
7642,564,2,-42.78
7643,562,1,-41.88
7645,556,2,-40.98
7646,544,-8,-45.07
7647,525,3,-44.16
7648,503,2,-43.25
7650,476,7,-42.34
7651,446,0,-42.45
7652,413,-3,-41.56
7653,377,2,-40.67
7655,340,2,-39.78
7656,303,0,-43.87
7657,265,2,-42.96
7658,227,1,-42.05
7660,189,3,-41.14
7661,153,-10,-42.27
7662,117,3,-41.4
7663,83,4,-40.53
7665,50,4,-39.66
7666,19,0,-44.76
7667,-10,0,-43.86
7668,-38,3,-42.96
7670,-64,1,-42.06
7671,-89,0,-43.19
7672,-112,-1,-42.32
7673,-133,1,-41.45
7675,-152,-1,-40.58
7676,-170,1,-44.68
7677,-185,-2,-43.78
7678,-199,-2,-42.88
7680,-211,0,-41.98
7681,-222,1,-40.15
7682,-230,4,-39.32
7683,-238,-1,-38.49
7685,-244,-1,-37.66
7686,-248,4,-42.8
7687,-252,1,-41.94
7688,-255,2,-41.08
7690,-257,3,-40.22
7691,-258,3,-40.41
7692,-258,-3,-39.6
7693,-258,26,-38.79
7695,-258,16,-39.96
7696,-257,22,-39.15
7697,-255,1,-38.34
7698,-253,-3,-40.5
7700,-251,-3,-39.66
7701,-248,-8,-38.86
7702,-245,-38,-38.06
7703,-242,-24,-37.31
7705,-239,-21,-41.51
7706,-236,-2,-40.71
7707,-233,29,-39.91
7708,-229,28,-39.11
7710,-226,24,-38.35
7711,-223,20,-39.57
7712,-219,7,-38.79
7713,-216,4,-38.01
7715,-213,-1,-37.23
7716,-210,-7,-42.4
7717,-207,-8,-41.57
7718,-204,-31,-40.74
7720,-201,-22,-39.91
7721,-199,-12,-41.09
7722,-196,0,-40.27
7723,-193,22,-39.45
7725,-191,21,-38.63
7726,-188,13,-40.81
7727,-186,7,-39.99
7728,-183,2,-39.17
7730,-181,-2,-38.35
7731,-179,-7,-44.49
7732,-177,-18,-43.63
7733,-175,-28,-42.77
7735,-173,-17,-41.91
7736,-172,-14,-42.08
7737,-170,4,-41.25
7738,-169,26,-40.42
7740,-168,19,-39.59
7741,-167,16,-40.78
7742,-165,15,-39.97
7743,-164,4,-39.16
7745,-163,0,-38.35
7746,-161,-4,-40.54
7747,-160,3,-39.73
7748,-159,-28,-38.92
7750,-157,-16,-38.11
7751,-156,-13,-38.34
7752,-156,-17,-37.57
7753,-155,18,-36.8
7755,-154,22,-36.03
7756,-154,-16,-41.21
7757,-153,30,-40.39
7758,-153,24,-39.57
7760,-153,-16,-38.75
7761,-152,-18,-39.96
7762,-152,-17,-39.17
7763,-152,-9,-38.38
7765,-152,-12,-37.59
7766,-152,-6,-41.77
7767,-152,2,-40.95
7768,-152,11,-40.13
7770,-151,4,-39.31
7771,-151,7,-41.51
7772,-151,9,-40.71
7773,-150,1,-39.91
7775,-150,-6,-39.11
7776,-149,2,-41.29
7777,-149,-6,-40.47
7778,-149,3,-39.65
7780,-149,0,-38.83
7781,-149,-5,-40.04
7782,-149,-5,-39.25
7783,-149,4,-38.46
7785,-149,4,-37.67
7786,-149,3,-40.86
7787,-149,0,-40.05
7788,-149,3,-39.24
7790,-150,1,-38.43
7791,-150,3,-38.67
7792,-150,-8,-37.91
7793,-150,4,-37.15
7795,-150,2,-36.39
7796,-150,6,-37.63
7797,-150,3,-36.87
7798,-150,3,-36.11
7800,-150,-2,-38.32
7801,-150,-1,-37.58
7802,-150,7,-36.84
7803,-149,-10,-36.1
7805,-149,4,-38.33
7806,-149,-1,-37.55
7807,-148,1,-36.77
7808,-148,4,-35.99
7810,-148,4,-37.19
7811,-147,-4,-36.45
7812,-147,2,-35.71
7813,-147,1,-34.97
7815,-147,1,-38.19
7816,-147,2,-37.42
7817,-146,-6,-36.65
7818,-146,0,-35.88
7820,-146,0,-39.09
7821,-146,0,-38.3
7822,-146,-4,-37.51
7823,-146,-9,-36.75
7825,-146,3,-38.96
7826,-146,4,-38.17
7827,-146,6,-37.38
7828,-146,4,-36.59
7830,-146,27,-38.82
7831,-147,44,-38.05
7832,-147,14,-37.28
7833,-147,14,-36.51
7835,-148,6,-37.72
7836,-148,-1,-36.95
7837,-149,-23,-36.18
7838,-149,-39,-35.41
7840,-150,-26,-36.62
7841,-150,-12,-35.89
7842,-150,18,-35.16
7843,-151,23,-34.43
7845,-151,10,-33.7
7846,-151,13,-32.99
7847,-151,-1,-32.28
7848,-152,-3,-33.55
7850,-152,-8,-32.82
7851,-152,-27,-32.12
7852,-151,-29,-31.42
7853,-151,-24,-30.72
7855,-151,-10,-28.04
7856,-150,-2,-27.43
7857,-150,32,-26.82
7858,-149,26,-26.21
7860,-149,28,-26.59
7861,-148,18,-25.98
7862,-147,9,-25.37
7863,-146,6,-24.76
7865,-146,-2,-19.2
7866,-145,0,-18.66
7867,-145,-19,-18.12
7868,-145,-31,-17.58
7870,-145,-19,-10.11
7871,-145,-10,-9.67
7872,-145,23,-9.23
7873,-145,25,-8.79
7875,-146,13,-4.39
7876,-146,-12,-4
7877,-146,16,-3.61
7878,-146,10,-3.22
7880,-146,-10,8.06
7881,-146,-22,8.28
7882,-146,-22,8.5
7883,-146,-5,8.72
7885,-145,-6,12.9
7886,-145,-7,13.06
7887,-144,-17,13.22
7888,-144,4,13.38
7890,-143,7,21.46
7891,-143,10,21.49
7892,-143,2,21.52
7893,-142,6,21.55
7895,-142,7,28.51
7896,-141,5,28.44
7897,-140,-8,28.37
7898,-140,3,28.3
7900,-138,1,37.14
7901,-137,1,36.95
7902,-135,-3,36.76
7903,-133,7,36.57
7905,-131,4,48.26
7906,-129,3,47.93
7907,-126,9,47.6
7908,-124,-2,47.27
7910,-121,-2,52.88
7911,-119,-5,52.45
7912,-116,5,52.02
7913,-113,-6,51.59
7915,-110,-3,61.06
7916,-107,1,60.52
7917,-103,0,59.98
7918,-100,2,59.44
7920,-96,1,67.81
7921,-93,-1,67.16
7922,-89,2,66.51
7923,-85,-10,65.86
7925,-82,5,75.08
7926,-78,1,74.3
7927,-75,3,73.52
7928,-72,5,72.74
7930,-69,2,78.86
7931,-65,3,77.98
7932,-62,3,77.1
7933,-59,1,76.22
7935,-56,0,85.22
7936,-53,0,84.22
7937,-50,1,83.22
7938,-47,-3,82.22
7940,-44,2,91.08
7941,-40,-2,89.94
7942,-37,-1,88.8
7943,-34,-2,87.66
7945,-31,0,94.4
7946,-28,0,93.14
7947,-26,6,91.88
7948,-23,11,90.62
7950,-20,36,96.26
7951,-18,27,94.9
7952,-16,12,93.54
7953,-15,6,92.18
7955,-13,8,102.67
7956,-12,-2,101.16
7957,-11,-26,99.65
7958,-10,-43,98.14
7960,-10,-24,104.53
7961,-9,-17,102.92
7962,-9,13,101.31
7963,-8,19,99.7
7965,-8,19,105
7966,-7,14,103.3
7967,-7,10,101.6
7968,-7,-2,109.8
7970,-7,0,108
7971,-7,-20,106.2
7972,-7,-33,104.4
7973,-6,-23,107.53
7975,-6,-11,105.66
7976,-6,0,103.79
7977,-6,25,101.92
7978,-5,30,100.05
7980,-5,15,106.12
7981,-5,15,104.19
7982,-4,8,102.26
7983,-4,2,100.33
7985,-4,5,107.3
7986,-4,-2,105.27
7987,-4,-23,103.24
7988,-4,-30,101.21
7990,-5,-22,104.18
7991,-5,-13,102.15
7992,-6,18,100.12
7993,-7,24,98.09
7995,-8,17,101.08
7996,-8,23,99.07
7997,-9,11,97.06
7998,-10,2,95.05
8000,-10,-3,99.02
8001,-11,-36,96.99
8002,-12,-22,94.96
8003,-12,-17,92.93
8005,-13,-11,95.96
8006,-13,0,93.99
8007,-14,2,92.02
8008,-14,6,90.05
8010,-14,8,91.09
8011,-15,5,89.13
8012,-15,-2,87.17
8013,-15,3,85.21
8015,-16,0,86.3
8016,-16,4,84.39
8017,-16,3,82.48
8018,-16,4,80.57
8020,-17,3,84.67
8021,-17,2,82.77
8022,-17,-2,80.87
8023,-18,1,78.97
8025,-18,2,78.15
8026,-19,-2,76.33
8027,-20,3,74.51
8028,-21,-12,72.69
8030,-22,1,72.97
8031,-23,2,71.25
8032,-24,3,69.53
8033,-26,0,67.81
8035,-27,3,69.12
8036,-29,4,67.43
8037,-30,6,65.74
8038,-32,-5,64.05
8040,-34,1,60.48
8041,-35,8,58.91
8042,-36,1,57.34
8043,-37,-4,55.77
8045,-38,1,55.28
8046,-39,-2,53.79
8047,-40,-1,52.3
8048,-40,0,50.81
8050,-41,-4,50.41
8051,-42,3,49.01
8052,-43,4,47.61
8053,-43,-10,46.21
8055,-44,2,41.91
8056,-46,1,40.61
8057,-47,1,39.31
8058,-48,4,38.01
8060,-50,1,39.78
8061,-51,2,38.55
8062,-53,3,37.32
8063,-54,-10,36.09
8065,-55,3,31
8066,-57,5,29.91
8067,-58,10,28.82
8068,-59,2,27.73
8070,-61,9,22.76
8071,-63,30,21.79
8072,-65,27,20.82
8073,-66,10,19.85
8075,-68,4,15.98
8076,-70,8,15.11
8077,-71,-7,14.24
8078,-73,-32,13.37
8080,-74,-27,9.65
8081,-75,-21,8.93
8082,-76,-17,8.21
8083,-77,18,7.49
8085,-77,12,4.87
8086,-78,17,4.25
8087,-77,6,-2.31
8088,-77,5,-2.87
8090,-76,1,-3.36
8091,-74,0,-3.85
8092,-73,-31,-4.34
8093,-71,-18,-7.7
8095,-68,-19,-8.06
8096,-66,-6,-8.42
8097,-63,23,-8.78
8098,-60,29,-9.09
8100,-56,20,-12.37
8101,-53,8,-12.65
8102,-49,8,-12.93
8103,-45,-2,-13.21
8105,-40,1,-17.37
8106,-36,-1,-17.53
8107,-32,-8,-17.69
8108,-27,-29,-17.85
8110,-23,-29,-19.9
8111,-19,-18,-19.95
8112,-15,0,-20
8113,-11,31,-20.05
8115,-8,25,-24.01
8116,-4,17,-23.97
8117,-2,12,-23.93
8118,0,14,-23.89
8120,2,2,-26.77
8121,5,3,-26.65
8122,7,-11,-26.53
8123,9,-37,-26.41
8125,11,-14,-30.19
8126,14,-19,-29.97
8127,16,-15,-29.75
8128,18,19,-29.53
8130,20,23,-29.26
8131,23,18,-28.99
8132,25,-11,-28.72
8133,27,-10,-28.45
8135,30,-7,-32.11
8136,32,-8,-31.77
8137,35,-11,-31.43
8138,37,-4,-31.09
8140,40,-1,-32.7
8141,42,6,-32.31
8142,45,5,-31.92
8143,47,-1,-31.53
8145,50,2,-34.05
8146,52,3,-33.57
8147,55,7,-33.09
8148,57,4,-32.61
8150,59,-6,-35.09
8151,61,1,-34.57
8152,63,-2,-34.05
8153,65,4,-33.53
8155,67,-3,-32.99
8156,69,0,-32.45
8157,71,0,-31.91
8158,74,-5,-31.37
8160,76,2,-33.77
8161,79,0,-33.17
8162,81,2,-32.57
8163,83,4,-31.97
8165,85,-2,-32.38
8166,87,3,-31.79
8167,88,-3,-31.2
8168,90,-3,-30.61
8170,92,5,-31
8171,93,-8,-30.39
8172,94,7,-29.78
8173,94,5,-29.17
8175,95,6,-30.53
8176,95,-9,-29.89
8177,94,9,-29.25
8178,93,4,-28.61
8180,92,1,-29.98
8181,91,2,-29.35
8182,90,-1,-28.72
8183,88,-1,-28.09
8185,87,4,-28.42
8186,85,0,-27.75
8187,84,-12,-27.08
8188,82,-7,-26.41
8190,80,2,-26.77
8191,79,5,-26.13
8192,77,2,-25.49
8193,75,3,-24.85
8195,74,6,-26.23
8196,72,6,-25.61
8197,71,4,-24.99
8198,70,2,-24.37
8200,69,-2,-24.77
8201,68,-2,-24.17
8202,67,3,-23.57
8203,66,33,-22.97
8205,66,23,-23.39
8206,65,20,-22.81
8207,64,17,-22.23
8208,64,13,-21.65
8210,63,-11,-22.08
8211,62,-32,-21.51
8212,62,-26,-21
8213,61,-17,-20.49
8215,60,-12,-20.97
8216,59,-7,-20.45
8217,58,1,-19.93
8218,57,29,-19.44
8220,55,23,-20.93
8221,53,12,-20.42
8222,52,4,-16.94
8223,51,-5,-16.46
8225,51,1,-16.01
8226,51,-6,-15.56
8227,52,-28,-15.11
8228,54,-29,-16.64
8230,57,-15,-16.21
8231,62,-2,-15.78
8232,68,26,-15.35
8233,75,23,-15.91
8235,85,24,-15.49
8236,97,15,-15.07
8237,110,9,-14.65
8238,123,2,-14.23
8240,141,2,-16.82
8241,163,-1,-16.41
8242,187,-5,-16
8243,213,-36,-15.59
8245,243,-20,-16.2
8246,277,-14,-15.81
8247,312,-1,-15.42
8248,350,23,-15.03
8250,387,18,-14.68
8251,425,12,-14.33
8252,463,12,-13.98
8253,500,-22,-13.63
8255,533,-24,-12.29
8256,564,-14,-11.95
8257,591,-15,-11.61
8258,615,-5,-11.27
8260,636,-2,-15.92
8261,652,-5,-15.57
8262,666,10,-15.22
8263,676,6,-14.87
8265,680,4,-13.55
8266,678,5,-13.23
8267,672,4,-12.91
8268,659,4,-12.59
8270,639,5,-12.3
8271,614,5,-12.01
8272,585,-1,-11.72
8273,554,-3,-11.43
8275,519,-1,-13.15
8276,483,-5,-12.87
8277,446,-2,-12.59
8278,408,-6,-12.31
8280,370,5,-10.05
8281,332,10,-9.79
8282,295,-8,-9.53
8283,259,7,-9.27
8285,224,0,-12.01
8286,191,3,-11.75
8287,158,-3,-11.49
8288,128,2,-11.23
8290,98,0,-11.97
8291,70,5,-11.71
8292,44,-2,-11.45
8293,20,7,-12.18
8295,-1,3,-11.92
8296,-22,0,-11.66
8297,-41,-2,-11.4
8298,-58,-1,-10.15
8300,-72,-1,-9.92
8301,-85,4,-9.69
8302,-96,-5,-9.46
8303,-106,-9,-10.22
8305,-114,3,-10
8306,-120,-1,-9.78
8307,-126,0,-9.56
8308,-130,2,-8.35
8310,-133,1,-8.15
8311,-135,4,-7.95
8312,-136,-1,-7.75
8313,-137,2,-6.56
8315,-137,1,-6.38
8316,-136,2,-6.2
8317,-135,-2,-6.02
8318,-133,3,-9.8
8320,-131,1,-9.6
8321,-129,0,-9.4
8322,-126,1,-9.2
8323,-123,-2,-9
8325,-120,36,-8.81
8326,-116,24,-8.62
8327,-112,19,-8.43
8328,-109,19,-8.24
8330,-106,9,-8.06
8331,-102,2,-7.88
8332,-99,-6,-7.7
8333,-96,-33,-7.52
8335,-93,-22,-7.35
8336,-90,-18,-7.18
8337,-87,-20,-7.01
8338,-83,15,-9.81
8340,-80,10,-9.62
8341,-77,12,-9.43
8342,-74,9,-9.24
8343,-71,6,-9.05
8345,-68,9,-8.88
8346,-65,-32,-8.71
8347,-62,-29,-11.48
8348,-60,-14,-11.25
8350,-58,-8,-11.02
8351,-56,2,-10.79
8352,-54,27,-10.56
8353,-53,18,-13.32
8355,-52,-22,-13.08
8356,-51,33,-12.84
8357,-49,16,-12.6
8358,-48,13,-13.36
8360,-47,-1,-13.12
8361,-46,2,-12.88
8362,-45,2,-12.64
8363,-44,-21,-10.42
8365,-43,-25,-10.23
8366,-42,-16,-10.04
8367,-42,-11,-9.85
8368,-41,24,-12.63
8370,-40,16,-12.42
8371,-39,10,-12.21
8372,-39,11,-12
8373,-38,12,-11.79
8375,-38,-2,-11.58
8376,-38,6,-11.37
8377,-38,-37,-11.16
8378,-38,-17,-16.89
8380,-38,-19,-16.61
8381,-38,-6,-16.33
8382,-38,-2,-16.05
8383,-38,-8,-13.79
8385,-38,-5,-13.58
8386,-37,5,-13.37
8387,-37,4,-13.16
8388,-37,3,-14.93
8390,-36,-9,-14.69
8391,-36,4,-14.45
8392,-36,11,-14.21
8393,-35,4,-13.97
8395,-35,1,-13.73
8396,-35,5,-13.49
8397,-34,2,-13.25
8398,-34,4,-14.99
8400,-34,8,-14.75
8401,-34,0,-14.51
8402,-33,-2,-14.27
8403,-33,0,-17
8405,-33,-1,-16.71
8406,-33,-7,-16.42
8407,-32,2,-16.13
8408,-32,1,-16.83
8410,-33,-2,-16.56
8411,-33,3,-16.29
8412,-33,-2,-16.02
8413,-33,1,-14.76
8415,-34,2,-14.51
8416,-34,-1,-14.26
8417,-35,1,-14.01
8418,-35,3,-14.76
8420,-35,5,-14.51
8421,-35,2,-14.26
8422,-34,-1,-14.01
8423,-34,-6,-15.73
8425,-34,-9,-15.45
8426,-34,7,-15.17
8427,-33,4,-14.89
8428,-33,4,-16.6
8430,-34,4,-16.31
8431,-34,-2,-16.02
8432,-35,-2,-15.73
8433,-35,4,-17.41
8435,-36,-15,-17.09
8436,-37,3,-16.77
8437,-37,3,-16.45
8438,-38,2,-16.12
8440,-39,5,-15.79
8441,-39,4,-15.46
8442,-39,-2,-15.13
8443,-40,28,-15.83
8445,-40,17,-15.53
8446,-41,15,-15.23
8447,-41,1,-14.93
8448,-42,4,-14.63
8450,-42,2,-14.33
8451,-43,-15,-14.03
8452,-44,-28,-14.72
8453,-45,-20,-14.41
8455,-45,-9,-14.1
8456,-46,-15,-13.79
8457,-47,29,-13.48
8458,-48,19,-7.23
8460,-48,16,-6.98
8461,-49,17,-6.73
8462,-49,5,-6.48
8463,-49,9,-6.26
8465,-49,2,-6.04
8466,-49,-26,-5.82
8467,-49,-19,-5.6
8468,-49,-19,-1.42
8470,-49,-12,-1.24
8471,-50,-2,-1.06
8472,-50,3,-0.91
8473,-50,38,3.2
8475,-50,21,3.31
8476,-50,15,3.42
8477,-50,8,3.53
8478,-50,5,8.56
8480,-50,-3,8.59
8481,-49,-6,8.62
8482,-49,-7,8.65
8483,-49,-31,15.6
8485,-49,-25,15.55
8486,-49,-9,15.5
8487,-49,-9,15.45
8488,-50,33,21.36
8490,-50,18,21.27
8491,-50,19,21.18
8492,-50,9,21.09
8493,-51,13,29.88
8495,-51,0,29.67
8496,-51,-7,29.46
8497,-51,-6,29.25
8498,-51,-26,37.95
8500,-51,-19,37.65
8501,-51,-12,37.35
8502,-51,16,37.05
8503,-51,19,45.6
8505,-51,11,45.15
8506,-51,-12,44.7
8507,-51,-16,44.25
8508,-51,-21,54.71
8510,-51,-14,54.17
8511,-51,-6,53.63
8512,-51,1,53.09
8513,-51,-1,65.4
8515,-51,8,64.71
8516,-51,6,64.02
8517,-50,7,63.33
8518,-50,2,70.56
8520,-49,-4,69.79
8521,-47,4,69.02
8522,-46,0,68.25
8523,-44,3,79.34
8525,-43,3,78.43
8526,-41,-1,77.52
8527,-39,-2,76.61
8528,-38,1,85.57
8530,-36,-4,84.53
8531,-34,-3,83.49
8532,-32,-1,82.45
8533,-29,3,94.27
8535,-27,0,93.09
8536,-24,4,91.91
8537,-21,1,90.73
8538,-18,-6,98.47
8540,-14,6,97.21
8541,-11,5,95.95
8542,-7,-2,94.69
8543,-3,4,104.31
8545,0,4,102.93
8546,4,4,101.55
8547,7,1,100.17
8548,11,0,111.64
8550,14,-6,110.11
8551,17,3,108.58
8552,20,-2,107.05
8553,24,0,114.41
8555,27,0,112.77
8556,30,-11,111.13
8557,32,0,109.49
8558,35,1,119.71
8560,39,6,117.93
8561,42,2,116.15
8562,45,4,114.37
8563,48,5,122.49
8565,50,3,120.61
8566,53,1,118.73
8567,55,0,116.85
8568,58,5,122.88
8570,60,7,120.91
8571,62,-1,118.94
8572,63,-4,116.97
8573,65,1,124.9
8575,66,0,122.83
8576,67,-1,120.76
8577,69,-2,118.68
8578,70,0,123.53
8580,70,52,121.38
8581,71,27,119.23
8582,72,21,117.08
8583,72,9,122.91
8585,73,12,120.74
8586,73,-8,118.57
8587,73,-11,116.4
8588,73,-46,121.16
8590,73,-29,118.92
8591,73,-29,116.68
8592,73,-13,114.44
8593,73,18,121.15
8595,72,23,118.86
8596,72,19,116.57
8597,72,18,116.26
8598,72,2,113.99
8600,72,-5,111.72
8601,72,-13,109.45
8602,71,-20,118.07
8603,71,-20,115.74
8605,70,-7,113.41
8606,69,-5,111.08
8607,69,29,115.68
8608,68,23,113.35
8610,67,13,111.02
8611,66,15,108.69
8612,65,5,106.36
8613,64,-1,107.06
8615,63,-6,104.76
8616,62,0,102.46
8617,61,-3,100.16
8618,60,-28,103.89
8620,59,-22,101.62
8621,58,-17,99.35
8622,57,-15,97.08
8623,56,21,98.86
8625,55,20,96.64
8626,53,15,94.42
8627,52,16,92.2
8628,51,-15,92.05
8630,50,-24,89.9
8631,49,-20,87.75
8632,47,-8,85.6
8633,46,-1,86.53
8635,45,3,84.46
8636,43,-5,82.39
8637,42,10,80.32
8638,41,11,79.37
8640,39,4,77.42
8641,38,2,75.47
8642,36,0,73.52
8643,35,5,72.64
8645,33,-12,70.76
8646,32,-2,68.88
8647,31,1,67
8648,29,9,63.26
8650,28,3,61.52
8651,26,2,59.78
8652,25,0,58.04
8653,23,3,58.38
8655,22,1,56.72
8656,21,2,55.06
8657,20,-1,53.4
8658,19,3,52.86
8660,18,0,51.32
8661,17,1,49.78
8662,16,-2,48.24
8663,15,2,47.78
8665,14,2,46.32
8666,14,2,44.86
8667,13,4,43.4
8668,12,-10,40.07
8670,11,1,38.74
8671,10,3,37.41
8672,9,-1,36.08
8673,7,4,29.93
8675,6,-8,28.78
8676,4,-2,27.63
8677,3,2,26.48
8678,1,2,22.45
8680,0,3,21.42
8681,-2,5,20.39
8682,-4,-8,19.36
8683,-6,2,15.48
8685,-8,3,14.6
8686,-10,1,13.72
8687,-12,2,12.84
8688,-15,8,10.08
8690,-17,1,9.32
8691,-19,4,8.56
8692,-22,5,7.8
8693,-24,0,3.16
8695,-27,-1,2.52
8696,-29,-1,1.88
8697,-32,2,1.24
8698,-34,0,-6.23
8700,-37,-4,-6.7
8701,-39,41,-7.17
8702,-42,26,-7.64
8703,-44,12,-11.01
8705,-46,20,-11.38
8706,-48,9,-11.75
8707,-50,2,-12.12
8708,-51,-35,-17.36
8710,-52,-31,-17.6
8711,-53,-27,-17.84
8712,-54,-12,-18.08
8713,-55,3,-25.18
8715,-55,17,-25.28
8716,-55,16,-25.38
8717,-54,10,-28.45
8718,-53,4,-28.43
8720,-52,-2,-28.41
8721,-50,-22,-32.35
8722,-47,-32,-32.27
8723,-45,-23,-32.19
8725,-42,-15,-32.11
8726,-38,0,-32.03
8727,-35,30,-34.81
8728,-31,35,-34.59
8730,-28,24,-34.37
8731,-24,20,-34.15
8732,-20,9,-33.86
8733,-16,3,-40.5
8735,-13,-3,-40.14
8736,-9,-4,-39.78
8737,-6,-6,-39.42
8738,-2,-36,-45.96
8740,0,-26,-45.5
8741,4,-9,-45.04
8742,7,0,-44.58
8743,11,24,-45.05
8745,14,23,-44.52
8746,17,11,-43.99
8747,20,16,-43.46
8748,22,6,-47.84
8750,25,-6,-47.22
8751,27,-8,-46.6
8752,29,-7,-45.98
8753,31,-29,-49.3
8755,33,-20,-48.62
8756,35,-9,-47.94
8757,36,-5,-47.26
8758,38,2,-47.54
8760,39,-2,-46.82
8761,41,5,-46.1
8762,42,-1,-45.38
8763,43,6,-51.58
8765,44,5,-50.78
8766,45,-6,-49.98
8767,46,4,-49.18
8768,46,4,-49.36
8770,47,-1,-48.54
8771,48,-5,-47.72
8772,48,0,-46.9
8773,49,3,-50.06
8775,49,4,-49.22
8776,50,0,-48.38
8777,51,-8,-47.54
8778,52,5,-51.63
8780,53,6,-50.72
8781,54,4,-49.81
8782,55,-1,-48.9
8783,55,3,-48.97
8785,56,-2,-48.04
8786,56,5,-47.11
8787,57,-1,-46.18
8788,57,-1,-49.2
8790,56,3,-48.22
8791,56,2,-47.24
8792,55,-11,-46.26
8793,55,3,-48.27
8795,54,-2,-47.28
8796,53,3,-46.29
8797,52,5,-46.29
8798,51,1,-45.34
8800,50,-2,-44.39
8801,49,0,-43.44
8802,48,-1,-45.46
8803,46,1,-44.51
8805,45,-3,-43.56
8806,44,0,-42.61
8807,42,0,-45.62
8808,41,2,-44.66
8810,39,0,-43.7
8811,37,-3,-42.74
8812,35,0,-42.77
8813,32,0,-41.82
8815,30,5,-40.87
8816,28,2,-39.92
8817,25,2,-43.92
8818,23,3,-42.96
8820,21,38,-42
8821,19,28,-41.04
8822,17,16,-42.06
8823,15,17,-41.15
8825,13,11,-40.24
8826,12,8,-39.33
8827,10,-34,-37.43
8828,8,-31,-36.56
8830,7,-23,-35.69
8831,5,-12,-34.82
8832,4,12,-38.9
8833,3,26,-38.03
8835,2,13,-37.16
8836,1,14,-36.29
8837,1,0,-36.41
8838,0,-5,-35.6
8840,0,-7,-34.79
8841,0,-35,-37.94
8842,-1,-35,-37.12
8843,-2,-23,-36.3
8845,-4,-11,-35.48
8846,-6,3,-34.7
8847,-7,44,-35.9
8848,-8,28,-35.1
8850,-8,17,-34.3
8851,-8,17,-33.5
8852,-6,5,-30.75
8853,-2,-1,-30
8855,2,-3,-29.25
8856,9,-11,-28.5
8857,18,-16,-35.67
8858,29,-31,-34.91
8860,41,-15,-34.15
8861,55,-13,-33.39
8862,74,15,-33.62
8863,96,32,-32.92
8865,122,22,-32.22
8866,150,11,-31.52
8867,182,14,-30.82
8868,218,6,-30.13
8870,256,4,-29.44
8871,295,-2,-28.75
8872,335,-12,-31.03
8873,377,-23,-30.36
8875,418,-16,-29.69
8876,459,-17,-29.02
8877,497,-7,-30.33
8878,532,-5,-29.68
8880,563,-3,-29.03
8881,591,4,-28.38
8882,614,3,-30.7
8883,633,3,-30.03
8885,648,-6,-29.36
8886,660,3,-28.69
8887,664,3,-30
8888,664,-7,-29.38
8890,658,-1,-28.76
8891,648,5,-28.14
8892,631,7,-30.49
8893,608,3,-29.85
8895,581,2,-29.21
8896,550,1,-28.57
8897,515,3,-30.9
8898,478,1,-30.27
8900,438,-1,-29.64
8901,398,-1,-29.01
8902,357,0,-26.4
8903,315,-12,-25.84
8905,274,4,-25.28
8906,234,2,-24.72
8907,194,-1,-26.14
8908,155,3,-25.57
8910,117,1,-25
8911,82,1,-24.43
8912,48,2,-25.84
8913,16,-5,-25.29
8915,-14,3,-24.74
8916,-42,4,-24.19
8917,-67,-2,-24.63
8918,-91,-8,-24.1
8920,-113,2,-23.57
8921,-132,2,-23.04
8922,-149,4,-28.46
8923,-165,-1,-27.88
8925,-178,3,-27.3
8926,-189,3,-26.72
8927,-199,3,-27.16
8928,-207,2,-26.6
8930,-214,-1,-26.04
8931,-219,-1,-25.48
8932,-224,-2,-24.96
8933,-227,0,-24.44
8935,-228,1,-23.92
8936,-229,-2,-23.4
8937,-229,14,-26.85
8938,-228,48,-26.3
8940,-227,11,-25.75
8941,-225,7,-25.2
8942,-222,7,-24.7
8943,-220,-2,-24.2
8945,-217,-2,-23.7
8946,-213,-22,-27.16
8947,-210,-39,-26.64
8948,-206,-23,-26.12
8950,-202,-13,-25.6
8951,-198,-3,-25.08
8952,-195,31,-22.57
8953,-191,21,-22.06
8955,-187,11,-21.55
8956,-183,-11,-21.04
8957,-180,31,-25.53
8958,-176,14,-25.02
8960,-173,-7,-24.51
8961,-170,-33,-24
8962,-167,-19,-20.53
8963,-164,-16,-20.06
8965,-161,-5,-19.59
8966,-158,-9,-19.16
8967,-156,20,-25.66
8968,-153,31,-25.16
8970,-150,27,-24.66
8971,-148,24,-24.16
8972,-145,11,-23.68
8973,-143,-2,-23.2
8975,-140,-1,-22.72
8976,-138,-9,-22.24
8977,-136,-14,-24.71
8978,-134,-28,-24.18
8980,-132,-18,-23.65
8981,-131,-14,-23.12
8982,-129,19,-23.66
8983,-128,20,-23.2
8985,-127,16,-22.74
8986,-125,13,-22.28
8987,-124,14,-23.81
8988,-124,5,-23.34
8990,-123,4,-22.87
8991,-123,-9,-22.4
8992,-123,-25,-24.9
8993,-123,-31,-24.4
8995,-122,-20,-23.9
8996,-122,-15,-23.4
8997,-122,10,-24.91
8998,-121,23,-24.42
9000,-120,19,-23.93
9001,-120,10,-23.44
9002,-119,11,-27.92
9003,-118,-15,-27.4
9005,-117,-17,-26.88
9006,-116,-22,-26.36
9007,-116,-7,-25.87
9008,-115,-7,-25.38
9010,-114,-2,-24.89
9011,-113,-11,-24.4
9012,-113,6,-23.93
9013,-112,8,-23.46
9015,-111,5,-22.99
9016,-110,4,-22.52
9017,-109,6,-28.02
9018,-108,-2,-27.52
9020,-108,1,-27.02
9021,-107,0,-26.52
9022,-106,1,-26.05
9023,-105,3,-25.58
9025,-105,0,-25.11
9026,-104,0,-24.64
9027,-103,6,-25.14
9028,-103,1,-24.64
9030,-102,-4,-24.14
9031,-102,-1,-23.64
9032,-101,3,-27.12
9033,-101,2,-26.6
9035,-100,2,-26.08
9036,-100,-9,-25.56
9037,-99,0,-26.05
9038,-99,4,-25.54
9040,-99,-1,-25.03
9041,-99,4,-24.52
9042,-99,4,-25.01
9043,-99,3,-24.5
9045,-99,3,-23.99
9046,-99,-4,-23.48
9047,-99,6,-26
9048,-99,0,-25.52
9050,-99,-1,-25.04
9051,-98,-2,-24.56
9052,-98,0,-28.05
9053,-98,-8,-27.54
9055,-98,2,-27.03
9056,-98,0,-26.52
9057,-98,4,-28.98
9058,-98,1,-28.44
9060,-97,0,-27.9
9061,-97,3,-27.36
9062,-96,2,-28.84
9063,-96,1,-28.32
9065,-95,-1,-27.8
9066,-95,2,-27.28
9067,-94,1,-28.74
9068,-94,1,-28.2
9070,-94,-1,-27.66
9071,-94,2,-27.16
9072,-94,-4,-23.69
9073,-94,27,-23.22
9075,-94,29,-22.75
9076,-95,16,-25.25
9077,-96,5,-24.73
9078,-96,0,-24.21
9080,-97,4,-23.69
9081,-98,-20,-23.17
9082,-99,-27,-22.7
9083,-100,-26,-22.23
9085,-101,-19,-21.76
9086,-101,-5,-16.34
9087,-102,17,-15.89
9088,-102,32,-15.44
9090,-102,25,-14.99
9091,-102,18,-14.54
9092,-102,20,-14.16
9093,-103,9,-13.78
9095,-103,-3,-13.4
9096,-103,-2,-13.02
9097,-103,-6,-5.71
9098,-103,-31,-5.4
9100,-103,-24,-5.09
9101,-103,-20,-4.78
9102,-103,-9,-0.54
9103,-102,22,-0.3
9105,-102,20,-0.06
9106,-101,20,0.18
9107,-101,9,5.36
9108,-100,9,5.54
9110,-100,11,5.72
9111,-100,-6,5.9
9112,-99,-3,13.98
9113,-99,-30,14.06
9115,-99,-26,14.14
9116,-98,-30,14.22
9117,-98,-3,21.2
9118,-98,18,21.18
9120,-98,16,21.16
9121,-98,20,21.14
9122,-98,15,30.01
9123,-98,8,29.88
9125,-98,7,29.75
9126,-98,1,29.62
9127,-98,-13,38.35
9128,-97,-33,38.08
9130,-97,-17,37.81
9131,-97,-11,37.54
9132,-97,-5,48.16
9133,-97,-5,47.78
9135,-97,-1,47.4
9136,-97,3,47.02
9137,-97,10,55.55
9138,-97,-5,55.08
9140,-97,4,54.61
9141,-97,1,54.14
9142,-97,10,65.49
9143,-97,-16,64.84
9145,-97,-1,64.19
9146,-97,2,63.54
9147,-96,4,70.81
9148,-95,3,70.08
9150,-95,5,69.35
9151,-94,5,68.62
9152,-93,2,82.73
9153,-91,0,81.84
9155,-89,-1,80.95
9156,-88,-7,80.06
9157,-86,0,87.05
9158,-83,0,86.04
9160,-80,2,85.03
9161,-77,3,84.02
9162,-74,3,92.9
9163,-71,3,91.78
9165,-67,1,90.66
9166,-64,9,89.54
9167,-60,6,97.32
9168,-57,-2,96.1
9170,-53,3,94.88
9171,-49,-3,93.66
9172,-46,-4,102.31
9173,-42,-4,100.96
9175,-39,-6,99.61
9176,-35,-1,98.26
9177,-32,4,107.76
9178,-29,-2,106.26
9180,-26,0,104.76
9181,-23,4,103.26
9182,-20,0,109.65
9183,-17,1,108.04
9185,-15,-2,106.43
9186,-12,3,104.82
9187,-10,0,111.11
9188,-8,0,109.4
9190,-6,2,107.69
9191,-4,1,105.98
9192,-2,3,113.16
9193,0,27,111.34
9195,1,14,109.52
9196,2,9,117.6
9197,5,11,115.71
9198,7,-1,113.82
9200,9,2,119.85
9201,11,-2,117.85
9202,12,-30,115.85
9203,14,-19,113.85
9205,16,-24,111.85
9206,17,-8,114.8
9207,18,21,112.75
9208,19,33,110.7
9210,20,24,108.65
9211,21,15,106.65
9212,21,9,110.59
9213,22,8,108.53
9215,22,-2,106.47
9216,22,-6,104.41
9217,22,-6,110.27
9218,23,-27,108.13
9220,23,-23,105.99
9221,23,-17,103.85
9222,23,-8,104.75
9223,23,20,102.65
9225,23,18,100.55
9226,23,16,98.45
9227,23,17,103.32
9228,23,12,101.19
9230,22,8,99.06
9231,21,-4,96.93
9232,21,-5,99.8
9233,20,-36,97.67
9235,18,-30,95.54
9236,17,-9,93.41
9237,16,-11,94.33
9238,15,26,92.25
9240,14,20,90.17
9241,13,-16,88.09
9242,12,24,90.04
9243,11,15,87.99
9245,10,10,85.94
9246,9,7,83.89
9247,8,-8,86.88
9248,7,-29,84.87
9250,5,-21,82.86
9251,4,-14,80.85
9252,2,-11,78.93
9253,1,32,77.01
9255,0,23,75.09
9256,-1,20,73.17
9257,-3,-19,77.3
9258,-4,-21,75.43
9260,-5,-10,73.56
9261,-6,-9,71.69
9262,-7,-10,68.92
9263,-8,-2,67.15
9265,-9,7,65.38
9266,-10,5,63.61
9267,-10,7,64.93
9268,-11,4,63.25
9270,-11,0,61.57
9271,-12,-3,59.89
9272,-12,-6,57.3
9273,-13,1,55.71
9275,-14,2,54.12
9276,-15,0,52.53
9277,-16,1,53.07
9278,-17,-1,51.61
9280,-18,1,50.15
9281,-19,2,48.69
9282,-20,-5,48.3
9283,-21,-9,46.91
9285,-22,3,45.52
9286,-23,2,44.13
9287,-24,-9,39.87
9288,-25,7,38.61
9290,-26,4,37.35
9291,-27,7,36.09
9292,-28,4,32.94
9293,-29,1,31.79
9295,-30,1,30.64
9296,-31,1,29.49
9297,-33,6,26.46
9298,-34,5,25.43
9300,-35,0,24.4
9301,-37,-1,23.37
9302,-39,-1,22.45
9303,-41,-5,21.53
9305,-42,1,20.61
9306,-44,-1,13.75
9307,-46,2,12.97
9308,-48,0,12.19
9310,-50,2,11.41
9311,-52,3,6.67
9312,-55,0,6.01
9313,-57,0,5.35
9315,-60,-1,4.69
9316,-62,-1,0.07
9317,-64,-16,-0.46
9318,-67,-7,-0.99
9320,-69,1,-1.52
9321,-71,4,-6.9
9322,-73,0,-7.28
9323,-75,5,-7.66
9325,-77,5,-7.96
9326,-79,5,-11.23
9327,-80,4,-11.5
9328,-82,4,-11.77
9330,-84,38,-12.04
9331,-85,32,-19.19
9332,-86,22,-19.34
9333,-87,17,-19.49
9335,-88,8,-19.64
9336,-88,1,-24.74
9337,-87,-6,-24.78
9338,-86,-40,-24.82
9340,-85,-30,-24.86
9341,-83,-25,-29.85
9342,-80,-19,-29.76
9343,-77,11,-29.67
9345,-73,7,-29.58
9346,-70,14,-32.46
9347,-66,14,-32.31
9348,-62,6,-32.16
9350,-58,5,-38.94
9351,-54,-22,-38.72
9352,-50,-23,-38.43
9353,-45,-14,-38.14
9355,-41,-15,-41.81
9356,-37,-3,-41.48
9357,-33,40,-41.1
9358,-29,23,-40.72
9360,-25,25,-40.34
9361,-21,18,-45.9
9362,-17,8,-45.43
9363,-13,4,-44.96
9365,-9,-7,-44.49
9366,-6,-12,-46.99
9367,-3,-7,-46.45
9368,0,-32,-45.91
9370,1,-27,-45.37
9371,4,-8,-48.79
9372,6,-11,-48.16
9373,8,35,-47.53
9375,9,16,-46.9
9376,11,14,-48.25
9377,13,-15,-47.6
9378,14,-8,-46.95
9380,16,-10,-46.3
9381,17,-11,-50.6
9382,18,-8,-49.84
9383,19,-9,-49.08
9385,20,-3,-48.32
9386,21,6,-51.52
9387,22,0,-50.73
9388,23,1,-49.94
9390,24,-6,-49.15
9391,24,10,-53.31
9392,25,4,-52.44
9393,25,4,-51.57
9395,26,-3,-50.7
9396,26,0,-52.8
9397,27,2,-51.91
9398,27,3,-51.02
9400,28,-1,-50.13
9401,28,-8,-52.21
9402,29,-5,-51.27
9403,29,4,-50.33
9405,30,5,-49.39
9406,30,8,-54.39
9407,31,4,-53.38
9408,31,1,-52.37
9410,31,1,-51.36
9411,31,-2,-50.35
9412,32,-3,-49.37
9413,32,-9,-48.39
9415,32,4,-47.41
9416,32,7,-50.39
9417,32,-1,-49.39
9418,32,5,-48.39
9420,32,2,-47.39
9421,31,1,-48.37
9422,30,3,-47.37
9423,29,1,-46.37
9425,28,1,-45.37
9426,27,-1,-50.31
9427,25,-1,-49.25
9428,23,-4,-48.19
9430,21,-1,-47.13
9431,19,1,-49.1
9432,17,2,-48.07
9433,15,-2,-47.04
9435,13,6,-46.01
9436,11,3,-47
9437,9,3,-45.99
9438,7,-2,-44.98
9440,6,-2,-43.97
9441,5,-2,-44.98
9442,4,-6,-43.99
9443,3,-2,-43
9445,3,4,-42.01
9446,2,-1,-43.05
9447,1,12,-42.09
9448,1,-11,-41.13
9450,0,40,-40.17
9451,0,37,-43.2
9452,-1,14,-42.23
9453,-2,12,-41.26
9455,-3,9,-40.29
9456,-4,-4,-39.39
9457,-5,-2,-38.49
9458,-6,-36,-37.59
9460,-7,-26,-36.69
9461,-9,-19,-41.78
9462,-10,-31,-40.87
9463,-12,11,-39.96
9465,-13,20,-39.05
9466,-15,14,-44.13
9467,-17,11,-43.21
9468,-20,13,-42.29
9470,-21,1,-40.38
9471,-22,-30,-39.5
9472,-21,-25,-38.62
9473,-20,-15,-37.74
9475,-17,-9,-38.91
9476,-11,-7,-38.08
9477,-5,31,-37.25
9478,2,28,-36.42
9480,11,23,-35.63
9481,22,21,-37.81
9482,36,7,-36.99
9483,51,-1,-36.17
9485,68,-5,-35.35
9486,90,-5,-37.56
9487,115,-4,-36.77
9488,144,-26,-35.98
9490,175,-21,-35.19
9491,210,-10,-35.42
9492,249,-9,-34.65
9493,289,31,-33.88
9495,331,18,-33.11
9496,373,15,-35.35
9497,415,9,-34.59
9498,456,12,-33.83
9500,495,5,-33.07
9501,531,-8,-36.29
9502,563,-35,-35.51
9503,591,-20,-34.73
9505,616,-14,-33.95
9506,636,-13,-36.19
9507,651,-6,-35.43
9508,662,5,-34.67
9510,669,1,-33.91
9511,669,7,-34.18
9512,662,2,-33.45
9513,651,2,-32.72
9515,635,0,-31.99
9516,613,-2,-35.27
9517,585,-7,-34.55
9518,553,5,-33.83
9520,517,1,-33.11
9521,479,3,-33.41
9522,438,-6,-32.71
9523,397,4,-32.01
9525,354,48,-31.31
9526,312,28,-31.63
9527,270,14,-30.95
9528,228,-19,-30.27
9530,188,-16,-29.59
9531,149,-12,-31.94
9532,111,-15,-31.29
9533,75,-12,-30.64
9535,41,-9,-29.99
9536,9,-2,-31.32
9537,-21,6,-30.65
9538,-49,16,-29.98
9540,-76,2,-29.31
9541,-100,3,-31.65
9542,-122,1,-30.99
9543,-142,0,-30.33
9545,-160,0,-29.67
9546,-176,-1,-30.02
9547,-191,-8,-29.37
9548,-203,-2,-28.72
9550,-214,0,-28.07
9551,-223,3,-29.46
9552,-231,1,-28.85
9553,-237,7,-28.24
9555,-242,4,-27.63
9556,-246,0,-30.02
9557,-248,-1,-29.41
9558,-250,4,-28.8
9560,-250,-1,-28.19
9561,-250,-10,-29.58
9562,-249,-7,-28.97
9563,-247,1,-28.36
9565,-245,-3,-27.75
9566,-242,5,-29.14
9567,-238,-11,-28.53
9568,-235,5,-27.92
9570,-231,4,-27.31
9571,-227,5,-27.71
9572,-224,1,-27.11
9573,-220,4,-26.51
9575,-216,5,-25.91
9576,-212,3,-28.32
9577,-208,-4,-27.73
9578,-204,-3,-27.14
9580,-200,2,-26.55
9581,-196,-8,-25.96
9582,-192,-8,-25.37
9583,-188,45,-24.78
9585,-184,37,-24.19
9586,-180,21,-27.62
9587,-176,14,-27.05
9588,-173,9,-26.48
9590,-169,7,-25.91
9591,-166,-35,-27.38
9592,-164,-32,-26.85
9593,-161,-27,-26.32
9595,-159,-14,-25.78
9596,-157,-12,-26.23
9597,-155,-10,-25.68
9598,-153,23,-25.13
9600,-152,27,-24.6
9601,-150,9,-26.05
9602,-148,7,-25.5
9603,-146,5,-28.91
9605,-145,0,-28.32
9606,-143,-11,-27.76
9607,-141,-29,-27.2
9608,-140,-23,-26.64
9610,-138,-3,-25.09
9611,-137,-3,-24.57
9612,-136,34,-24.05
9613,-135,12,-23.53
9615,-135,18,-23.01
9616,-135,21,-24.48
9617,-135,12,-23.95
9618,-135,4,-23.42
9620,-135,-4,-22.89
9621,-135,-5,-26.35
9622,-135,2,-25.81
9623,-135,-34,-25.27
9625,-135,-23,-24.73
9626,-134,-21,-25.22
9627,-134,-19,-24.71
9628,-133,30,-24.2
9630,-133,22,-23.69
9631,-132,15,-26.18
9632,-132,-22,-25.67
9633,-131,-11,-25.16
9635,-130,-6,-24.65
9636,-130,-8,-27.12
9637,-129,-11,-26.59
9638,-128,-16,-26.06
9640,-127,-2,-25.53
9641,-126,10,-26.03
9642,-125,-3,-25.53
9643,-124,5,-25.03
9645,-123,5,-24.53
9646,-122,6,-26.02
9647,-121,4,-25.51
9648,-119,1,-25
9650,-118,2,-24.49
9651,-117,1,-28.94
9652,-116,2,-28.39
9653,-115,-4,-27.84
9655,-114,4,-27.29
9656,-113,6,-29.74
9657,-113,2,-29.19
9658,-112,3,-28.64
9660,-112,-2,-28.09
9661,-111,6,-28.55
9662,-111,-1,-28.01
9663,-110,2,-27.47
9665,-109,0,-26.93
9666,-109,7,-26.42
9667,-108,-1,-25.91
9668,-108,-7,-25.4
9670,-108,0,-24.89
9671,-107,1,-29.34
9672,-107,-2,-28.79
9673,-107,2,-28.24
9675,-107,-2,-27.69
9676,-107,2,-31.12
9677,-107,1,-30.55
9678,-107,0,-29.98
9680,-107,1,-29.41
9681,-107,-1,-24.91
9682,-107,1,-24.41
9683,-107,-1,-23.91
9685,-107,-2,-23.41
9686,-106,4,-27.88
9687,-106,2,-27.35
9688,-105,1,-26.82
9690,-105,-4,-26.29
9691,-104,2,-26.77
9692,-104,2,-26.25
9693,-103,6,-25.73
9695,-103,-6,-25.21
9696,-102,-4,-26.68
9697,-102,1,-26.15
9698,-102,1,-25.62
9700,-101,4,-25.09
9701,-101,3,-23.6
9702,-101,7,-23.11
9703,-102,34,-22.62
9705,-102,17,-23.12
9706,-102,12,-22.62
9707,-103,2,-22.12
9708,-104,-3,-16.67
9710,-105,-4,-16.22
9711,-106,-7,-15.81
9712,-107,-32,-15.4
9713,-108,-22,-14.99
9715,-109,-31,-15.57
9716,-110,-8,-15.17
9717,-110,30,-14.77
9718,-111,25,-14.37
9720,-112,21,-13.97
9721,-112,22,-10.61
9722,-112,17,-10.25
9723,-113,9,-9.89
9725,-113,-6,-9.53
9726,-113,-37,-6.22
9727,-113,-22,-5.91
9728,-114,-21,-5.64
9730,-114,-15,-5.37
9731,-114,-5,0.84
9732,-114,27,1.05
9733,-115,36,1.26
9735,-115,24,1.48
9736,-115,17,8.63
9737,-115,13,8.78
9738,-115,1,8.93
9740,-115,-3,9.08
9741,-114,-8,17.13
9742,-114,-9,17.18
9743,-113,-33,17.23
9745,-112,-20,17.28
9746,-111,-20,25.21
9747,-110,27,25.14
9748,-109,11,25.07
9750,-108,16,25
9751,-107,12,32.84
9752,-106,4,32.68
9753,-106,-21,32.52
9755,-105,-21,32.36
9756,-105,-13,41.08
9757,-104,-10,40.8
9758,-104,-7,40.52
9760,-104,-12,40.24
9761,-103,2,48.84
9762,-103,8,48.44
9763,-102,4,48.04
9765,-102,2,47.64
9766,-101,3,57.13
9767,-101,6,56.62
9768,-100,1,56.11
9770,-100,0,55.6
9771,-99,1,63.98
9772,-98,4,63.36
9773,-96,-5,62.74
9775,-95,-4,62.12
9776,-94,-2,71.35
9777,-92,-7,70.58
9778,-90,3,69.81
9780,-88,1,69.04
9781,-86,6,77.15
9782,-83,4,76.26
9783,-80,4,75.37
9785,-77,2,74.48
9786,-74,-1,79.52
9787,-71,-3,78.56
9788,-68,1,77.6
9790,-65,0,76.64
9791,-61,10,82.61
9792,-58,2,81.58
9793,-54,-3,80.55
9795,-50,-2,79.52
9796,-47,1,89.33
9797,-43,-8,88.14
9798,-40,0,86.95
9800,-37,-11,85.76
9801,-33,3,92.45
9802,-30,8,91.14
9803,-27,-11,89.83
9805,-24,4,93.47
9806,-21,6,92.15
9807,-18,5,90.83
9808,-15,1,89.51
9810,-13,8,95.12
9811,-10,3,93.68
9812,-8,4,92.24
9813,-6,3,90.8
9815,-4,2,97.28
9816,-2,0,95.75
9817,-1,-4,94.22
9818,0,-4,92.69
9820,2,-1,99.08
9821,3,-1,97.45
9822,4,21,95.82
9823,5,32,94.19
9825,6,23,99.49
9826,7,6,97.8
9827,7,6,96.11
9828,8,-5,96.4
9830,8,-6,94.68
9831,9,-26,92.96
9832,9,-36,91.24
9833,9,-13,89.57
9835,9,-12,94.83
9836,9,-3,93.09
9837,9,26,91.35
9838,9,19,89.61
9840,9,25,93.8
9841,9,15,91.99
9842,9,6,90.18
9843,9,3,88.37
9845,9,1,92.5
9846,9,-6,90.66
9847,8,-13,88.82
9848,8,-37,86.98
9850,7,-24,87.12
9851,6,-16,85.29
9852,5,18,83.46
9853,4,30,81.63
9855,3,8,85.74
9856,1,-10,83.91
9857,0,25,82.08
9858,-1,17,80.25
9860,-3,12,80.4
9861,-4,-3,78.62
9862,-6,-14,76.84
9863,-8,-28,75.06
9865,-9,-14,78.23
9866,-11,-19,76.48
9867,-12,-2,74.73
9868,-14,12,72.98
9870,-15,18,75.19
9871,-16,18,73.48
9872,-17,18,71.77
9873,-18,13,70.06
9875,-18,2,69.34
9876,-19,-29,67.7
9877,-20,-23,66.06
9878,-21,-13,64.42
9880,-22,-10,63.77
9881,-22,-4,62.21
9882,-23,4,60.65
9883,-24,-1,59.09
9885,-25,6,61.49
9886,-26,-2,59.98
9887,-27,5,58.47
9888,-28,3,56.96
9890,-29,5,55.45
9891,-30,-6,54.04
9892,-32,6,52.63
9893,-33,0,51.22
9895,-35,0,50.8
9896,-37,0,49.47
9897,-38,-19,48.14
9898,-40,12,46.81
9900,-42,5,45.48
9901,-43,3,44.25
9902,-45,3,43.02
9903,-47,-1,41.79
9905,-48,-6,38.58
9906,-49,6,37.46
9907,-51,-6,36.34
9908,-52,5,35.22
9910,-53,3,30.14
9911,-55,6,29.12
9912,-56,1,28.1
9913,-57,3,27.08
9915,-59,0,24.08
9916,-61,6,23.15
9917,-62,-6,22.22
9918,-64,-5,21.29
9920,-66,0,18.38
9921,-67,0,17.58
9922,-69,7,16.78
9923,-70,1,15.98
9925,-72,-4,12.21
9926,-73,3,11.52
9927,-74,2,10.83
9928,-76,1,10.14
9930,-78,0,2.57
9931,-80,-1,2
9932,-82,-3,1.43
9933,-84,2,0.86
9935,-86,-13,-2.61
9936,-89,4,-3.08
9937,-91,4,-3.55
9938,-93,3,-4.02
9940,-96,4,-10.35
9941,-98,4,-10.68
9942,-101,25,-11.01
9943,-103,33,-11.34
9945,-106,13,-19.51
9946,-108,6,-19.68
9947,-110,-1,-19.85
9948,-112,-10,-25.96
9950,-114,-2,-26
9951,-116,-22,-26.04
9952,-117,-27,-26.08
9953,-118,-21,-32.04
9955,-119,-14,-32
9956,-119,-8,-31.96
9957,-118,35,-31.92
9958,-117,28,-31.88
9960,-116,20,-36.72
9961,-114,20,-36.56
9962,-112,8,-36.4
9963,-109,4,-36.24
9965,-106,-16,-40.97
9966,-103,-38,-40.7
9967,-100,-13,-40.43
9968,-97,-10,-40.16
9970,-93,-10,-45.77
9971,-90,-4,-45.38
9972,-86,32,-44.99
9973,-82,25,-44.6
9975,-79,22,-49.14
9976,-75,9,-48.68
9977,-71,10,-48.22
9978,-68,4,-47.76
9980,-64,0,-51.2
9981,-60,-2,-50.64
9982,-57,-20,-50.08
9983,-53,-34,-49.52
9985,-50,-15,-54.88
9986,-47,-14,-54.24
9987,-43,29,-53.6
9988,-40,19,-52.96
9990,-37,16,-59.2
9991,-35,15,-58.44
9992,-32,11,-57.68
9993,-30,4,-56.92
9995,-28,-1,-58.1
9996,-26,-7,-57.28
9997,-24,-9,-56.46
9998,-23,-31,-55.64
10000,-21,-18,-57.78
10001,-20,-24,-56.92
10002,-18,-11,-56.06
10003,-17,-12,-55.2
10005,-15,-3,-59.28
10006,-14,2,-58.36
10007,-12,4,-57.44
10008,-11,6,-56.52
10010,-10,7,-60.51
10011,-9,3,-59.5
10012,-9,9,-58.49
10013,-8,-1,-57.48
10015,-8,-1,-60.43
10016,-8,1,-59.38
10017,-8,2,-58.33
10018,-8,-1,-57.28
10020,-7,0,-56.22
10021,-7,1,-55.16
10022,-7,1,-54.1
10023,-7,1,-53.04
10025,-6,-6,-58.91
10026,-6,5,-57.78
10027,-5,0,-56.65
10028,-5,0,-55.52
10030,-5,-10,-60.35
10031,-4,1,-59.18
10032,-4,4,-58.01
10033,-4,5,-56.84
10035,-5,5,-57.69
10036,-5,1,-56.54
10037,-5,2,-55.39
10038,-6,-1,-54.24
10040,-7,-7,-55.09
10041,-8,-1,-53.94
10042,-9,-1,-52.79
10043,-10,4,-51.64
10045,-11,4,-53.48
10046,-13,5,-52.32
10047,-15,2,-51.16
10048,-16,3,-50
10050,-19,1,-52.83
10051,-21,4,-51.66
10052,-24,-1,-50.49
10053,-27,-1,-49.32
10055,-30,-2,-52.18
10056,-32,1,-51.04
10057,-35,-2,-49.9
10058,-37,-1,-48.76
10060,-39,0,-49.63
10061,-40,2,-48.5
10062,-42,1,-47.37
10063,-43,25,-46.24
10065,-44,31,-48.14
10066,-45,16,-47.04
10067,-46,0,-49.9
10068,-47,1,-48.76
10070,-48,-6,-47.7
10071,-49,-9,-46.64
10072,-50,-29,-45.58
10073,-51,-22,-50.52
10075,-52,-15,-49.46
10076,-52,-1,-48.4
10077,-53,36,-47.34
10078,-54,25,-46.34
10080,-54,14,-49.3
10081,-55,11,-48.26
10082,-55,12,-47.22
10083,-56,5,-46.18
10085,-57,-5,-44.2
10086,-58,-7,-43.22
10087,-60,-5,-42.24
10088,-62,-31,-41.26
10090,-65,-17,-44.29
10091,-67,-16,-43.32
10092,-69,24,-42.35
10093,-71,11,-41.38
10095,-71,17,-41.46
10096,-70,17,-40.54
10097,-67,11,-39.62
10098,-62,2,-38.7
10100,-56,0,-41.79
10101,-47,-10,-40.88
10102,-37,-8,-39.97
10103,-26,-33,-39.06
10105,-10,-27,-39.18
10106,8,-26,-38.3
10107,30,18,-37.42
10108,54,14,-36.54
10110,84,23,-42.65
10111,116,17,-41.76
10112,152,8,-40.87
10113,189,4,-39.98
10115,229,1,-41.14
10116,271,2,-40.3
10117,314,-5,-39.46
10118,358,-27,-38.62
10120,399,-23,-42.75
10121,437,-13,-41.88
10122,472,20,-41.01
10123,505,17,-40.14
10125,533,11,-40.29
10126,557,13,-39.44
10127,577,22,-38.59
10128,593,-25,-37.74
10130,602,-19,-39.91
10131,606,-19,-39.08
10132,604,-15,-38.25
10133,598,-16,-37.42
10135,585,0,-41.59
10136,565,-1,-40.76
10137,541,7,-39.93
10138,513,9,-39.1
10140,480,7,-41.28
10141,445,5,-40.46
10142,407,3,-39.64
10143,368,4,-38.82
10145,327,-3,-41.96
10146,286,2,-41.1
10147,245,-1,-40.24
10148,204,-1,-39.38
10150,164,-1,-39.58
10151,125,0,-38.78
10152,88,-4,-37.98
10153,52,4,-37.18
10155,18,2,-39.41
10156,-14,5,-38.64
10157,-45,-2,-37.87
10158,-74,2,-37.1
10160,-101,1,-42.29
10161,-125,0,-41.48
10162,-148,-6,-40.67
10163,-169,-1,-39.86
10165,-187,1,-40.06
10166,-204,3,-39.26
10167,-218,0,-38.46
10168,-231,1,-37.66
10170,-242,-1,-37.88
10171,-252,-1,-37.1
10172,-260,-1,-36.32
10173,-266,3,-35.54
10175,-272,4,-37.77
10176,-276,0,-37
10177,-279,0,-36.23
10178,-281,0,-35.46
10180,-282,2,-38.69
10181,-282,3,-37.92
10182,-282,3,-37.15
10183,-281,2,-36.38
10185,-279,-9,-40.58
10186,-277,1,-39.78
10187,-274,3,-38.98
10188,-271,1,-38.18
10190,-268,1,-37.41
10191,-265,-4,-36.64
10192,-262,-2,-35.91
10193,-259,1,-35.18
10195,-255,3,-37.42
10196,-252,0,-36.66
10197,-249,1,-35.9
10198,-246,1,-35.2
10200,-242,4,-37.47
10201,-239,32,-36.74
10202,-236,31,-36.01
10203,-233,14,-35.28
10205,-230,7,-39.54
10206,-227,-4,-38.8
10207,-224,-8,-38.06
10208,-222,-39,-37.32
10210,-219,-27,-39.54
10211,-216,-25,-38.76
10212,-214,-6,-37.98
10213,-211,26,-37.2
10215,-208,22,-38.44
10216,-206,14,-37.68
10217,-203,9,-42.86
10218,-201,-1,-42.04
10220,-198,8,-41.23
10221,-196,-3,-40.42
10222,-194,-40,-39.61
10223,-192,-26,-40.78
10225,-190,-12,-39.99
10226,-189,-14,-39.2
10227,-187,21,-38.41
10228,-185,33,-37.62
10230,-184,24,-40.8
10231,-182,20,-39.98
10232,-181,11,-39.16
10233,-180,7,-38.34
10235,-179,-5,-41.55
10236,-178,0,-40.76
10237,-177,-4,-39.97
10238,-176,-33,-39.18
10240,-176,-27,-42.37
10241,-175,-8,-41.56
10242,-174,22,-40.75
10243,-173,26,-39.94
10245,-172,17,-43.14
10246,-171,14,-42.34
10247,-170,15,-41.54
10248,-169,1,-40.74
10250,-169,0,-42.92
10251,-168,-6,-42.1
10252,-168,-7,-41.28
10253,-167,-29,-40.46
10255,-167,-30,-42.64
10256,-166,-11,-41.82
10257,-166,-11,-41
10258,-165,0,-40.18
10260,-165,-12,-41.39
10261,-164,2,-40.6
10262,-163,12,-39.81
10263,-163,4,-39.02
10265,-162,2,-45.19
10266,-162,4,-44.36
10267,-161,1,-43.53
10268,-161,2,-42.7
10270,-160,8,-43.89
10271,-160,-1,-43.08
10272,-160,-15,-42.27
10273,-160,3,-41.46
10275,-160,4,-44.62
10276,-160,7,-43.78
10277,-160,2,-42.94
10278,-160,-1,-42.1
10280,-160,2,-44.26
10281,-160,5,-43.42
10282,-160,-11,-42.58
10283,-160,1,-41.74
10285,-159,0,-42.94
10286,-159,4,-42.14
10287,-158,2,-41.34
10288,-158,3,-40.54
10290,-157,1,-45.69
10291,-157,3,-44.84
10292,-156,-4,-43.99
10293,-156,-6,-43.14
10295,-156,1,-43.29
10296,-155,-3,-42.44
10297,-155,-2,-41.59
10298,-155,2,-40.74
10300,-155,1,-44.87
10301,-155,0,-44
10302,-155,4,-43.13
10303,-155,4,-42.26
10305,-155,-4,-46.38
10306,-155,0,-45.5
10307,-155,5,-44.62
10308,-156,1,-45.72
10310,-156,2,-44.87
10311,-156,-2,-44.02
10312,-157,-3,-43.17
10313,-157,3,-45.29
10315,-157,-2,-44.41
10316,-157,4,-43.53
10317,-158,4,-42.65
10318,-158,-1,-43.75
10320,-158,34,-42.88
10321,-158,23,-42.01
10322,-158,22,-41.14
10323,-158,13,-41.26
10325,-158,11,-40.41
10326,-158,-1,-39.56
10327,-159,-1,-38.71
10328,-159,-38,-37.86
10330,-160,-26,-37.06
10331,-160,-21,-36.26
10332,-161,-22,-35.46
10333,-162,12,-32.68
10335,-162,9,-31.93
10336,-162,15,-31.18
10337,-163,9,-31.42
10338,-163,1,-30.66
10340,-162,4,-29.92
10341,-162,-19,-29.18
10342,-161,-25,-25.53
10343,-160,-22,-24.88
10345,-160,-5,-24.23
10346,-159,-4,-23.58
10347,-158,37,-22.93
10348,-157,25,-20.32
10350,-156,23,-19.71
10351,-156,15,-19.1
10352,-155,9,-18.49
10353,-155,-1,-13.92
10355,-155,-4,-13.39
10356,-155,-7,-12.86
10357,-155,-3,-12.33
10358,-156,-28,-4.87
10360,-156,-21,-4.45
10361,-157,-19,-4.03
10362,-157,14,-3.61
10363,-158,18,1.76
10365,-159,17,2.09
10366,-159,16,2.42
10367,-159,13,2.75
10368,-160,6,9.02
10370,-160,5,9.25
10371,-161,1,9.48
10372,-161,-8,9.71
10373,-162,-32,17.86
10375,-162,-27,17.98
10376,-163,-14,18.1
10377,-163,12,18.22
10378,-163,7,29.23
10380,-164,26,29.21
10381,-164,11,29.19
10382,-164,-20,29.17
10383,-164,-20,36.08
10385,-164,-16,35.97
10386,-164,-4,35.86
10387,-163,-8,35.75
10388,-163,-3,43.56
10390,-162,5,43.3
10391,-162,3,43.04
10392,-161,6,42.78
10393,-160,-1,50.44
10395,-158,3,50.08
10396,-157,6,49.72
10397,-155,4,49.36
10398,-153,-5,59.89
10400,-151,4,59.38
10401,-148,3,58.87
10402,-146,3,58.36
10403,-143,-5,64.78
10405,-140,3,64.17
10406,-136,4,63.56
10407,-133,4,62.95
10408,-129,5,69.27
10410,-125,2,68.57
10411,-121,3,67.87
10412,-117,1,67.17
10413,-113,-6,75.38
10415,-109,3,74.53
10416,-105,1,73.68
10417,-101,0,72.83
10418,-97,3,79.9
10420,-92,0,78.96
10421,-88,1,78.02
10422,-84,-7,77.08
10423,-81,0,83.07
10425,-77,6,82.01
10426,-74,1,80.95
10427,-70,-8,79.89
10428,-68,1,84.77
10430,-65,0,83.6
10431,-62,7,82.43
10432,-60,3,81.26
10433,-58,0,87.99
10435,-57,-3,86.72
10436,-55,4,85.45
10437,-54,1,84.18
10438,-53,-2,88.82
10440,-52,3,87.46
10441,-51,-4,86.1
10442,-50,-2,84.74
10443,-49,1,91.28
10445,-49,2,89.82
10446,-48,0,88.36
10447,-47,0,86.9
10448,-46,1,94.34
10450,-46,0,92.78
10451,-45,6,91.22
10452,-44,-5,89.66
10453,-44,23,93.05
10455,-43,17,91.44
10456,-43,9,89.83
10457,-43,7,94.16
10458,-42,2,92.51
10460,-42,3,90.86
10461,-42,-13,89.21
10462,-42,-37,95.47
10463,-43,-16,93.73
10465,-44,-11,91.99
10466,-44,3,90.25
10467,-45,22,88.54
10468,-46,22,89.8
10470,-47,2,88.06
10471,-47,19,86.32
10472,-48,9,84.58
10473,-49,4,86.82
10475,-49,3,85.06
10476,-50,-2,83.3
10477,-51,-9,81.54
10478,-52,-22,86.75
10480,-53,-16,84.96
10481,-53,-14,83.17
10482,-54,-24,81.38
10483,-54,14,85.6
10485,-55,20,83.82
10486,-55,21,82.04
10487,-56,16,80.26
10488,-57,9,80.51
10490,-57,11,78.76
10491,-58,7,77.01
10492,-59,4,75.26
10493,-61,-31,74.56
10495,-62,-29,72.86
10496,-63,-13,71.16
10497,-64,-12,69.46
10498,-65,18,70.81
10500,-66,15,69.16
10501,-67,17,67.51
10502,-68,-25,65.86
10503,-69,-20,63.33
10505,-71,-9,61.8
10506,-72,-6,60.27
10507,-73,-6,58.74
10508,-74,1,61.24
10510,-75,5,59.74
10511,-76,3,58.24
10512,-77,2,56.74
10513,-78,-2,55.32
10515,-79,8,53.9
10516,-79,6,52.48
10517,-80,-1,51.06
10518,-81,6,49.72
10520,-82,5,48.38
10521,-82,5,47.04
10522,-83,2,45.7
10523,-83,-2,39.52
10525,-84,3,38.34
10526,-84,-6,37.16
10527,-85,3,35.98
10528,-85,-3,34.87
10530,-86,4,33.76
10531,-87,0,32.65
10532,-87,4,31.54
10533,-88,10,27.53
10535,-89,-4,26.52
10536,-89,2,25.51
10537,-90,-7,24.5
10538,-90,4,21.6
10540,-91,2,20.7
10541,-92,1,19.8
10542,-92,4,18.9
10543,-93,4,14.12
10545,-94,2,13.34
10546,-95,3,12.56
10547,-96,-2,11.78
10548,-98,1,8.1
10550,-99,1,7.42
10551,-101,-3,6.74
10552,-103,-1,6.06
10553,-106,-2,0.49
10555,-108,-3,-0.08
10556,-110,4,-0.65
10557,-113,-8,-1.22
10558,-115,-4,-7.65
10560,-118,2,-8.08
10561,-120,3,-8.51
10562,-122,4,-8.94
10563,-124,2,-14.26
10565,-126,1,-14.58
10566,-128,-2,-14.9
10567,-129,0,-15.22
10568,-131,-1,-22.39
10570,-133,-1,-22.56
10571,-135,4,-22.73
10572,-137,0,-22.9
10573,-138,36,-26.94
10575,-139,21,-26.98
10576,-140,3,-27.02
10577,-140,4,-34.98
10578,-140,1,-34.89
10580,-139,-3,-34.8
10581,-138,-6,-34.71
10582,-136,-47,-40.5
10583,-134,-23,-40.29
10585,-132,-18,-40.08
10586,-130,2,-39.87
10587,-127,34,-39.58
10588,-124,31,-43.25
10590,-121,24,-42.92
10591,-118,18,-42.59
10592,-114,6,-42.26
10593,-111,-1,-49.82
10595,-107,1,-49.38
10596,-103,-7,-48.94
10597,-100,2,-48.5
10598,-96,-30,-53.96
10600,-92,-17,-53.42
10601,-88,-16,-52.88
10602,-84,18,-52.34
10603,-80,15,-55.69
10605,-77,14,-55.04
10606,-73,8,-54.39
10607,-70,10,-53.74
10608,-67,4,-57.98
10610,-64,7,-57.22
10611,-62,3,-56.46
10612,-59,-13,-55.7
10613,-57,-26,-59.87
10615,-55,-20,-59.04
10616,-53,-16,-58.21
10617,-51,17,-57.38
10618,-48,14,-61.49
10620,-46,9,-60.6
10621,-44,10,-59.71
10622,-42,8,-58.82
10623,-40,7,-63.84
10625,-39,1,-62.86
10626,-37,-2,-61.88
10627,-35,-7,-60.9
10628,-34,-27,-62.9
10630,-32,-26,-61.9
10631,-31,-8,-60.9
10632,-30,-8,-59.9
10633,-29,-4,-60.84
10635,-27,3,-59.78
10636,-26,4,-58.72
10637,-25,9,-57.66
10638,-23,6,-62.54
10640,-22,5,-61.42
10641,-20,3,-60.3
10642,-18,3,-59.18
10643,-16,-7,-60.04
10645,-15,-3,-58.9
10646,-13,6,-57.76
10647,-11,-8,-56.62
10648,-10,4,-59.49
10650,-8,5,-58.36
10651,-7,4,-57.23
10652,-6,3,-56.1
10653,-5,7,-59.92
10655,-5,-5,-58.74
10656,-4,2,-57.56
10657,-4,3,-56.38
10658,-4,0,-57.21
10660,-5,3,-56.04
10661,-5,-2,-54.87
10662,-6,3,-53.7
10663,-7,1,-57.5
10665,-8,0,-56.3
10666,-10,0,-55.1
10667,-12,-3,-53.9
10668,-14,-3,-55.71
10670,-16,-6,-54.52
10671,-18,-1,-53.33
10672,-21,4,-52.14
10673,-23,-13,-54.94
10675,-25,8,-53.74
10676,-27,4,-52.54
10677,-29,3,-51.34
10678,-30,5,-52.17
10680,-32,-9,-51
10681,-33,-2,-49.83
10682,-34,0,-48.66
10683,-35,-7,-51.51
10685,-36,0,-50.36
10686,-37,6,-49.21
10687,-38,1,-48.06
10688,-38,6,-49.93
10690,-39,3,-48.8
10691,-40,3,-47.67
10692,-41,-6,-46.54
10693,-42,27,-47.46
10695,-42,12,-46.38
10696,-42,15,-45.3
10697,-42,7,-45.21
10698,-42,3,-44.16
10700,-42,3,-43.11
10701,-41,1,-42.06
10702,-41,-34,-44.06
10703,-40,-24,-43.06
10705,-40,-20,-42.06
10706,-39,-8,-41.06
10707,-40,26,-44.08
10708,-40,24,-43.1
10710,-41,18,-42.12
10711,-42,11,-41.14
10712,-44,16,-40.16
10713,-45,8,-43.18
10715,-47,0,-42.2
10716,-49,-6,-41.22
10717,-51,-8,-40.24
10718,-51,-30,-41.32
10720,-50,-23,-40.4
10721,-48,-16,-39.48
10722,-45,17,-38.56
10723,-40,15,-40.67
10725,-33,15,-39.78
10726,-25,13,-38.89
10727,-16,16,-38
10728,-3,6,-39.13
10730,11,1,-38.26
10731,29,-2,-37.39
10732,49,-2,-36.52
10733,72,-27,-38.67
10735,99,-17,-37.82
10736,129,-12,-36.97
10737,160,21,-36.12
10738,194,21,-37.3
10740,230,11,-36.48
10741,267,8,-35.66
10742,304,5,-34.84
10743,340,2,-36.05
10745,374,-3,-35.26
10746,405,-7,-34.47
10747,434,-6,-33.68
10748,460,-33,-33.94
10750,483,-19,-33.2
10751,503,-16,-32.46
10752,520,-6,-31.72
10753,532,37,-33.98
10755,540,29,-33.24
10756,543,-5,-32.5
10757,542,16,-31.76
10758,536,13,-33.02
10760,523,-23,-32.28
10761,507,-23,-31.54
10762,486,-15,-30.8
10763,462,-6,-32.1
10765,434,-4,-31.4
10766,404,-4,-30.7
10767,372,7,-30
10768,339,0,-29.32
10770,304,6,-28.64
10771,270,-1,-27.96
10772,235,3,-27.28
10773,201,-4,-29.61
10775,167,3,-28.94
10776,134,0,-28.27
10777,102,3,-27.6
10778,72,0,-25.99
10780,42,4,-25.38
10781,14,7,-24.77
10782,-11,-2,-24.16
10783,-36,0,-24.56
10785,-59,-1,-23.96
10786,-81,-10,-23.36
10787,-100,0,-22.76
10788,-118,2,-26.17
10790,-134,1,-25.58
10791,-148,0,-24.99
10792,-161,5,-24.4
10793,-171,0,-23.84
10795,-180,-2,-23.28
10796,-188,5,-22.72
10797,-194,1,-22.16
10798,-199,-2,-21.64
10800,-203,4,-21.12
10801,-205,2,-20.6
10802,-208,0,-20.08
10803,-209,-10,-22.55
10805,-209,3,-22.02
10806,-209,5,-21.49
10807,-209,3,-20.96
10808,-208,1,-21.46
10810,-206,-5,-20.96
10811,-204,1,-20.46
10812,-202,3,-19.96
10813,-200,1,-21.47
10815,-197,-2,-20.98
10816,-195,3,-20.49
10817,-192,2,-18.02
10818,-189,2,-17.57
10820,-185,1,-17.12
10821,-182,0,-16.67
10822,-179,-1,-19.2
10823,-175,-8,-18.73
10825,-172,1,-18.26
10826,-168,3,-17.79
10827,-165,1,-19.33
10828,-161,3,-18.87
10830,-158,2,-18.41
10831,-154,-3,-17.95
10832,-151,0,-19.51
10833,-147,-2,-19.07
10835,-143,-2,-18.63
10836,-140,1,-18.19
10837,-136,2,-17.75
10838,-133,1,-17.35
10840,-130,2,-16.95
10841,-126,-1,-16.55
10842,-123,22,-16.15
10843,-120,27,-15.77
10845,-117,16,-15.39
10846,-115,8,-16.99
10847,-112,-1,-16.59
10848,-110,-2,-16.22
10850,-108,-4,-15.85
10851,-106,-21,-16.47
10852,-104,-29,-16.09
10853,-103,-19,-15.73
10855,-101,-17,-15.37
10856,-99,-14,-15.01
10857,-98,40,-15.64
10858,-96,24,-15.3
10860,-95,25,-14.96
10861,-94,11,-14.62
10862,-92,10,-18.24
10863,-91,4,-17.88
10865,-90,3,-17.52
10866,-89,-3,-17.16
10867,-87,-4,-18.78
10868,-86,-36,-18.42
10870,-85,-24,-18.06
10871,-83,-18,-17.7
10872,-82,27,-14.37
10873,-80,22,-14.05
10875,-79,12,-13.73
10876,-77,-27,-13.41
10877,-76,22,-17.05
10878,-75,10,-16.72
10880,-74,-11,-16.39
10881,-73,-29,-16.06
10882,-72,-20,-15.73
10883,-71,-11,-15.42
10885,-69,2,-15.11
10886,-68,0,-14.8
10887,-67,0,-14.49
10888,-66,5,-14.2
10890,-66,9,-13.91
10891,-65,2,-13.62
10892,-64,-1,-16.3
10893,-63,3,-15.98
10895,-62,6,-15.66
10896,-61,1,-15.34
10897,-61,1,-15.02
10898,-60,-5,-14.73
10900,-59,8,-14.44
10901,-59,2,-14.15
10902,-58,-7,-13.86
10903,-57,0,-13.56
10905,-57,-10,-13.26
10906,-56,0,-12.96
10907,-55,6,-14.64
10908,-54,1,-14.33
10910,-53,-2,-14.02
10911,-52,2,-13.71
10912,-51,0,-14.39
10913,-50,4,-14.11
10915,-49,2,-13.83
10916,-47,5,-13.55
10917,-46,4,-17.23
10918,-45,1,-16.91
10920,-45,-8,-16.59
10921,-44,0,-16.27
10922,-43,4,-14.96
10923,-42,2,-14.65
10925,-41,-1,-14.34
10926,-40,7,-14.03
10927,-39,-1,-15.7
10928,-38,5,-15.4
10930,-38,3,-15.1
10931,-37,0,-14.8
10932,-37,1,-13.51
10933,-37,-1,-13.23
10935,-37,-7,-12.95
10936,-37,-1,-12.67
10937,-38,3,-17.34
10938,-38,3,-17.03
10940,-38,5,-16.72
10941,-39,-2,-16.41
10942,-39,2,-14.1
10943,-39,0,-13.79
10945,-40,2,-13.48
10946,-40,1,-13.17
10947,-40,0,-8.93
10948,-40,-5,-8.69
10950,-40,32,-8.45
10951,-40,27,-8.21
10952,-40,22,-6.01
10953,-40,12,-5.81
10955,-40,5,-5.61
10956,-39,1,-5.41
10957,-39,-19,-4.24
10958,-39,-31,-4.07
10960,-39,-21,-3.9
10961,-39,-13,-3.73
10962,-39,-2,-1.58
10963,-38,31,-1.43
10965,-38,10,-1.28
10966,-38,12,3.82
10967,-38,2,3.92
10968,-38,-2,4.02
10970,-38,0,4.12
10971,-39,-15,8.16
10972,-39,-32,8.2
10973,-39,-24,8.24
10975,-40,-25,8.28
10976,-40,-9,8.31
10977,-41,39,16.26
10978,-41,28,16.21
10980,-41,26,16.16
10981,-41,20,16.11
10982,-41,11,23.97
10983,-41,13,23.83
10985,-41,-3,23.69
10986,-41,-5,23.55
10987,-40,-10,32.28
10988,-40,-24,32.01
10990,-39,-22,31.74
10991,-38,-14,31.47
10992,-37,15,36.13
10993,-37,21,35.79
10995,-36,14,35.45
10996,-35,7,35.11
10997,-34,3,45.69
10998,-33,6,45.27
11000,-33,0,44.85
11001,-32,-33,44.43
11002,-32,-27,54.86
11003,-32,-17,54.29
11005,-31,-12,53.72
11006,-31,-10,53.15
11007,-31,-1,61.49
11008,-31,6,60.83
11010,-30,12,60.17
11011,-30,9,59.51
11012,-30,5,69.74
11013,-29,2,68.97
11015,-28,3,68.2
11016,-27,8,67.43
11017,-26,-7,78.51
11018,-25,-5,77.59
11020,-23,-3,76.67
11021,-22,2,75.75
11022,-20,-4,86.71
11023,-18,-7,85.67
11025,-16,-6,84.63
11026,-14,7,83.59
11027,-11,7,91.46
11028,-8,5,90.33
11030,-5,-5,89.2
11031,-2,6,88.07
11032,0,5,100.78
11033,4,4,99.49
11035,7,0,98.2
11036,11,4,96.91
11037,15,4,102.54
11038,19,0,101.17
11040,23,2,99.8
11041,27,-7,98.43
11042,31,1,107.91
11043,35,-2,106.39
11045,38,2,104.87
11046,42,3,103.35
11047,45,1,111.74
11048,48,1,110.13
11050,52,3,108.52
11051,55,-1,106.91
11052,58,1,114.19
11053,60,-7,112.47
11055,63,2,110.75
11056,65,-9,109.03
11057,68,2,118.21
11058,70,2,116.39
11060,72,1,114.57
11061,73,-6,112.75
11062,75,6,123.75
11063,76,2,121.75
11065,78,5,119.75
11066,79,3,117.75
11067,80,-3,122.7
11068,81,3,120.65
11070,82,18,118.6
11071,84,35,116.55
11072,84,17,124.44
11073,85,15,122.33
11075,86,5,120.22
11076,87,1,118.11
11077,87,3,123.94
11078,88,-38,121.77
11080,88,-23,119.6
11081,89,-13,117.43
11082,89,-16,124.18
11083,89,6,121.93
11085,89,11,119.68
11086,89,6,124.36
11087,89,14,122.06
11088,88,10,119.76
11090,88,6,117.46
11091,87,3,121.15
11092,86,-28,118.84
11093,86,-19,116.53
11095,85,-23,114.22
11096,84,-4,117.89
11097,84,-4,115.56
11098,84,23,113.23
11100,83,26,110.9
11101,83,14,108.57
11102,83,13,113.25
11103,83,13,110.93
11105,83,5,108.61
11106,83,3,106.29
11107,82,-2,109
11108,82,-27,106.71
11110,81,-17,104.42
11111,81,-15,102.13
11112,80,17,103.89
11113,79,9,101.65
11115,78,16,99.41
11116,77,14,97.17
11117,76,11,100.92
11118,75,6,98.67
11120,74,0,96.42
11121,73,-1,94.17
11122,72,-5,91.04
11123,71,-30,88.91
11125,70,-18,86.78
11126,69,-12,84.65
11127,68,22,87.58
11128,67,-25,85.51
11130,67,19,83.44
11131,66,17,81.37
11132,65,24,83.35
11133,64,-28,81.33
11135,63,-17,79.31
11136,62,-10,77.29
11137,61,-9,77.36
11138,60,-11,75.43
11140,59,-4,73.5
11141,58,1,71.57
11142,57,8,73.72
11143,55,5,71.87
11145,54,7,70.02
11146,52,-4,68.17
11147,51,1,66.44
11148,49,1,64.71
11150,48,6,62.98
11151,46,-11,61.25
11152,44,2,60.6
11153,43,1,58.95
11155,41,-1,57.3
11156,39,4,55.65
11157,37,2,54.14
11158,36,6,52.63
11160,34,3,51.12
11161,32,-7,49.61
11162,31,1,47.18
11163,30,0,45.75
11165,29,-14,44.32
11166,27,4,42.89
11167,27,1,39.59
11168,26,-1,38.29
11170,25,-6,36.99
11171,24,8,35.69
11172,23,5,31.52
11173,22,4,30.35
11175,21,2,29.18
11176,19,8,28.01
11177,18,2,23.96
11178,16,-2,22.91
11180,15,3,21.86
11181,13,-7,20.81
11182,11,-1,16.9
11183,9,-8,15.99
11185,7,2,15.08
11186,5,4,14.17
11187,3,2,12.4
11188,0,2,11.63
11190,-1,5,10.86
11191,-4,-1,10.09
11192,-7,-2,4.44
11193,-9,0,3.79
11195,-12,3,3.14
11196,-14,5,2.49
11197,-17,2,-3.01
11198,-19,0,-3.51
11200,-22,2,-4.01
11201,-24,0,-4.51
11202,-26,-8,-8.89
11203,-27,26,-9.27
11205,-28,23,-9.65
11206,-28,19,-15.97
11207,-28,9,-16.2
11208,-27,1,-16.43
11210,-25,-1,-20.62
11211,-23,-4,-20.74
11212,-21,-31,-20.86
11213,-19,-19,-20.98
11215,-16,-14,-21.1
11216,-13,-13,-25.12
11217,-10,28,-25.14
11218,-7,24,-25.16
11220,-3,19,-25.18
11221,0,15,-25.14
11222,2,4,-30.05
11223,6,7,-29.96
11225,9,2,-29.87
11226,12,-6,-29.78
11227,16,-6,-34.57
11228,19,-32,-34.36
11230,22,-24,-34.15
11231,25,-14,-33.94
11232,28,17,-38.63
11233,31,14,-38.32
11235,34,12,-38.01
11236,37,19,-37.7
11237,40,12,-40.32
11238,42,5,-39.94
11240,45,-2,-39.56
11241,47,-5,-39.18
11242,49,-8,-42.7
11243,52,-24,-42.22
11245,54,-17,-41.74
11246,56,-11,-41.26
11247,58,24,-43.76
11248,60,20,-43.26
11250,62,10,-42.76
11251,64,10,-42.26
11252,65,7,-44.68
11253,66,-29,-44.1
11255,68,-17,-43.52
11256,69,-18,-42.94
11257,70,-16,-46.28
11258,71,-5,-45.62
11260,72,-7,-44.96
11261,73,1,-44.3
11262,74,3,-46.59
11263,76,5,-45.88
11265,77,5,-45.17
11266,78,4,-44.46
11267,79,-8,-46.68
11268,80,3,-45.9
11270,82,2,-45.12
11271,82,7,-44.34
11272,83,-1,-47.52
11273,84,-8,-46.7
11275,84,1,-45.88
11276,84,4,-45.06
11277,84,1,-49.18
11278,84,6,-48.3
11280,83,1,-47.42
11281,83,3,-46.54
11282,83,5,-45.66
11283,82,0,-44.78
11285,81,-3,-43.9
11286,81,2,-43.02
11287,80,-4,-46.11
11288,79,-8,-45.2
11290,77,3,-44.29
11291,76,3,-43.38
11292,74,5,-44.47
11293,72,-1,-43.56
11295,71,4,-42.65
11296,69,3,-41.74
11297,67,-1,-46.8
11298,65,-1,-45.86
11300,64,0,-44.92
11301,62,2,-43.98
11302,61,-6,-46.04
11303,60,-3,-45.1
11305,58,0,-44.16
11306,57,-4,-43.22
11307,56,5,-43.3
11308,54,5,-42.38
11310,53,-2,-41.46
11311,52,4,-40.54
11312,50,2,-42.6
11313,49,1,-41.66
11315,48,0,-40.72
11316,47,1,-39.78
11317,46,1,-41.86
11318,45,0,-40.94
11320,44,0,-40.02
11321,43,0,-39.1
11322,43,-5,-39.22
11323,42,23,-38.34
11325,41,26,-37.46
11326,41,16,-40.54
11327,40,0,-39.66
11328,40,4,-38.78
11330,40,1,-39.88
11331,39,-5,-39.04
11332,39,-33,-38.2
11333,38,-28,-37.36
11335,37,-20,-36.56
11336,36,-7,-35.76
11337,35,35,-34.96
11338,34,21,-34.16
11340,32,20,-33.36
11341,31,12,-36.56
11342,30,16,-35.76
11343,30,10,-34.96
11345,30,-3,-34.16
11346,32,-4,-37.32
11347,35,-8,-36.53
11348,39,-32,-35.74
11350,45,-27,-34.95
11351,53,-12,-36.14
11352,62,-22,-35.38
11353,73,26,-34.62
11355,85,21,-33.86
11356,101,-9,-37.06
11357,121,21,-36.31
11358,144,11,-35.56
11360,168,13,-34.81
11361,197,9,-33.07
11362,230,2,-32.36
11363,265,-25,-31.65
11365,301,-18,-30.94
11366,340,-12,-34.19
11367,381,-9,-33.48
11368,422,24,-32.77
11370,463,20,-32.06
11371,501,15,-35.31
11372,537,19,-34.59
11373,569,5,-33.87
11375,599,6,-33.15
11376,624,0,-33.42
11377,644,-29,-32.72
11378,661,-23,-32.02
11380,675,-20,-31.32
11381,682,-8,-36.56
11382,684,-4,-35.84
11383,680,-3,-35.12
11385,673,3,-34.4
11386,658,3,-34.67
11387,638,-1,-33.97
11388,613,1,-33.27
11390,584,-1,-32.57
11391,552,3,-33.85
11392,515,3,-33.16
11393,477,6,-32.47
11395,438,-1,-31.78
11396,397,-10,-34.06
11397,356,-2,-33.38
11398,315,-1,-32.7
11400,275,1,-32.02
11401,236,3,-33.32
11402,198,0,-32.67
11403,161,0,-32.02
11405,127,0,-31.37
11406,93,0,-33.69
11407,62,-6,-33.01
11408,32,2,-32.33
11410,4,1,-31.65
11411,-21,-6,-33.94
11412,-44,7,-33.27
11413,-66,3,-32.6
11415,-86,4,-31.93
11416,-104,1,-31.26
11417,-120,4,-30.61
11418,-135,3,-29.96
11420,-148,4,-29.31
11421,-160,0,-30.64
11422,-169,3,-30.03
11423,-178,-6,-29.42
11425,-184,4,-28.81
11426,-190,0,-32.16
11427,-194,0,-31.54
11428,-197,-11,-30.92
11430,-199,1,-30.3
11431,-200,1,-30.67
11432,-200,5,-30.05
11433,-200,3,-29.43
11435,-198,5,-28.81
11436,-197,-1,-32.15
11437,-194,1,-31.52
11438,-191,5,-30.89
11440,-188,2,-30.26
11441,-185,-1,-31.61
11442,-181,-3,-30.99
11443,-177,28,-30.37
11445,-174,24,-29.75
11446,-170,12,-29.13
11447,-166,9,-28.52
11448,-162,0,-31.87
11450,-158,-3,-31.22
11451,-154,-25,-30.61
11452,-150,-33,-30
11453,-146,-19,-29.39
11455,-142,-8,-31.77
11456,-138,-10,-31.15
11457,-135,27,-30.53
11458,-131,29,-29.91
11460,-128,18,-29.29
11461,-125,16,-33.62
11462,-121,10,-32.95
11463,-118,-7,-32.28
11465,-115,-30,-31.61
11466,-112,-28,-32.96
11467,-110,-18,-32.31
11468,-107,-9,-31.66
11470,-105,-6,-31.01
11471,-103,4,-31.39
11472,-101,16,-30.77
11473,-100,41,-30.15
11475,-99,25,-29.53
11476,-98,13,-33.88
11477,-97,19,-33.23
11478,-96,9,-32.58
11480,-96,0,-31.93
11481,-95,-5,-32.31
11482,-95,-11,-31.69
11483,-94,-29,-31.07
11485,-94,-29,-30.45
11486,-93,-14,-32.79
11487,-93,14,-32.13
11488,-93,19,-31.47
11490,-93,21,-30.81
11491,-93,7,-31.18
11492,-93,7,-30.55
11493,-93,6,-29.92
11495,-93,-1,-29.29
11496,-93,-5,-31.67
11497,-93,-9,-31.05
11498,-92,-25,-30.43
11500,-92,-23,-29.81
11501,-91,-5,-32.17
11502,-90,18,-31.53
11503,-89,-18,-30.89
11505,-88,12,-30.25
11506,-87,25,-32.64
11507,-85,-19,-32.03
11508,-84,-21,-31.42
11510,-83,-10,-30.81
11511,-82,-7,-33.18
11512,-81,6,-32.55
11513,-80,-5,-31.92
11515,-79,3,-31.29
11516,-79,7,-35.63
11517,-78,8,-34.97
11518,-78,4,-34.31
11520,-77,2,-33.65
11521,-77,2,-32.03
11522,-76,1,-31.41
11523,-76,2,-30.79
11525,-75,-8,-30.17
11526,-75,0,-35.51
11527,-75,5,-34.85
11528,-75,5,-34.19
11530,-75,-3,-33.53
11531,-75,4,-31.91
11532,-75,2,-31.29
11533,-76,1,-30.67
11535,-76,1,-30.05
11536,-76,-2,-34.41
11537,-76,-4,-33.77
11538,-76,1,-33.13
11540,-76,-3,-32.49
11541,-76,-5,-32.84
11542,-76,0,-32.19
11543,-75,-6,-31.54
11545,-75,3,-30.89
11546,-75,5,-35.21
11547,-75,6,-34.53
11548,-75,1,-33.85
11550,-76,2,-33.17
11551,-76,3,-33.52
11552,-77,3,-32.87
11553,-78,-14,-32.22
11555,-79,4,-31.57
11556,-80,-1,-33.9
11557,-81,2,-33.23
11558,-82,2,-32.56
11560,-82,3,-31.89
11561,-83,6,-34.23
11562,-83,2,-33.57
11563,-83,2,-32.91
11565,-83,1,-32.25
11566,-83,1,-33.59
11567,-82,1,-32.93
11568,-82,-5,-32.27
11570,-81,0,-31.61
11571,-81,3,-29.96
11572,-80,3,-29.31
11573,-80,-3,-28.7
11575,-79,-2,-28.09
11576,-79,-6,-26.49
11577,-79,-11,-25.89
11578,-79,2,-25.29
11580,-79,36,-24.72
11581,-79,36,-23.16
11582,-79,21,-22.6
11583,-80,22,-22.04
11585,-80,7,-21.48
11586,-80,0,-19.98
11587,-81,-2,-19.48
11588,-81,-47,-18.98
11590,-81,-30,-18.48
11591,-82,-32,-13.05
11592,-82,-12,-12.62
11593,-83,22,-12.19
11595,-83,26,-11.76
11596,-84,8,-8.37
11597,-84,13,-7.98
11598,-85,6,-4.62
11600,-85,4,-4.26
11601,-85,-12,-3.95
11602,-85,-28,-3.64
11603,-85,-25,-3.33
11605,-85,-6,4.9
11606,-85,-14,5.12
11607,-85,25,5.34
11608,-85,26,5.56
11610,-85,22,5.78
11611,-85,12,11.91
11612,-86,10,12.04
11613,-86,3,12.17
11615,-86,3,12.3
11616,-86,-4,22.32
11617,-86,-8,22.34
11618,-86,-31,22.36
11620,-86,-17,22.38
11621,-86,-11,28.31
11622,-86,29,28.24
11623,-86,15,28.17
11625,-86,8,28.1
11626,-86,8,37.9
11627,-86,18,37.7
11628,-85,-28,37.5
11630,-85,-25,37.3
11631,-85,-23,45.98
11632,-85,-14,45.66
11633,-84,-2,45.34
11635,-84,0,45.02
11636,-83,3,54.57
11637,-83,3,54.12
11638,-82,0,53.67
11640,-82,6,53.22
11641,-81,5,59.65
11642,-79,4,59.08
11643,-78,-1,58.51
11645,-77,7,57.94
11646,-75,2,67.28
11647,-73,-2,66.62
11648,-72,0,65.96
11650,-70,0,65.3
11651,-67,4,72.5
11652,-65,0,71.7
11653,-63,2,70.9
11655,-60,2,70.1
11656,-58,1,78.22
11657,-55,5,77.34
11658,-52,2,76.46
11660,-49,6,75.58
11661,-46,1,83.56
11662,-43,-3,82.54
11663,-39,-1,81.52
11665,-36,-2,80.5
11666,-32,0,92.34
11667,-28,0,91.18
11668,-25,-1,90.02
11670,-22,3,88.86
11671,-18,-3,92.6
11672,-15,0,91.34
11673,-11,-3,90.08
11675,-8,2,88.82
11676,-5,2,98.44
11677,-2,-1,97.06
11678,0,2,95.68
11680,3,2,94.3
11681,6,1,100.81
11682,9,2,99.32
11683,12,-1,97.83
11685,14,4,96.34
11686,16,1,104.72
11687,19,1,103.1
11688,21,2,101.48
11690,23,-5,99.86
11691,25,1,107.13
11692,26,-2,105.4
11693,28,-1,103.67
11695,29,1,101.94
11696,30,-11,106.16
11697,31,6,104.38
11698,32,2,102.6
11700,33,-4,100.82
11701,33,36,103.01
11702,34,19,101.2
11703,35,15,99.39
11705,36,15,97.58
11706,36,12,105.68
11707,36,1,103.78
11708,36,-26,101.88
11710,36,-23,99.98
11711,36,-18,104.03
11712,36,-15,102.08
11713,35,21,100.13
11715,35,14,98.18
11716,34,4,102.22
11717,34,10,100.26
11718,33,4,103.25
11720,33,-5,101.24
11721,32,-6,99.26
11722,32,-34,97.28
11723,32,-22,95.33
11725,31,-9,96.35
11726,31,-11,94.37
11727,30,33,92.39
11728,30,26,90.41
11730,29,23,88.51
11731,28,11,93.54
11732,28,12,91.57
11733,27,3,89.6
11735,26,4,87.63
11736,25,-4,91.66
11737,24,-4,89.69
11738,22,-26,87.72
11740,21,-17,85.75
11741,19,-20,84.87
11742,18,11,82.99
11743,16,26,81.11
11745,15,14,79.23
11746,13,8,79.39
11747,12,11,77.55
11748,11,13,75.71
11750,10,0,73.87
11751,8,-6,76.09
11752,7,-6,74.31
11753,6,-30,72.53
11755,5,-29,70.75
11756,4,-13,68.07
11757,3,-14,66.39
11758,2,-7,64.71
11760,0,1,63.03
11761,0,7,64.42
11762,0,-3,62.81
11763,-1,8,61.2
11765,-2,6,59.59
11766,-3,-1,60.03
11767,-4,2,58.47
11768,-5,1,56.91
11770,-6,0,55.35
11771,-7,3,49.93
11772,-8,1,48.51
11773,-10,4,47.09
11775,-11,3,45.67
11776,-13,2,44.33
11777,-15,1,42.99
11778,-16,-1,41.65
11780,-18,3,40.31
11781,-19,0,39.06
11782,-20,2,37.81
11783,-21,-1,36.56
11785,-22,6,35.31
11786,-23,0,33.16
11787,-24,0,32.01
11788,-24,-1,30.86
11790,-25,-1,29.71
11791,-26,1,21.76
11792,-28,2,20.81
11793,-29,-1,19.86
11795,-30,2,18.91
11796,-32,2,18.01
11797,-34,0,17.11
11798,-36,-3,16.21
11800,-37,-1,15.31
11801,-39,1,8.58
11802,-41,0,7.85
11803,-44,2,7.12
11805,-46,1,4.41
11806,-48,0,3.78
11807,-50,2,3.15
11808,-52,-3,2.52
11810,-54,-1,-5.04
11811,-56,-1,-5.5
11812,-59,3,-5.96
11813,-61,1,-6.42
11815,-64,1,-12.82
11816,-67,1,-13.13
11817,-70,15,-13.44
11818,-73,12,-13.75
11820,-75,15,-18.02
11821,-78,20,-18.23
11822,-80,9,-18.44
11823,-82,-2,-26.57
11825,-84,-1,-26.7
11826,-85,-8,-26.79
11827,-86,-29,-26.88
11828,-87,-25,-26.97
11830,-87,-24,-28.05
11831,-87,-6,-28.03
11832,-86,41,-28.01
11833,-85,29,-27.99
11835,-84,22,-35.89
11836,-81,17,-35.73
11837,-79,22,-35.57
11838,-75,9,-35.41
11840,-72,-44,-38.22
11841,-68,-40,-37.97
11842,-64,-28,-37.72
11843,-59,-14,-37.42
11845,-55,-15,-43.06
11846,-50,-6,-42.7
11847,-46,47,-42.34
11848,-41,30,-41.98
11850,-37,21,-45.55
11851,-32,13,-45.12
11852,-28,9,-44.69
11853,-24,3,-44.26
11855,-21,-4,-50.76
11856,-17,-4,-50.19
11857,-14,-1,-49.62
11858,-11,-26,-49.05
11860,-9,-17,-52.44
11861,-6,-13,-51.77
11862,-4,23,-51.1
11863,-2,17,-50.43
11865,0,13,-53.72
11866,1,18,-53
11867,3,7,-52.28
11868,5,4,-51.56
11870,6,-4,-54.8
11871,8,-3,-54.02
11872,9,-12,-53.24
11873,11,-35,-52.46
11875,12,-22,-57.62
11876,14,-16,-56.74
11877,15,-12,-55.86
11878,16,-7,-54.98
11880,18,-2,-55.09
11881,19,3,-54.21
11882,20,9,-53.33
11883,22,3,-52.45
11885,23,10,-57.51
11886,24,-2,-56.54
11887,25,0,-55.57
11888,26,-2,-54.6
11890,27,2,-53.63
11891,28,0,-52.64
11892,30,2,-51.65
11893,31,2,-50.66
11895,33,1,-54.62
11896,34,-2,-53.62
11897,35,1,-52.62
11898,36,-8,-51.62
11900,37,-2,-52.6
11901,38,3,-51.58
11902,38,0,-50.56
11903,39,1,-49.54
11905,39,3,-51.49
11906,39,5,-50.44
11907,39,2,-49.39
11908,39,-1,-48.34
11910,38,1,-47.29
11911,38,0,-46.25
11912,37,7,-45.21
11913,36,0,-44.17
11915,35,-3,-49.07
11916,34,-1,-48.04
11917,33,1,-47.01
11918,32,-1,-45.98
11920,30,-1,-45.94
11921,29,0,-44.9
11922,27,2,-43.86
11923,25,1,-42.82
11925,23,0,-42.77
11926,22,0,-41.78
11927,20,-1,-40.79
11928,18,0,-39.8
11930,16,1,-43.78
11931,15,1,-42.76
11932,13,1,-41.74
11933,11,2,-40.72
11935,10,-1,-42.74
11936,8,1,-41.76
11937,7,16,-40.78
11938,5,33,-39.8
11940,4,21,-38.88
11941,2,7,-37.96
11942,1,-2,-37.04
11943,0,1,-40.08
11945,0,0,-39.16
11946,-1,-8,-38.24
11947,-2,-37,-37.32
11948,-2,-22,-38.46
11950,-3,-16,-37.6
11951,-4,0,-36.74
11952,-5,34,-35.88
11953,-6,25,-35.02
11955,-7,24,-35.16
11956,-8,17,-34.3
11957,-9,4,-33.44
11958,-10,-5,-32.58
11960,-11,-3,-33.78
11961,-13,-6,-32.98
11962,-15,-10,-32.18
11963,-18,-35,-31.38
11965,-19,-22,-29.62
11966,-20,-13,-28.86
11967,-21,1,-28.1
11968,-21,27,-27.34
11970,-18,8,-30.6
11971,-14,-18,-29.86
11972,-8,15,-29.12
11973,-1,16,-28.38
11975,7,5,-31.64
11976,18,1,-30.9
11977,31,-3,-30.16
11978,44,-21,-29.42
11980,63,-18,-27.76
11981,86,-14,-27.1
11982,111,9,-26.44
11983,140,32,-25.78
11985,172,15,-32.09
11986,208,5,-31.4
11987,246,9,-30.71
11988,286,9,-30.02
11990,327,6,-29.37
11991,370,0,-28.72
11992,413,-11,-28.07
11993,455,-30,-27.42
11995,494,-16,-30.77
11996,530,-15,-30.12
11997,562,1,-29.47
11998,591,24,-28.82
12000,616,16,-28.23
12001,636,-16,-27.64
12002,652,26,-27.05
12003,664,-12,-26.46
12005,669,-14,-27.86
12006,669,-11,-27.26
12007,663,-9,-26.66
12008,654,-5,-26.06
12010,637,-2,-29.48
12011,614,-3,-28.9
12012,586,2,-28.32
12013,555,-4,-27.74
12015,519,6,-27.16
12016,481,3,-26.58
12017,441,5,-26
12018,400,-7,-25.42
12020,358,1,-27.86
12021,315,6,-27.3
12022,273,1,-26.74
12023,233,-1,-26.18
12025,192,1,-24.65
12026,154,2,-24.12
12027,116,3,-23.59
12028,81,0,-23.06
12030,47,1,-26.52
12031,14,-1,-25.98
12032,-15,3,-25.44
12033,-44,1,-24.9
12035,-70,0,-27.33
12036,-94,1,-26.76
12037,-117,4,-26.19
12038,-137,-2,-25.62
12040,-154,-7,-27.09
12041,-170,4,-26.56
12042,-184,2,-26.03
12043,-197,3,-25.5
12045,-207,1,-26.96
12046,-216,0,-26.42
12047,-223,0,-25.88
12048,-229,-13,-25.34
12050,-233,6,-27.78
12051,-237,-1,-27.22
12052,-239,-8,-26.66
12053,-241,-2,-26.1
12055,-242,-4,-28.56
12056,-242,7,-28.02
12057,-241,9,-27.48
12058,-239,2,-26.94
12060,-237,3,-30.39
12061,-235,3,-29.84
12062,-232,3,-29.29
12063,-228,2,-28.74
12065,-224,-2,-30.17
12066,-221,2,-29.6
12067,-217,-1,-29.03
12068,-213,0,-28.5
12070,-209,2,-30.94
12071,-205,-6,-30.38
12072,-201,1,-29.82
12073,-197,26,-29.28
12075,-194,19,-30.72
12076,-190,8,-30.16
12077,-186,9,-33.56
12078,-183,-1,-32.96
12080,-180,-1,-32.37
12081,-177,-3,-31.78
12082,-174,-26,-31.19
12083,-171,-27,-32.58
12085,-169,-17,-31.99
12086,-166,-6,-31.4
12087,-164,32,-30.81
12088,-161,24,-30.22
12090,-159,10,-34.57
12091,-157,11,-33.92
12092,-156,13,-33.27
12093,-154,6,-32.62
12095,-153,1,-33.99
12096,-151,-1,-33.36
12097,-150,-9,-32.73
12098,-149,-34,-32.1
12100,-148,-22,-32.5
12101,-147,-21,-31.9
12102,-145,20,-31.3
12103,-144,15,-30.7
12105,-142,10,-33.06
12106,-141,9,-32.42
12107,-140,8,-31.78
12108,-138,6,-31.14
12110,-137,3,-32.55
12111,-136,5,-31.96
12112,-134,2,-31.37
12113,-133,-27,-30.78
12115,-132,-20,-34.15
12116,-131,-11,-33.52
12117,-130,31,-32.89
12118,-129,12,-32.26
12120,-128,14,-33.65
12121,-127,16,-33.04
12122,-126,15,-32.43
12123,-125,1,-31.82
12125,-124,-5,-33.19
12126,-123,-7,-32.56
12127,-123,-3,-31.93
12128,-122,-35,-31.3
12130,-122,-19,-34.65
12131,-121,-12,-34
12132,-121,-11,-33.35
12133,-120,-4,-32.7
12135,-120,-4,-35.06
12136,-119,0,-34.42
12137,-119,3,-33.78
12138,-118,8,-33.14
12140,-118,2,-33.49
12141,-117,10,-32.84
12142,-117,-9,-32.19
12143,-117,-4,-31.54
12145,-117,1,-33.89
12146,-116,2,-33.24
12147,-116,6,-32.59
12148,-116,3,-31.94
12150,-115,1,-32.27
12151,-115,3,-31.6
12152,-115,1,-30.93
12153,-115,5,-30.26
12155,-115,5,-34.58
12156,-115,2,-33.9
12157,-114,-3,-33.22
12158,-114,-8,-32.54
12160,-114,2,-32.88
12161,-113,0,-32.22
12162,-113,2,-31.56
12163,-112,2,-30.9
12165,-112,4,-34.22
12166,-112,-1,-33.54
12167,-112,-5,-32.86
12168,-112,-1,-32.18
12170,-112,2,-34.49
12171,-111,3,-33.8
12172,-111,3,-33.11
12173,-111,2,-32.42
12175,-111,1,-32.75
12176,-111,2,-32.08
12177,-110,2,-31.41
12178,-110,-3,-30.74
12180,-110,-2,-35.05
12181,-109,1,-34.36
12182,-109,2,-33.67
12183,-108,1,-32.98
12185,-108,1,-33.32
12186,-107,3,-32.66
12187,-107,0,-32
12188,-107,0,-31.34
12190,-107,0,-29.71
12191,-107,1,-29.08
12192,-107,31,-28.45
12193,-108,20,-27.82
12195,-108,22,-28.21
12196,-108,17,-27.6
12197,-109,1,-26.99
12198,-109,-1,-26.38
12200,-109,-9,-24.8
12201,-110,-30,-24.22
12202,-110,-25,-23.68
12203,-110,-12,-23.14
12205,-110,-9,-22.6
12206,-110,-8,-22.06
12207,-111,-4,-21.52
12208,-111,32,-21
12210,-111,18,-16.52
12211,-111,5,-16.04
12212,-111,12,-10.61
12213,-112,1,-10.18
12215,-112,4,-9.8
12216,-111,-3,-9.42
12217,-111,-44,-9.04
12218,-111,-18,-5.69
12220,-111,-13,-5.36
12221,-111,-12,-5.03
12222,-111,28,-4.7
12223,-111,21,-4.37
12225,-111,13,3.87
12226,-110,20,4.11
12227,-110,16,4.35
12228,-110,4,4.59
12230,-109,0,6.78
12231,-109,2,6.97
12232,-109,-4,7.16
12233,-109,-31,7.35
12235,-109,-21,16.43
12236,-109,-17,16.51
12237,-109,21,16.59
12238,-110,22,16.67
12240,-110,14,25.62
12241,-110,21,25.57
12242,-111,10,25.52
12243,-111,10,25.47
12245,-111,-1,34.31
12246,-111,-4,34.15
12247,-111,-10,33.99
12248,-111,-29,33.83
12250,-111,-20,42.56
12251,-111,-17,42.29
12252,-111,-5,42.02
12253,-111,22,41.75
12255,-111,24,50.35
12256,-111,12,49.95
12257,-110,-15,49.55
12258,-110,-17,49.15
12260,-110,-10,59.61
12261,-109,-12,59.07
12262,-109,-5,58.53
12263,-108,-7,57.99
12265,-107,-2,67.34
12266,-106,1,66.69
12267,-105,2,66.04
12268,-104,2,65.39
12270,-102,5,74.61
12271,-101,4,73.83
12272,-99,3,73.05
12273,-98,0,72.27
12275,-96,2,82.37
12276,-94,-9,81.47
12277,-92,1,80.57
12278,-90,1,79.67
12280,-87,-1,87.63
12281,-83,6,86.59
12282,-79,-1,85.55
12283,-75,-3,84.51
12285,-71,-5,94.35
12286,-66,5,93.19
12287,-61,5,92.03
12288,-57,-2,100.77
12290,-52,3,99.47
12291,-48,2,98.17
12292,-43,0,96.87
12293,-39,3,104.48
12295,-36,1,103.06
12296,-32,3,101.64
12297,-29,3,100.22
12298,-25,0,109.69
12300,-22,-1,108.15
12301,-19,4,106.61
12302,-16,0,105.07
12303,-13,-4,113.43
12305,-11,8,111.74
12306,-8,1,110.05
12307,-6,-3,108.36
12308,-3,-7,112.61
12310,-1,0,110.85
12311,0,0,109.09
12312,1,6,107.33
12313,3,0,115.47
12315,4,2,113.62
12316,5,1,111.77
12317,6,-8,109.92
12318,7,0,114.01
12320,7,2,112.09
12321,8,1,110.17
12322,8,-1,108.25
12323,9,2,117.22
12325,9,2,115.2
12326,9,3,113.18
12327,9,0,111.16
12328,9,4,112.11
12330,8,-1,110.06
12331,8,33,108.01
12332,8,31,105.96
12333,7,22,109.85
12335,7,14,107.78
12336,6,6,105.71
12337,5,3,103.69
12338,5,-35,108.6
12340,5,-34,106.51
12341,5,-17,104.42
12342,5,-14,102.33
12343,4,19,103.24
12345,4,17,101.15
12346,4,6,99.06
12347,4,10,100.93
12348,4,7,98.8
12350,3,0,96.75
12351,3,-25,94.7
12352,3,-26,95.62
12353,2,-12,93.54
12355,2,-5,91.48
12356,1,11,89.42
12357,1,19,87.36
12358,0,20,91.24
12360,0,23,89.21
12361,0,7,87.18
12362,0,13,85.15
12363,-1,-5,85.1
12365,-2,-6,83.14
12366,-3,-6,81.18
12367,-4,0,79.22
12368,-5,-26,83.2
12370,-6,-21,81.27
12371,-7,-13,79.34
12372,-8,10,77.41
12373,-8,20,73.5
12375,-9,8,71.68
12376,-10,11,69.86
12377,-11,-8,68.04
12378,-12,-14,69.19
12380,-14,-24,67.43
12381,-15,-11,65.67
12382,-16,-4,63.91
12383,-17,-2,64.13
12385,-18,3,62.46
12386,-19,5,60.79
12387,-19,4,59.12
12388,-20,2,54.48
12390,-21,2,52.94
12391,-23,4,51.4
12392,-24,-2,49.86
12393,-25,10,49.31
12395,-26,5,47.86
12396,-28,0,46.41
12397,-29,-2,44.96
12398,-30,-4,40.54
12400,-32,-1,39.23
12401,-33,0,37.92
12402,-35,1,36.61
12403,-36,-1,36.29
12405,-37,0,35.06
12406,-39,4,33.83
12407,-40,1,32.6
12408,-41,0,28.4
12410,-43,0,27.31
12411,-44,-4,26.22
12412,-46,5,25.13
12413,-48,1,22.16
12415,-49,0,21.19
12416,-51,1,20.22
12417,-53,0,19.25
12418,-54,-1,12.43
12420,-56,0,11.61
12421,-58,-2,10.79
12422,-61,1,9.97
12423,-63,-1,10.25
12425,-65,-1,9.53
12426,-67,-1,8.81
12427,-69,-10,8.09
12428,-71,2,-0.45
12430,-74,3,-0.99
12431,-76,3,-1.53
12432,-79,2,-2.07
12433,-82,-1,-7.5
12435,-85,2,-7.93
12436,-88,3,-8.36
12437,-91,1,-8.79
12438,-94,-1,-15.06
12440,-96,1,-15.33
12441,-99,2,-15.6
12442,-101,-1,-15.87
12443,-103,1,-21.03
12445,-105,1,-21.19
12446,-107,6,-21.35
12447,-108,1,-21.51
12448,-109,1,-26.51
12450,-109,23,-26.51
12451,-109,30,-26.51
12452,-109,29,-26.51
12453,-108,12,-35.39
12455,-107,11,-35.27
12456,-106,-1,-35.15
12457,-105,-10,-35.03
12458,-103,-41,-39.8
12460,-101,-36,-39.57
12461,-98,-16,-39.34
12462,-96,-25,-39.11
12463,-93,19,-45.74
12465,-90,29,-45.37
12466,-87,9,-45
12467,-84,18,-52.55
12468,-81,4,-52.07
12470,-77,-3,-51.59
12471,-74,-14,-51.11
12472,-71,-32,-55.54
12473,-67,-27,-54.97
12475,-64,-5,-54.4
12476,-61,-4,-53.83
12477,-57,37,-53.23
12478,-54,24,-56.59
12480,-50,16,-55.95
12481,-47,23,-55.31
12482,-44,12,-54.67
12483,-40,18,-60.9
12485,-37,2,-60.13
12486,-34,-1,-59.36
12487,-32,-7,-58.59
12488,-29,-29,-62.75
12490,-26,-27,-61.91
12491,-24,-16,-61.07
12492,-21,9,-60.23
12493,-19,5,-64.28
12495,-17,17,-63.33
12496,-15,14,-62.38
12497,-13,16,-61.43
12498,-12,4,-65.45
12500,-10,5,-64.47
12501,-9,8,-63.49
12502,-8,-32,-62.51
12503,-7,-32,-66.45
12505,-6,-19,-65.39
12506,-5,-7,-64.33
12507,-4,-7,-63.27
12508,-4,-5,-66.15
12510,-3,2,-65.03
12511,-3,7,-63.91
12512,-3,2,-62.79
12513,-2,3,-64.67
12515,-2,5,-63.55
12516,-2,2,-62.43
12517,-2,-1,-61.31
12518,-2,-3,-66.12
12520,-1,-1,-64.93
12521,-1,1,-63.74
12522,-1,4,-62.55
12523,-1,5,-70.3
12525,-1,-1,-69.05
12526,-1,6,-67.8
12527,-1,-2,-66.55
12528,-1,0,-61.33
12530,-1,-3,-60.11
12531,-2,4,-58.89
12532,-2,-4,-57.67
12533,-3,0,-62.42
12535,-4,-1,-61.17
12536,-6,2,-59.92
12537,-8,7,-58.67
12538,-10,3,-63.38
12540,-13,2,-62.09
12541,-15,4,-60.8
12542,-18,-2,-59.51
12543,-20,0,-56.3
12545,-23,-1,-55.09
12546,-25,-1,-53.88
12547,-27,-3,-52.67
12548,-30,-5,-56.4
12550,-32,2,-55.13
12551,-34,4,-53.86
12552,-36,0,-52.59
12553,-38,-1,-52.39
12555,-40,-9,-51.19
12556,-41,3,-49.99
12557,-43,1,-48.79
12558,-44,2,-50.61
12560,-45,4,-49.43
12561,-46,-1,-48.25
12562,-47,2,-47.07
12563,-48,2,-46.94
12565,-48,2,-45.81
12566,-49,3,-44.68
12567,-49,-1,-43.55
12568,-50,44,-47.42
12570,-50,23,-46.29
12571,-50,18,-45.16
12572,-50,4,-46.01
12573,-50,0,-44.91
12575,-49,-5,-43.81
12576,-49,-12,-42.71
12577,-49,-34,-42.6
12578,-50,-24,-41.58
12580,-50,-14,-40.56
12581,-50,-9,-39.54
12582,-52,21,-42.48
12583,-53,21,-41.47
12585,-56,15,-40.46
12586,-58,17,-39.45
12587,-61,16,-38.44
12588,-62,-3,-42.45
12590,-63,-2,-41.46
12591,-63,-9,-40.47
12592,-62,2,-39.56
12593,-59,-29,-38.65
12595,-55,-22,-37.74
12596,-49,-24,-36.83
12597,-43,22,-35.97
12598,-33,14,-38.08
12600,-21,13,-37.19
12601,-6,14,-36.3
12602,8,11,-35.41
12603,29,5,-38.52
12605,55,1,-37.63
12606,83,-8,-36.74
12607,114,-8,-35.85
12608,150,-29,-40.97
12610,189,-14,-40.09
12611,230,-13,-39.21
12612,273,21,-38.33
12613,316,21,-40.47
12615,358,15,-39.61
12616,400,6,-38.75
12617,439,13,-37.89
12618,475,8,-37.08
12620,507,-2,-36.27
12621,535,-8,-35.46
12622,560,-5,-34.65
12623,579,-31,-36.86
12625,593,-21,-36.07
12626,604,-16,-35.28
12627,610,23,-34.49
12628,609,-14,-36.72
12630,602,30,-35.95
12631,589,14,-35.18
12632,573,15,-34.41
12633,550,-22,-38.63
12635,522,-25,-37.85
12636,490,-10,-37.07
12637,454,-6,-36.29
12638,416,-10,-39.5
12640,376,-1,-38.71
12641,335,0,-37.92
12642,294,4,-37.13
12643,253,2,-41.35
12645,211,0,-40.57
12646,171,3,-39.79
12647,132,3,-39.01
12648,94,2,-39.31
12650,58,5,-38.61
12651,23,6,-37.91
12652,-9,-2,-37.21
12653,-41,-3,-39.44
12655,-70,2,-38.67
12656,-98,-2,-37.9
12657,-123,-6,-37.13
12658,-147,8,-39.39
12660,-168,2,-38.65
12661,-187,4,-37.91
12662,-205,2,-37.17
12663,-220,-1,-40.45
12665,-233,0,-39.73
12666,-244,3,-39.01
12667,-253,2,-38.29
12668,-261,3,-38.54
12670,-268,-2,-37.79
12671,-273,5,-37.04
12672,-276,0,-36.29
12673,-279,-2,-39.55
12675,-281,0,-38.81
12676,-282,-5,-38.07
12677,-283,0,-37.33
12678,-282,1,-38.58
12680,-281,1,-37.83
12681,-280,1,-37.08
12682,-278,0,-36.33
12683,-275,-4,-35.61
12685,-272,-3,-34.89
12686,-269,1,-34.17
12687,-266,1,-33.45
12688,-263,5,-38.68
12690,-259,1,-37.91
12691,-256,4,-37.14
12692,-252,0,-36.37
12693,-249,2,-38.62
12695,-245,-1,-37.87
12696,-242,6,-37.12
12697,-239,-1,-36.39
12698,-236,1,-38.63
12700,-233,1,-37.87
12701,-230,0,-37.11
12702,-227,-1,-36.36
12703,-224,33,-37.59
12705,-221,12,-36.82
12706,-219,10,-36.05
12707,-216,2,-36.31
12708,-214,5,-35.57
12710,-212,-6,-34.83
12711,-209,-20,-38.05
12712,-207,-31,-37.27
12713,-205,-17,-36.54
12715,-204,-15,-35.81
12716,-202,-7,-35.08
12717,-200,27,-37.32
12718,-199,26,-36.56
12720,-197,22,-35.8
12721,-196,16,-35.04
12722,-195,11,-34.28
12723,-193,8,-37.51
12725,-192,7,-36.74
12726,-190,-2,-35.97
12727,-189,-6,-35.2
12728,-188,-38,-38.43
12730,-187,-23,-37.66
12731,-186,-15,-36.89
12732,-185,18,-36.12
12733,-184,15,-40.36
12735,-183,11,-39.6
12736,-183,9,-38.84
12737,-182,10,-38.08
12738,-181,6,-38.34
12740,-181,-1,-37.6
12741,-180,-3,-36.86
12742,-179,2,-36.12
12743,-178,-28,-40.33
12745,-178,-21,-39.54
12746,-177,-25,-38.75
12747,-176,20,-37.96
12748,-175,16,-37.2
12750,-174,14,-36.44
12751,-174,14,-35.68
12752,-173,29,-34.92
12753,-172,-21,-37.16
12755,-171,-16,-36.4
12756,-171,-19,-35.64
12757,-170,-17,-41.81
12758,-169,-10,-41.03
12760,-167,-9,-40.25
12761,-166,-1,-39.47
12762,-165,8,-38.69
12763,-164,-5,-39.93
12765,-163,3,-39.17
12766,-161,3,-38.41
12767,-160,-8,-38.64
12768,-159,3,-37.92
12770,-158,5,-37.2
12771,-157,6,-36.48
12772,-156,4,-43.68
12773,-155,3,-42.89
12775,-155,-8,-42.1
12776,-154,2,-41.31
12777,-154,6,-42.5
12778,-153,-2,-41.72
12780,-153,8,-40.94
12781,-153,-1,-40.16
12782,-153,3,-44.33
12783,-153,3,-43.53
12785,-153,0,-42.73
12786,-152,-2,-41.93
12787,-152,0,-42.12
12788,-152,-2,-41.35
12790,-152,7,-40.58
12791,-152,-1,-39.81
12792,-152,4,-43
12793,-152,2,-42.2
12795,-152,-7,-41.4
12796,-152,2,-40.6
12797,-152,3,-45.74
12798,-153,-3,-44.92
12800,-153,1,-44.1
12801,-154,-12,-43.28
12802,-154,2,-40.48
12803,-155,0,-39.7
12805,-155,1,-38.92
12806,-155,3,-38.14
12807,-156,3,-45.28
12808,-156,2,-44.42
12810,-156,3,-43.56
12811,-157,3,-42.7
12812,-157,-4,-44.81
12813,-157,-1,-43.98
12815,-157,1,-43.15
12816,-158,3,-42.32
12817,-158,1,-40.5
12818,-158,2,-39.71
12820,-158,2,-38.92
12821,-158,0,-38.13
12822,-159,12,-39.32
12823,-159,27,-38.54
12825,-159,13,-37.76
12826,-159,-1,-37.97
12827,-159,8,-37.18
12828,-160,6,-36.41
12830,-160,0,-35.64
12831,-160,-2,-31.9
12832,-160,-33,-31.17
12833,-161,-27,-30.44
12835,-161,-18,-29.71
12836,-162,-4,-29.02
12837,-162,10,-30.31
12838,-163,11,-29.6
12840,-164,12,-28.89
12841,-164,-3,-28.18
12842,-165,24,-22.55
12843,-165,15,-21.92
12845,-166,11,-21.29
12846,-166,3,-20.66
12847,-167,-3,-15.08
12848,-167,-30,-14.54
12850,-168,-16,-14
12851,-168,-14,-13.46
12852,-168,26,-9.95
12853,-168,19,-9.48
12855,-168,6,-9.01
12856,-169,8,-8.54
12857,-168,14,-2.13
12858,-168,2,-1.77
12860,-168,7,-1.41
12861,-167,-2,-1.05
12862,-167,-7,5.25
12863,-166,-26,5.54
12865,-166,-27,5.83
12866,-166,-13,6.12
12867,-165,-2,14.33
12868,-165,18,14.49
12870,-165,20,14.65
12871,-165,23,14.81
12872,-165,11,21.9
12873,-164,5,21.99
12875,-164,-4,22.08
12876,-164,-26,22.17
12877,-163,-21,30.18
12878,-163,-19,30.16
12880,-162,-14,30.14
12881,-162,-4,30.12
12882,-162,0,38.94
12883,-161,4,38.76
12885,-161,1,38.58
12886,-160,6,38.4
12887,-159,10,47.13
12888,-158,-5,46.84
12890,-157,1,46.55
12891,-155,1,46.26
12892,-153,3,50.91
12893,-151,5,50.56
12895,-148,-1,50.21
12896,-146,1,49.86
12897,-143,1,57.35
12898,-140,2,56.84
12900,-136,0,56.33
12901,-133,-2,55.82
12902,-129,3,65.19
12903,-126,3,64.56
12905,-122,0,63.93
12906,-118,3,63.3
12907,-114,0,72.52
12908,-110,1,71.74
12910,-106,1,70.96
12911,-102,-2,70.18
12912,-99,1,76.32
12913,-95,0,75.46
12915,-92,2,74.6
12916,-89,1,73.74
12917,-86,1,79.77
12918,-83,-4,78.8
12920,-80,5,77.83
12921,-78,-1,76.86
12922,-75,-2,84.74
12923,-73,-3,83.62
12925,-70,2,82.5
12926,-68,3,81.38
12927,-66,2,89.19
12928,-64,0,88
12930,-62,4,86.81
12931,-60,-2,85.62
12932,-59,-5,93.26
12933,-57,1,91.9
12935,-56,0,90.54
12936,-55,1,89.18
12937,-53,1,91.75
12938,-52,2,90.32
12940,-51,0,88.89
12941,-51,2,87.46
12942,-50,1,93.96
12943,-49,2,92.46
12945,-48,35,90.96
12946,-47,30,89.46
12947,-47,15,91.9
12948,-46,12,90.34
12950,-45,4,88.78
12951,-45,3,87.21
12952,-44,-35,92.57
12953,-43,-30,90.93
12955,-43,-26,89.29
12956,-42,-16,87.68
12957,-42,3,92.01
12958,-42,23,90.34
12960,-41,13,88.67
12961,-41,14,92.94
12962,-41,10,91.19
12963,-41,7,89.44
12965,-41,0,87.69
12966,-41,-11,91.88
12967,-41,-40,90.12
12968,-42,-20,88.36
12970,-43,-9,86.6
12971,-43,-5,84.84
12972,-44,30,89.07
12973,-45,24,87.3
12975,-47,19,85.53
12976,-48,19,83.76
12977,-49,3,83.01
12978,-51,0,81.26
12980,-52,-2,79.51
12981,-54,-2,77.76
12982,-55,-5,80.03
12983,-56,-21,78.3
12985,-57,-23,76.57
12986,-57,-13,74.84
12987,-58,19,77.13
12988,-58,13,75.42
12990,-59,9,73.71
12991,-59,0,72
12992,-59,10,74.33
12993,-60,4,72.66
12995,-61,0,70.99
12996,-62,-1,69.32
12997,-62,2,68.71
12998,-63,-20,67.1
13000,-64,-16,65.49
13001,-65,-13,63.88
13002,-66,-7,61.36
13003,-67,-11,59.84
13005,-68,-1,58.32
13006,-69,3,56.8
13007,-71,4,55.37
13008,-72,10,53.94
13010,-74,5,52.51
13011,-76,2,51.08
13012,-77,-15,49.74
13013,-79,3,48.4
13015,-80,2,47.06
13016,-82,2,45.72
13017,-83,-4,45.42
13018,-84,0,44.12
13020,-86,2,42.82
13021,-88,3,41.52
13022,-89,-7,40.3
13023,-91,3,39.08
13025,-92,7,37.86
13026,-93,4,36.64
13027,-95,-1,34.53
13028,-96,1,33.42
13030,-97,2,32.31
13031,-98,3,31.2
13032,-100,-2,23.26
13033,-101,4,22.32
13035,-103,2,21.38
13036,-104,-2,20.44
13037,-106,6,18.58
13038,-108,-1,17.72
13040,-109,-1,16.86
13041,-111,-10,16
13042,-112,-9,12.24
13043,-114,-9,11.48
13045,-116,3,10.72
13046,-117,7,9.96
13047,-119,6,5.33
13048,-120,7,4.7
13050,-122,7,4.07
13051,-123,6,3.44
13052,-125,2,-5.02
13053,-127,-2,-5.48
13055,-128,-4,-5.94
13056,-130,-4,-6.4
13057,-132,3,-10.73
13058,-134,3,-11.06
13060,-136,2,-11.39
13061,-138,1,-11.72
13062,-139,2,-19.93
13063,-141,32,-20.14
13065,-143,18,-20.35
13066,-144,16,-25.51
13067,-145,-1,-25.59
13068,-146,7,-25.67
13070,-147,-1,-25.75
13071,-148,-5,-28.8
13072,-148,-30,-28.81
13073,-148,-25,-28.82
13075,-148,-29,-28.83
13076,-147,-16,-37.75
13077,-146,31,-37.6
13078,-145,28,-37.45
13080,-144,17,-37.3
13081,-142,18,-37.15
13082,-140,14,-41.89
13083,-137,9,-41.63
13085,-134,-3,-41.37
13086,-130,-38,-41.05
13087,-127,-22,-48.65
13088,-122,-17,-48.25
13090,-118,-12,-47.85
13091,-114,-12,-47.39
13092,-109,21,-52.87
13093,-105,22,-52.35
13095,-101,23,-51.83
13096,-97,15,-51.31
13097,-93,7,-56.67
13098,-89,2,-56.03
13100,-86,2,-55.39
13101,-83,-4,-54.75
13102,-80,-3,-62.02
13103,-77,-31,-61.29
13105,-74,-20,-60.56
13106,-71,-18,-59.83
13107,-68,25,-60.05
13108,-65,15,-59.27
13110,-62,14,-58.49
13111,-59,12,-57.71
13112,-56,10,-62.83
13113,-53,3,-61.95
13115,-51,3,-61.07
13116,-49,-3,-60.19
13117,-47,5,-64.22
13118,-46,-29,-63.25
13120,-44,-23,-62.28
13121,-43,-24,-61.31
13122,-42,-7,-68.25
13123,-40,29,-67.19
13125,-39,17,-66.13
13126,-38,-18,-65.07
13127,-37,15,-67.98
13128,-36,15,-66.89
13130,-35,-16,-65.8
13131,-34,-12,-64.71
13132,-33,-13,-67.58
13133,-32,-6,-66.45
13135,-31,2,-65.32
13136,-31,-2,-64.19
13137,-30,-8,-69.99
13138,-29,10,-68.79
13140,-28,-7,-67.59
13141,-27,3,-66.39
13142,-26,6,-69.14
13143,-25,-1,-67.89
13145,-24,3,-66.64
13146,-23,-1,-65.39
13147,-22,3,-71.07
13148,-21,6,-69.75
13150,-21,3,-68.43
13151,-20,-1,-67.11
13152,-20,-9,-68.77
13153,-20,3,-67.43
13155,-20,1,-66.09
13156,-20,-3,-64.75
13157,-20,-3,-66.45
13158,-21,4,-65.15
13160,-21,1,-63.85
13161,-23,4,-62.55
13162,-24,-1,-65.22
13163,-25,3,-63.89
13165,-27,3,-62.56
13166,-29,8,-61.23
13167,-31,4,-63.89
13168,-33,3,-62.55
13170,-35,-1,-61.21
13171,-38,-3,-59.87
13172,-40,-1,-64.51
13173,-42,1,-63.15
13175,-44,-9,-61.79
13176,-47,1,-60.43
13177,-49,-5,-60.14
13178,-50,0,-58.85
13180,-52,1,-57.56
13181,-53,2,-56.27
13182,-55,1,-58.98
13183,-56,3,-57.69
13185,-56,3,-56.4
13186,-57,-1,-55.11
13187,-57,3,-58.85
13188,-58,4,-57.59
13190,-58,3,-56.33
13191,-58,-8,-55.12
13192,-59,-3,-56.88
13193,-59,0,-55.64
13195,-60,2,-54.4
13196,-60,7,-53.19
13197,-60,1,-54.95
13198,-60,4,-53.71
13200,-61,39,-52.47
13201,-61,25,-51.32
13202,-61,20,-55.12
13203,-62,11,-53.92
13205,-63,5,-52.72
13206,-64,0,-51.52
13207,-66,-6,-51.36
13208,-67,-42,-50.2
13210,-69,-28,-49.04
13211,-71,-18,-47.88
13212,-72,-17,-49.77
13213,-72,30,-48.66
13215,-71,13,-47.55
13216,-68,11,-48.42
13217,-63,6,-47.35
13218,-57,3,-46.28
13220,-46,-1,-46.2
13221,-32,-7,-45.12
13222,-15,-31,-44.1
13223,3,-16,-43.08
13225,24,-9,-42.06
13226,49,-5,-46.98
13227,76,33,-45.98
13228,107,17,-44.98
13230,138,16,-43.98
13231,171,24,-42.98
13232,205,10,-41.99
13233,241,2,-41
13235,277,1,-40.01
13236,313,-2,-39.02
13237,346,0,-42.05
13238,377,-34,-41.08
13240,406,-21,-40.11
13241,432,-16,-39.14
13242,455,25,-45.15
13243,474,24,-44.16
13245,491,17,-43.17
13246,506,6,-42.18
13247,515,12,-45.23
13248,520,7,-44.28
13250,521,-3,-43.33
13251,519,-8,-42.38
13252,511,-5,-43.45
13253,497,-27,-42.52
13255,478,-17,-41.59
13256,455,-12,-43.63
13257,429,-5,-42.71
13258,400,-6,-41.79
13260,369,-1,-40.87
13261,336,1,-39.95
13262,303,3,-41.08
13263,269,-1,-40.21
13265,235,0,-39.34
13266,201,2,-38.47
13267,167,1,-44.57
13268,134,6,-43.67
13270,102,-4,-42.77
13271,70,-10,-42.86
13272,40,-2,-42.02
13273,10,2,-41.18
13275,-17,2,-40.34
13276,-43,2,-40.49
13277,-68,2,-39.67
13278,-91,1,-38.85
13280,-112,-9,-38.03
13281,-131,1,-41.17
13282,-149,3,-40.34
13283,-164,0,-39.51
13285,-178,5,-38.68
13286,-190,1,-40.82
13287,-200,3,-40
13288,-209,-3,-39.18
13290,-217,-1,-38.36
13291,-224,-3,-39.52
13292,-229,0,-38.72
13293,-233,0,-37.92
13295,-236,1,-37.12
13296,-239,3,-44.24
13297,-240,5,-43.42
13298,-241,-2,-42.6
13300,-241,1,-41.78
13301,-240,2,-42.94
13302,-238,2,-42.11
13303,-237,1,-41.28
13305,-234,-1,-40.45
13306,-232,-6,-40.61
13307,-229,1,-39.81
13308,-225,-5,-39.01
13310,-222,-1,-38.21
13311,-219,4,-41.37
13312,-216,-1,-40.58
13313,-212,3,-39.79
13315,-209,6,-39
13316,-206,3,-41.18
13317,-203,-3,-40.39
13318,-200,32,-39.6
13320,-197,6,-38.81
13321,-194,14,-42.97
13322,-191,5,-42.16
13323,-188,12,-41.35
13325,-185,-4,-44.5
13326,-182,-28,-43.65
13327,-179,-26,-42.85
13328,-176,-16,-42.05
13330,-173,1,-41.25
13331,-171,21,-40.45
13332,-168,25,-39.66
13333,-165,26,-38.87
13335,-163,18,-38.08
13336,-161,11,-42.24
13337,-159,7,-41.43
13338,-157,-2,-40.62
13340,-156,-6,-39.81
13341,-155,-4,-41
13342,-153,-5,-40.19
13343,-152,-36,-39.38
13345,-151,-28,-38.58
13346,-150,-9,-39.76
13347,-149,15,-38.94
13348,-149,28,-38.12
13350,-148,18,-37.3
13351,-148,20,-37.53
13352,-147,9,-36.76
13353,-146,-1,-35.99
13355,-146,-2,-35.22
13356,-145,-7,-36.43
13357,-144,2,-35.64
13358,-144,-32,-34.85
13360,-143,-23,-34.06
13361,-142,-15,-34.26
13362,-141,6,-33.5
13363,-140,19,-32.74
13365,-139,12,-31.98
13366,-138,16,-35.18
13367,-137,15,-34.45
13368,-136,1,-33.72
13370,-136,-2,-32.99
13371,-135,-1,-34.24
13372,-134,1,-33.53
13373,-133,-32,-32.82
13375,-132,-26,-32.11
13376,-131,-10,-34.37
13377,-131,20,-33.65
13378,-130,-18,-32.93
13380,-129,9,-32.21
13381,-128,15,-34.49
13382,-127,-10,-33.77
13383,-126,-12,-33.05
13385,-126,-15,-32.33
13386,-125,-8,-32.6
13387,-124,-9,-31.89
13388,-123,1,-31.18
13390,-123,4,-30.47
13391,-122,5,-32.73
13392,-121,7,-32.06
13393,-121,9,-31.39
13395,-120,9,-30.72
13396,-119,5,-29.07
13397,-119,-3,-28.42
13398,-119,-2,-27.77
13400,-118,1,-27.12
13401,-118,1,-30.44
13402,-118,0,-29.76
13403,-117,-3,-29.08
13405,-117,4,-28.4
13406,-117,6,-26.77
13407,-118,1,-26.14
13408,-118,-1,-25.51
13410,-118,1,-24.88
13411,-118,1,-29.23
13412,-117,1,-28.58
13413,-117,-1,-27.93
13415,-117,-1,-27.28
13416,-116,3,-28.63
13417,-115,0,-27.98
13418,-114,1,-27.33
13420,-113,1,-26.68
13421,-112,1,-28.09
13422,-111,0,-27.5
13423,-111,2,-26.91
13425,-110,2,-26.32
13426,-109,0,-28.72
13427,-108,-1,-28.12
13428,-108,1,-27.52
13430,-108,0,-26.92
13431,-107,0,-28.31
13432,-107,0,-27.7
13433,-107,-1,-27.09
13435,-107,-1,-26.48
13436,-108,1,-23.93
13437,-108,2,-23.38
13438,-108,1,-22.83
13440,-109,-7,-22.28
13441,-109,3,-23.74
13442,-109,1,-23.2
13443,-109,-1,-22.66
13445,-109,-4,-22.12
13446,-109,-2,-18.66
13447,-109,3,-18.2
13448,-109,4,-17.74
13450,-108,1,-17.32
13451,-108,-2,-16.9
13452,-108,-3,-16.48
13453,-108,41,-16.06
13455,-107,12,-15.64
13456,-107,7,-12.25
13457,-107,5,-11.86
13458,-106,5,-6.52
13460,-105,-1,-6.18
13461,-105,-10,-5.89
13462,-104,-29,-5.6
13463,-104,-25,-5.31
13465,-103,-13,-2.05
13466,-102,-17,-1.81
13467,-101,22,-1.57
13468,-100,29,-1.33
13470,-99,20,-1.09
13471,-98,17,6.06
13472,-97,13,6.21
13473,-96,4,6.36
13475,-95,-2,6.51
13476,-95,10,13.58
13477,-94,-5,13.65
13478,-93,-30,13.72
13480,-92,-21,13.79
13481,-91,-13,21.76
13482,-90,22,21.73
13483,-90,10,21.7
13485,-89,10,21.67
13486,-88,15,31.53
13487,-87,5,31.39
13488,-86,12,31.25
13490,-85,-2,31.11
13491,-85,-1,39.84
13492,-84,0,39.57
13493,-84,-28,39.3
13495,-84,-30,39.03
13496,-84,-19,50.62
13497,-84,4,50.21
13498,-84,22,49.8
13500,-84,6,49.39
13501,-84,14,59.84
13502,-83,10,59.29
13503,-82,-17,58.74
13505,-81,-20,58.19
13506,-80,-8,66.52
13507,-79,-18,65.85
13508,-77,-5,65.18
13510,-75,0,64.51
13511,-72,5,76.7
13512,-70,4,75.89
13513,-67,9,75.08
13515,-64,2,74.27
13516,-61,1,85.31
13517,-57,3,84.35
13518,-54,0,83.39
13520,-50,1,82.43
13521,-46,3,95.34
13522,-42,-1,94.25
13523,-38,-4,93.16
13525,-33,0,92.07
13526,-28,0,99.85
13527,-23,1,98.63
13528,-19,3,97.41
13530,-14,8,96.19
13531,-9,-3,108.84
13532,-4,2,107.49
13533,0,2,106.14
13535,5,2,104.79
13536,10,0,113.29
13537,15,-17,111.79
13538,20,0,110.29
13540,24,3,108.79
13541,29,0,119.15
13542,33,3,117.51
13543,37,2,115.87
13545,42,1,114.23
13546,45,5,123.46
13547,49,3,121.69
13548,53,-10,119.92
13550,56,0,118.15
13551,59,-7,125.26
13552,62,3,123.37
13553,65,5,121.48
13555,68,5,119.59
13556,71,-2,131.54
13557,73,6,129.49
13558,75,3,127.44
13560,78,2,125.39
13561,80,4,133.26
13562,82,3,131.13
13563,83,2,129
13565,85,4,126.87
13566,87,-1,137.59
13567,88,-2,135.31
13568,90,-1,133.03
13570,91,-2,130.75
13571,92,-2,136.42
13572,93,-2,134.09
13573,93,31,131.76
13575,94,25,129.43
13576,94,13,136.01
13577,95,7,133.59
13578,95,-1,141.07
13580,96,-4,138.55
13581,96,-10,136.06
13582,97,-25,133.57
13583,97,-24,131.13
13585,97,-15,138.59
13586,97,-6,136.05
13587,96,38,133.51
13588,96,24,130.97
13590,95,11,128.46
13591,94,19,134.86
13592,94,8,132.26
13593,93,0,129.66
13595,92,-5,127.06
13596,91,-10,133.44
13597,90,-4,130.82
13598,89,-34,128.2
13600,89,-20,125.58
13601,88,-12,127.98
13602,88,22,125.38
13603,87,17,122.78
13605,87,17,120.18
13606,86,15,126.57
13607,86,10,123.96
13608,85,6,121.35
13610,84,2,118.74
13611,83,-6,121.18
13612,82,-8,118.62
13613,81,-34,116.06
13615,80,-24,113.5
13616,79,-11,114.99
13617,78,22,112.48
13618,77,12,109.97
13620,76,13,107.46
13621,75,13,111.01
13622,74,11,108.56
13623,73,3,106.11
13625,72,-4,103.66
13626,71,-2,107.26
13627,71,4,104.86
13628,71,-33,102.46
13630,70,-22,100.06
13631,70,-16,99.73
13632,69,-8,97.4
13633,69,0,95.07
13635,68,7,92.74
13636,67,2,95.49
13637,66,4,93.24
13638,65,3,90.99
13640,64,2,88.74
13641,63,-4,87.6
13642,61,1,85.46
13643,60,0,83.32
13645,59,0,81.18
13646,58,-6,81.16
13647,57,4,79.14
13648,56,1,77.12
13650,55,2,75.1
13651,53,0,76.14
13652,53,-9,74.18
13653,52,2,72.22
13655,51,3,70.26
13656,50,9,66.46
13657,49,0,64.66
13658,48,1,62.86
13660,47,3,61.06
13661,45,1,60.35
13662,44,2,58.64
13663,43,-1,56.93
13665,41,-4,55.22
13666,39,3,50.66
13667,38,-2,49.1
13668,36,-1,47.54
13670,34,3,45.98
13671,32,0,43.54
13672,30,-1,42.1
13673,28,-5,40.66
13675,26,4,39.22
13676,24,4,35.89
13677,21,5,34.56
13678,18,2,33.23
13680,16,-2,31.9
13681,13,0,27.74
13682,11,5,26.58
13683,8,5,25.42
13685,6,-1,24.26
13686,3,1,22.21
13687,1,-4,21.16
13688,0,5,20.11
13690,-1,-4,19.06
13691,-3,1,12.2
13692,-4,-3,11.34
13693,-5,4,10.48
13695,-6,41,9.62
13696,-6,29,4.88
13697,-6,17,4.14
13698,-5,15,3.4
13700,-4,-3,2.66
13701,-2,-4,-0.96
13702,0,-6,-1.58
13703,2,-44,-2.1
13705,5,-21,-2.62
13706,8,-15,-9.08
13707,11,-15,-9.54
13708,15,31,-10
13710,18,13,-16.3
13711,22,10,-16.6
13712,26,6,-16.9
13713,30,-1,-17.2
13715,34,-2,-17.5
13716,38,0,-17.71
13717,42,-30,-17.92
13718,46,-21,-18.13
13720,49,-19,-21.31
13721,53,-7,-21.4
13722,56,30,-21.49
13723,59,24,-21.58
13725,62,18,-21.67
13726,65,24,-25.67
13727,68,13,-25.67
13728,71,8,-25.67
13730,73,-2,-25.67
13731,76,-5,-29.54
13732,78,5,-29.41
13733,80,-34,-29.28
13735,82,-18,-29.15
13736,84,-15,-32.93
13737,86,-11,-32.71
13738,88,24,-32.49
13740,89,15,-32.27
13741,91,-21,-34.98
13742,92,22,-34.69
13743,93,11,-34.4
13745,95,10,-34.11
13746,96,1,-36.73
13747,97,-2,-36.35
13748,97,-29,-35.97
13750,98,-18,-35.59
13751,99,-14,-39.11
13752,100,8,-38.63
13753,101,23,-38.15
13755,102,16,-35.69
13756,103,-4,-35.21
13757,104,20,-34.73
13758,106,-6,-34.25
13760,107,-20,-40.7
13761,109,-19,-40.1
13762,110,-20,-39.5
13763,112,-4,-38.9
13765,114,3,-37.31
13766,115,-16,-36.71
13767,117,0,-36.11
13768,118,3,-35.51
13770,119,7,-35.9
13771,120,6,-35.27
13772,120,0,-34.64
13773,121,3,-34.01
13775,121,0,-37.34
13776,121,4,-36.64
13777,120,0,-35.94
13778,120,0,-35.24
13780,120,4,-36.52
13781,119,0,-35.82
13782,118,4,-35.12
13783,117,0,-34.42
13785,115,2,-35.7
13786,114,0,-34.97
13787,112,0,-34.24
13788,110,2,-33.51
13790,109,0,-34.76
13791,107,-2,-34.04
13792,105,-1,-33.32
13793,103,1,-32.6
13795,101,1,-34.85
13796,100,2,-34.11
13797,98,-5,-33.37
13798,97,-3,-32.63
13800,96,4,-31.89
13801,95,1,-31.17
13802,94,3,-30.45
13803,93,2,-29.73
13805,93,1,-31.98
13806,92,4,-31.26
13807,91,-5,-30.54
13808,90,2,-29.82
13810,90,-2,-31.08
13811,89,-1,-30.35
13812,88,33,-29.62
13813,87,23,-28.89
13815,86,23,-29.15
13816,85,6,-28.47
13817,85,7,-27.79
13818,84,4,-27.11
13820,84,-5,-29.4
13821,83,-8,-28.73
13822,83,-10,-28.06
13823,82,-32,-27.39
13825,81,-24,-27.71
13826,80,-19,-27.06
13827,78,-7,-26.41
13828,76,-2,-25.76
13830,75,5,-29.07
13831,75,4,-28.44
13832,75,1,-27.81
13833,75,2,-27.18
13835,78,2,-27.6
13836,81,5,-27.02
13837,87,-1,-26.44
13838,93,-6,-25.86
13840,102,5,-28.25
13841,113,4,-27.64
13842,126,-1,-27.03
13843,140,-6,-26.42
13845,159,42,-24.85
13846,182,22,-24.28
13847,208,14,-23.71
13848,235,16,-23.14
13850,268,8,-24.55
13851,303,2,-24
13852,340,-5,-23.45
13853,379,-38,-22.9
13855,418,-25,-24.33
13856,457,-15,-23.8
13857,495,-5,-23.27
13858,532,19,-22.74
13860,565,11,-23.2
13861,595,15,-22.7
13862,621,9,-22.2
13863,643,1,-25.66
13865,661,0,-25.12
13866,674,-10,-24.61
13867,684,-30,-24.1
13868,687,-17,-25.57
13870,685,-14,-25.04
13871,678,-1,-24.54
13872,666,29,-24.04
13873,652,25,-23.54
13875,631,27,-26.01
13876,606,20,-25.52
13877,576,-23,-25.03
13878,544,-24,-24.54
13880,510,-19,-27.99
13881,473,-28,-27.44
13882,435,-6,-26.89
13883,397,-7,-26.34
13885,359,2,-25.86
13886,321,7,-25.38
13887,284,10,-24.9
13888,248,8,-24.42
13890,213,2,-25.91
13891,178,4,-25.4
13892,145,3,-24.89
13893,114,3,-24.38
13895,84,3,-22.89
13896,56,-2,-22.4
13897,30,2,-21.91
13898,6,0,-21.42
13900,-16,1,-25.92
13901,-36,0,-25.42
13902,-54,0,-24.92
13903,-70,2,-24.42
13905,-85,3,-23.94
13906,-97,1,-23.46
13907,-108,1,-22.98
13908,-118,-4,-22.5
13910,-126,-1,-22.04
13911,-133,2,-21.58
13912,-138,0,-21.12
13913,-143,2,-20.66
13915,-147,3,-25.17
13916,-150,-3,-24.68
13917,-152,3,-24.19
13918,-153,2,-23.7
13920,-154,-1,-26.21
13921,-154,1,-25.72
13922,-154,0,-25.23
13923,-153,2,-24.74
13925,-152,4,-26.23
13926,-150,-18,-25.72
13927,-148,-2,-25.21
13928,-146,4,-24.7
13930,-143,1,-25.21
13931,-140,4,-24.72
13932,-137,2,-24.23
13933,-134,-2,-23.74
13935,-131,2,-24.26
13936,-128,-6,-23.78
13937,-125,-11,-23.3
13938,-122,-4,-22.82
13940,-118,6,-27.3
13941,-115,-4,-26.78
13942,-112,9,-26.26
13943,-109,4,-25.74
13945,-106,5,-25.25
13946,-102,6,-24.76
13947,-99,0,-24.27
13948,-96,1,-23.78
13950,-94,36,-25.28
13951,-91,26,-24.78
13952,-89,25,-24.28
13953,-87,17,-23.78
13955,-85,20,-25.3
13956,-83,3,-24.82
13957,-82,-10,-24.34
13958,-81,-39,-23.86
13960,-79,-23,-26.36
13961,-78,-27,-25.86
13962,-77,-11,-25.36
13963,-76,12,-24.86
13965,-74,11,-27.36
13966,-73,16,-26.86
13967,-72,10,-29.33
13968,-71,-2,-28.8
13970,-71,-4,-28.26
13971,-70,-3,-27.72
13972,-70,-32,-27.18
13973,-70,-21,-27.63
13975,-69,-11,-27.1
13976,-69,2,-26.57
13977,-69,28,-26.04
13978,-69,22,-25.51
13980,-68,17,-28.96
13981,-68,13,-28.41
13982,-68,8,-27.86
13983,-68,0,-27.31
13985,-68,-4,-28.75
13986,-68,-3,-28.19
13987,-68,-6,-27.63
13988,-68,-31,-27.11
13990,-68,-18,-29.56
13991,-68,-13,-29.01
13992,-68,20,-28.46
13993,-68,14,-27.93
13995,-68,16,-27.4
13996,-68,12,-26.87
13997,-67,8,-26.34
13998,-67,0,-25.81
14000,-67,0,-29.27
14001,-66,-3,-28.73
14002,-66,-1,-28.19
14003,-65,-30,-27.65
14005,-64,-21,-30.12
14006,-64,-16,-29.59
14007,-63,-11,-29.06
14008,-63,0,-28.53
14010,-63,8,-28
14011,-62,-2,-27.47
14012,-62,-1,-26.94
14013,-62,5,-26.41
14015,-62,7,-30.85
14016,-63,4,-30.29
14017,-63,1,-29.73
14018,-63,-6,-29.17
14020,-63,5,-28.6
14021,-63,-1,-28.03
14022,-63,-7,-27.46
14023,-63,-2,-26.89
14025,-62,3,-28.35
14026,-62,4,-27.81
14027,-62,4,-27.27
14028,-61,4,-26.73
14030,-61,4,-31.14
14031,-60,5,-30.55
14032,-60,1,-29.96
14033,-59,2,-29.37
14035,-59,2,-31.75
14036,-58,-3,-31.13
14037,-58,2,-30.51
14038,-58,3,-29.89
14040,-57,1,-28.33
14041,-57,-8,-27.77
14042,-57,3,-27.21
14043,-57,0,-26.65
14045,-57,3,-31.07
14046,-57,3,-30.49
14047,-57,-2,-29.91
14048,-57,2,-29.33
14050,-57,0,-31.74
14051,-57,-1,-31.15
14052,-57,-10,-30.56
14053,-57,2,-29.97
14055,-58,1,-27.41
14056,-58,3,-26.85
14057,-58,4,-26.29
14058,-59,4,-25.73
14060,-59,2,-28.15
14061,-59,3,-27.57
14062,-60,-3,-26.99
14063,-60,2,-26.41
14065,-60,0,-22.91
14066,-61,0,-22.41
14067,-61,-1,-21.91
14068,-62,41,-21.41
14070,-63,14,-20.91
14071,-64,18,-20.41
14072,-65,-3,-16.94
14073,-66,-5,-16.47
14075,-68,3,-16.02
14076,-69,-8,-15.57
14077,-71,-34,-15.12
14078,-73,-27,-10.71
14080,-74,-18,-10.32
14081,-74,-3,-9.93
14082,-75,32,-9.54
14083,-76,22,-9.15
14085,-76,22,-2.85
14086,-76,15,-2.55
14087,-76,6,-2.25
14088,-76,6,-1.95
14090,-76,3,3.27
14091,-76,-7,3.49
14092,-76,0,3.68
14093,-76,-39,3.87
14095,-76,-26,11.98
14096,-76,-19,12.09
14097,-76,18,12.2
14098,-76,15,12.3
14100,-76,20,20.32
14101,-76,12,20.34
14102,-75,8,20.36
14103,-75,7,20.38
14105,-75,1,28.28
14106,-74,-5,28.18
14107,-74,-4,28.08
14108,-74,-35,27.98
14110,-74,-25,38.75
14111,-74,-8,38.52
14112,-74,23,38.29
14113,-74,21,38.06
14115,-74,14,45.72
14116,-74,10,45.38
14117,-75,13,45.04
14118,-74,6,44.7
14120,-74,3,57.23
14121,-74,-1,56.76
14122,-74,4,56.29
14123,-74,-30,55.82
14125,-74,-28,63.23
14126,-73,-17,62.64
14127,-73,16,62.05
14128,-72,-7,61.46
14130,-71,17,69.75
14131,-70,11,69.04
14132,-68,12,68.33
14133,-66,-19,67.62
14135,-64,-14,76.81
14136,-62,-18,76
14137,-59,-14,75.19
14138,-57,-7,74.38
14140,-54,1,85.4
14141,-50,1,84.42
14142,-47,8,83.44
14143,-44,3,82.46
14145,-40,-5,91.38
14146,-36,6,90.3
14147,-32,6,89.22
14148,-28,2,88.14
14150,-25,1,99.91
14151,-21,4,98.68
14152,-17,4,97.45
14153,-13,-3,96.22
14155,-10,-1,102.86
14156,-6,-5,101.5
14157,-3,-5,100.14
14158,0,3,98.78
14160,2,5,107.29
14161,5,-5,105.8
14162,8,7,104.31
14163,10,-1,102.82
14165,12,8,110.25
14166,14,1,108.68
14167,16,-2,107.11
14168,18,-4,105.54
14170,20,4,111.84
14171,21,4,110.14
14172,22,-8,108.44
14173,24,4,106.74
14175,25,4,114.91
14176,26,-5,113.08
14177,28,3,111.25
14178,29,-1,109.42
14180,30,-9,115.53
14181,32,8,113.64
14182,33,4,111.75
14183,35,4,109.86
14185,36,4,116.85
14186,37,3,114.84
14187,38,1,112.83
14188,39,1,110.82
14190,40,0,115.77
14191,40,-6,113.72
14192,41,3,111.67
14193,41,-12,109.62
14195,41,2,116.48
14196,41,2,114.34
14197,41,3,112.23
14198,40,3,110.12
14200,40,3,115.93
14201,40,3,113.74
14202,40,32,111.55
14203,39,28,109.4
14205,39,12,115.17
14206,39,9,112.94
14207,39,0,112.69
14208,38,-3,110.44
14210,38,-10,108.25
14211,37,-6,106.06
14212,37,-31,103.87
14213,36,-32,110.59
14215,35,-15,108.36
14216,34,-11,106.13
14217,33,35,103.9
14218,32,26,105.63
14220,31,20,103.44
14221,30,15,101.25
14222,30,8,99.06
14223,29,5,96.87
14225,28,-10,97.73
14226,28,-7,95.59
14227,28,-5,93.45
14228,27,-27,91.31
14230,27,-21,94.2
14231,26,-12,92.09
14232,25,21,89.98
14233,24,19,87.87
14235,23,10,88.84
14236,22,7,86.81
14237,21,4,84.78
14238,19,3,82.75
14240,18,-3,83.77
14241,16,-5,81.79
14242,15,-4,79.81
14243,13,-27,80.8
14245,12,-20,78.92
14246,10,-10,77.04
14247,9,8,75.16
14248,7,21,76.25
14250,5,22,74.42
14251,4,11,72.59
14252,2,-8,70.76
14253,1,-13,67.94
14255,0,-19,66.21
14256,-2,-6,64.48
14257,-3,-3,62.75
14258,-5,-1,62.01
14260,-7,0,60.37
14261,-8,6,58.73
14262,-9,6,57.09
14263,-11,0,55.45
14265,-12,3,53.93
14266,-13,1,52.41
14267,-13,0,50.89
14268,-14,-2,50.36
14270,-15,3,48.93
14271,-16,1,47.5
14272,-17,1,46.07
14273,-18,-16,39.69
14275,-19,0,38.44
14276,-20,6,37.19
14277,-22,4,35.94
14278,-23,-1,32.71
14280,-24,3,31.56
14281,-26,5,30.41
14282,-27,1,29.26
14283,-29,-3,24.15
14285,-31,-3,23.14
14286,-32,4,22.13
14287,-34,-3,21.12
14288,-36,2,15.16
14290,-38,-1,14.29
14291,-40,2,13.42
14292,-42,3,12.55
14293,-45,-13,4.75
14295,-47,-7,4.03
14296,-50,6,3.31
14297,-52,2,2.59
14298,-55,4,-0.11
14300,-57,4,-0.71
14301,-60,5,-1.31
14302,-62,-1,-1.91
14303,-65,-2,-8.45
14305,-67,1,-8.91
14306,-69,4,-9.37
14307,-72,2,-9.83
14308,-74,3,-16.23
14310,-76,1,-16.54
14311,-77,-3,-16.85
14312,-78,-4,-17.16
14313,-79,0,-22.42
14315,-79,4,-22.61
14316,-78,3,-22.8
14317,-77,-1,-22.99
14318,-76,-5,-29.12
14320,-74,-3,-29.16
14321,-72,2,-29.2
14322,-69,3,-29.24
14323,-66,27,-37.2
14325,-62,15,-37.08
14326,-58,7,-36.96
14327,-54,11,-38.82
14328,-50,-1,-38.68
14330,-46,-3,-38.46
14331,-41,-26,-38.24
14332,-37,-20,-43.94
14333,-33,-20,-43.64
14335,-29,-2,-43.34
14336,-26,15,-43.04
14337,-22,24,-42.74
14338,-19,20,-47.3
14340,-15,18,-46.86
14341,-12,8,-46.42
14342,-9,2,-45.98
14343,-7,-1,-50.45
14345,-4,-6,-49.92
14346,-1,-2,-49.39
14347,0,0,-48.86
14348,2,-32,-54.27
14350,4,-15,-53.65
14351,6,-4,-53.03
14352,7,-1,-52.41
14353,9,21,-54.76
14355,11,8,-54.06
14356,12,12,-53.36
14357,14,10,-52.66
14358,16,5,-54.93
14360,17,2,-54.17
14361,19,-6,-53.41
14362,20,-6,-52.65
14363,22,-24,-56.84
14365,23,-23,-56
14366,25,-10,-55.16
14367,26,5,-54.32
14368,28,28,-59.39
14370,29,19,-58.46
14371,30,12,-57.53
14372,31,11,-56.6
14373,32,2,-56.63
14375,33,-3,-55.66
14376,34,4,-54.69
14377,34,-23,-53.72
14378,35,-20,-56.72
14380,36,-31,-55.72
14381,37,-7,-54.72
14382,37,-15,-53.72
14383,38,-10,-56.67
14385,39,10,-55.62
14386,39,11,-54.57
14387,40,6,-53.52
14388,41,10,-54.45
14390,41,-1,-53.38
14391,42,8,-52.31
14392,42,3,-51.24
14393,43,-2,-53.13
14395,43,3,-52.02
14396,43,2,-50.91
14397,43,-1,-49.8
14398,43,-1,-54.68
14400,42,-6,-53.56
14401,41,3,-52.44
14402,39,5,-51.32
14403,37,7,-52.2
14405,35,-7,-51.08
14406,32,3,-49.96
14407,30,1,-48.84
14408,27,2,-51.72
14410,24,-1,-50.6
14411,22,1,-49.48
14412,19,0,-48.36
14413,16,-1,-49.27
14415,13,-1,-48.18
14416,11,-1,-47.09
14417,9,0,-46
14418,7,3,-45.97
14420,5,8,-44.94
14421,3,2,-43.91
14422,2,-3,-42.88
14423,1,-7,-47.81
14425,0,4,-46.74
14426,0,2,-45.67
14427,-1,-1,-44.6
14428,-1,0,-47.55
14430,-2,-1,-46.5
14431,-2,4,-45.45
14432,-2,-1,-44.4
14433,-3,-1,-44.4
14435,-3,1,-43.4
14436,-4,6,-42.4
14437,-4,-7,-41.4
14438,-4,2,-41.44
14440,-5,3,-40.48
14441,-5,3,-39.52
14442,-5,1,-38.56
14443,-6,0,-42.61
14445,-7,1,-41.66
14446,-9,40,-40.71
14447,-10,26,-39.76
14448,-12,17,-41.86
14450,-13,7,-40.96
14451,-15,4,-40.06
14452,-16,-3,-39.18
14453,-15,-36,-41.27
14455,-13,-27,-40.36
14456,-10,-16,-39.45
14457,-5,-17,-38.6
14458,1,21,-42.7
14460,11,10,-41.8
14461,22,11,-40.9
14462,37,18,-38.02
14463,57,2,-37.19
14465,80,1,-36.36
14466,105,-4,-35.53
14467,135,-32,-39.65
14468,168,-24,-38.82
14470,204,-15,-37.99
14471,242,-13,-37.16
14472,283,23,-41.28
14473,326,22,-40.46
14475,370,21,-39.64
14476,414,13,-38.82
14477,458,11,-38
14478,499,7,-40.18
14480,536,2,-39.36
14481,571,-3,-38.54
14482,602,1,-37.72
14483,628,-29,-38.91
14485,650,-15,-38.1
14486,667,-16,-37.29
14487,680,14,-36.48
14488,687,13,-35.72
14490,689,14,-34.96
14491,685,14,-34.2
14492,677,14,-33.44
14493,663,7,-36.7
14495,642,-3,-35.96
14496,617,-1,-35.22
14497,589,-1,-34.48
14498,556,-34,-35.73
14500,519,-18,-34.98
14501,480,-18,-34.23
14502,439,22,-33.48
14503,397,-16,-36.73
14505,354,17,-35.98
14506,312,14,-35.23
14507,270,11,-34.48
14508,229,-11,-31.79
14510,188,-23,-31.1
14511,149,-10,-30.41
14512,111,-6,-29.72
14513,75,-3,-33.01
14515,41,1,-32.3
14516,9,-5,-31.59
14517,-21,0,-30.88
14518,-49,5,-32.18
14520,-74,6,-31.48
14521,-98,3,-30.78
14522,-119,1,-30.08
14523,-138,4,-31.42
14525,-154,1,-30.76
14526,-169,8,-30.1
14527,-182,1,-29.44
14528,-193,-4,-30.78
14530,-202,-7,-30.12
14531,-210,-12,-29.46
14532,-216,7,-28.8
14533,-222,5,-31.15
14535,-226,3,-30.5
14536,-229,5,-29.85
14537,-231,6,-29.2
14538,-233,5,-32.53
14540,-233,3,-31.86
14541,-233,3,-31.19
14542,-232,-6,-30.52
14543,-231,0,-30.85
14545,-228,2,-30.18
14546,-226,4,-29.51
14547,-223,2,-28.84
14548,-220,1,-32.19
14550,-216,-4,-31.54
14551,-213,-4,-30.89
14552,-209,8,-30.24
14553,-206,1,-32.6
14555,-202,0,-31.96
14556,-198,0,-31.32
14557,-194,0,-30.68
14558,-191,-3,-33.02
14560,-187,1,-32.36
14561,-184,1,-31.7
14562,-181,1,-31.04
14563,-178,-3,-35.34
14565,-175,4,-34.64
14566,-172,7,-33.94
14567,-170,1,-33.24
14568,-168,1,-32.59
14570,-166,5,-31.94
14571,-164,0,-31.29
14572,-162,0,-30.64
14573,-160,-2,-33.98
14575,-159,-3,-33.32
14576,-157,0,-32.66
14577,-155,34,-32
14578,-154,27,-34.34
14580,-152,9,-33.68
14581,-150,5,-33.02
14582,-148,-2,-34.34
14583,-146,-1,-33.71
14585,-144,-2,-33.08
14586,-143,-9,-32.45
14587,-141,-35,-35.76
14588,-139,-23,-35.07
14590,-138,-20,-34.38
14591,-137,-9,-33.69
14592,-135,0,-33.05
14593,-134,34,-33.4
14595,-133,26,-32.75
14596,-132,-4,-32.1
14597,-131,28,-31.5
14598,-130,13,-34.86
14600,-129,8,-34.22
14601,-128,0,-33.58
14602,-128,-1,-32.94
14603,-127,-27,-35.3
14605,-126,-16,-34.66
14606,-125,-15,-34.02
14607,-124,22,-33.38
14608,-124,14,-32.76
14610,-123,13,-32.14
14611,-122,6,-31.52
14612,-122,12,-30.9
14613,-121,3,-33.25
14615,-120,-10,-32.6
14616,-120,-7,-31.95
14617,-119,-10,-31.3
14618,-119,-35,-32.67
14620,-118,-23,-32.04
14621,-118,-15,-31.41
14622,-117,-13,-30.78
14623,-117,39,-32.15
14625,-116,24,-31.52
14626,-115,22,-30.89
14627,-115,13,-30.26
14628,-114,-19,-30.66
14630,-114,-15,-30.06
14631,-113,-22,-29.46
14632,-113,-14,-28.86
14633,-112,-9,-32.2
14635,-112,-4,-31.54
14636,-112,-6,-30.88
14637,-112,0,-30.22
14638,-112,9,-32.57
14640,-112,6,-31.92
14641,-112,4,-31.27
14642,-112,7,-30.62
14643,-112,-1,-30.98
14645,-111,0,-30.34
14646,-111,2,-29.7
14647,-110,1,-29.06
14648,-109,0,-31.41
14650,-109,-1,-30.76
14651,-108,-2,-30.11
14652,-108,3,-29.46
14653,-107,-2,-28.83
14655,-107,2,-28.2
14656,-107,-13,-27.57
14657,-106,5,-26.94
14658,-106,3,-30.3
14660,-106,0,-29.66
14661,-106,2,-29.02
14662,-107,3,-28.38
14663,-107,3,-32.73
14665,-107,2,-32.08
14666,-107,3,-31.43
14667,-107,3,-30.78
14668,-108,0,-31.13
14670,-108,2,-30.48
14671,-108,-2,-29.83
14672,-108,2,-29.18
14673,-108,-12,-28.57
14675,-109,2,-27.96
14676,-109,3,-27.35
14677,-109,7,-26.74
14678,-109,-2,-26.16
14680,-109,5,-25.58
14681,-109,7,-25
14682,-109,-1,-24.42
14683,-109,1,-21.89
14685,-108,-4,-21.36
14686,-108,-1,-20.83
14687,-108,2,-20.3
14688,-107,4,-21.8
14690,-107,0,-21.3
14691,-106,3,-20.8
14692,-106,-8,-20.3
14693,-106,-4,-17.82
14695,-106,1,-17.34
14696,-106,2,-16.86
14697,-106,1,-16.38
14698,-106,2,-12.97
14700,-106,-4,-12.56
14701,-106,4,-12.15
14702,-106,0,-11.74
14703,-106,-1,-6.41
14705,-106,3,-6.08
14706,-106,-2,-5.75
14707,-106,4,-5.44
14708,-106,3,2.79
14710,-106,0,3.02
14711,-106,0,3.25
14712,-107,36,3.44
14713,-107,24,9.57
14715,-107,6,9.7
14716,-108,7,18.74
14717,-108,2,18.78
14718,-109,-5,18.81
14720,-109,-9,18.84
14721,-109,-6,25.8
14722,-110,-33,25.76
14723,-110,-15,25.68
14725,-110,-15,25.6
14726,-111,-4,25.52
14727,-111,25,37.32
14728,-111,23,37.09
14730,-111,20,36.86
14731,-111,17,36.63
14732,-111,5,36.4
14733,-111,-2,42.11
14735,-111,-7,41.82
14736,-111,1,41.53
14737,-111,-11,52.13
14738,-110,-31,51.7
14740,-110,-23,51.27
14741,-109,-15,50.84
14742,-109,20,60.31
14743,-108,16,59.76
14745,-107,15,59.21
14746,-106,16,58.66
14747,-105,4,69
14748,-104,10,68.32
14750,-103,1,67.64
14751,-101,-14,66.96
14752,-100,-28,75.19
14753,-98,-16,74.41
14755,-97,-10,73.63
14756,-95,-13,72.85
14757,-93,-3,83.95
14758,-90,5,83.01
14760,-87,10,82.07
14761,-84,6,81.13
14762,-81,4,90.09
14763,-78,0,89.02
14765,-74,9,87.95
14766,-71,0,86.88
14767,-67,2,96.7
14768,-63,-4,95.51
14770,-60,-9,94.32
14771,-56,0,93.13
14772,-53,-6,99.86
14773,-49,-2,98.56
14775,-46,0,97.26
14776,-43,7,95.96
14777,-40,6,104.56
14778,-37,7,103.16
14780,-34,2,101.76
14781,-31,4,100.36
14782,-28,1,105.89
14783,-25,-2,104.38
14785,-22,-15,102.87
14786,-19,2,101.36
14787,-16,4,111.73
14788,-14,5,110.05
14790,-11,10,108.37
14791,-9,6,106.69
14792,-7,1,115.9
14793,-5,3,114.1
14795,-4,-1,112.3
14796,-2,-7,110.5
14797,0,0,115.63
14798,0,-2,113.76
14800,2,-1,111.89
14801,3,-2,110.02
14802,4,1,116.07
14803,5,4,114.12
14805,6,3,112.17
14806,7,-6,110.22
14807,7,2,115.2
14808,7,0,113.2
14810,8,-1,111.2
14811,8,-3,109.2
14812,8,2,118.09
14813,8,0,115.96
14815,8,4,113.83
14816,8,1,111.7
14817,8,47,114.52
14818,9,25,112.36
14820,9,20,110.2
14821,9,4,116.95
14822,9,-1,114.7
14823,9,-15,112.48
14825,9,-12,110.26
14826,9,-8,112.99
14827,9,-29,110.72
14828,9,-23,108.5
14830,9,-17,106.28
14831,8,-5,104.06
14832,8,38,106.79
14833,8,14,104.6
14835,8,15,102.41
14836,7,9,100.22
14837,7,12,102.98
14838,6,2,100.8
14840,6,-33,98.62
14841,5,-25,96.53
14842,5,-12,98.4
14843,4,-11,96.27
14845,4,-3,94.14
14846,3,-5,92.08
14847,2,33,94.97
14848,2,26,92.86
14850,1,26,90.75
14851,1,18,88.64
14852,0,7,89.62
14853,0,2,87.6
14855,-1,-1,85.58
14856,-3,-1,83.56
14857,-4,-4,83.52
14858,-5,-44,81.54
14860,-7,-25,79.56
14861,-8,-17,77.58
14862,-10,18,75.71
14863,-11,16,73.84
14865,-12,17,71.97
14866,-14,15,70.1
14867,-15,14,73.28
14868,-16,5,71.46
14870,-17,0,69.64
14871,-19,-10,67.82
14872,-20,-3,65.12
14873,-21,-35,63.42
14875,-23,-19,61.72
14876,-24,-13,60.02
14877,-25,-8,58.41
14878,-26,-4,56.8
14880,-28,5,55.19
14881,-29,4,53.58
14882,-30,-1,51.1
14883,-30,3,49.62
14885,-31,3,48.14
14886,-32,5,46.66
14887,-32,7,42.31
14888,-33,-9,40.96
14890,-34,3,39.61
14891,-35,1,38.26
14892,-36,-1,34.05
14893,-37,2,32.84
14895,-38,-2,31.63
14896,-39,6,30.42
14897,-40,3,28.3
14898,-41,-2,27.18
14900,-43,0,26.06
14901,-44,-1,24.94
14902,-46,7,18.97
14903,-48,4,18
14905,-50,-3,17.03
14906,-52,1,16.06
14907,-54,-3,13.18
14908,-56,-2,12.3
14910,-58,-1,11.42
14911,-61,1,10.54
14912,-63,3,3.84
14913,-66,3,3.14
14915,-68,1,2.44
14916,-71,-4,1.74
14917,-74,1,-3.8
14918,-76,7,-4.34
14920,-78,7,-4.88
14921,-80,-1,-5.42
14922,-82,-1,-5.89
14923,-84,0,-6.36
14925,-86,-3,-6.83
14926,-87,-1,-7.3
14927,-88,4,-16.6
14928,-89,-4,-16.9
14930,-90,0,-17.2
14931,-91,3,-17.5
14932,-91,1,-21.69
14933,-91,1,-21.88
14935,-91,-1,-22.07
14936,-90,-1,-22.26
14937,-89,34,-29.27
14938,-87,33,-29.28
14940,-85,11,-29.29
14941,-82,1,-35.24
14942,-79,-4,-35.14
14943,-75,-5,-35.04
14945,-72,-4,-34.94
14946,-68,-5,-37.72
14947,-64,-49,-37.5
14948,-59,-19,-37.28
14950,-55,-17,-37.06
14951,-51,-4,-36.79
14952,-46,24,-42.46
14953,-42,23,-42.13
14955,-38,23,-41.8
14956,-34,16,-41.47
14957,-30,16,-45.05
14958,-26,3,-44.63
14960,-23,-5,-44.21
14961,-20,-7,-43.79
14962,-16,0,-48.27
14963,-13,-29,-47.75
14965,-10,-23,-47.23
14966,-8,-13,-46.71
14967,-5,19,-52.09
14968,-2,26,-51.47
14970,0,18,-50.85
14971,1,11,-50.23
14972,3,7,-54.51
14973,5,2,-53.79
14975,7,-1,-53.07
14976,8,-7,-52.35
14977,10,-8,-56.55
14978,12,-29,-55.75
14980,13,-21,-54.95
14981,14,-24,-54.15
14982,16,33,-59.27
14983,17,24,-58.39
14985,18,19,-57.51
14986,20,12,-56.63
14987,21,7,-58.72
14988,22,4,-57.81
14990,23,0,-56.9
14991,24,-10,-55.99
14992,24,-10,-56.02
14993,25,-27,-55.05
14995,25,-27,-54.08
14996,26,-24,-53.11
14997,27,28,-59.08
14998,27,26,-58.05
15000,28,31,-57.02
15001,28,10,-55.99
15002,29,10,-55.95
15003,29,-27,-54.91
15005,29,-21,-53.87
15006,29,-20,-52.83
15007,29,-16,-56.75
15008,28,-8,-55.67
15010,28,-5,-54.59
15011,28,6,-53.51
15012,27,3,-52.46
15013,27,5,-51.41
15015,26,-9,-50.36
15016,26,-2,-49.31
15017,25,0,-54.23
15018,24,5,-53.15
15020,23,9,-52.07
15021,22,-8,-50.99
15022,20,3,-55.86
15023,19,6,-54.73
15025,17,-7,-53.6
15026,15,3,-52.47
15027,13,4,-52.38
15028,11,5,-51.29
15030,9,5,-50.2
15031,8,0,-49.11
15032,6,2,-52
15033,4,1,-50.89
15035,2,0,-49.78
15036,0,1,-48.67
15037,0,4,-49.6
15038,-2,-1,-48.53
15040,-4,2,-47.46
15041,-5,1,-46.39
15042,-6,-9,-45.37
15043,-8,6,-44.35
15045,-9,-1,-43.33
15046,-9,3,-42.31
15047,-10,0,-45.25
15048,-11,2,-44.19
15050,-12,-1,-43.13
15051,-12,2,-42.07
15052,-13,-1,-45.06
15053,-14,3,-44.05
15055,-14,-3,-43.04
15056,-15,0,-42.03
15057,-15,1,-42.05
15058,-16,2,-41.07
15060,-16,3,-40.09
15061,-16,2,-39.11
15062,-17,-1,-44.14
15063,-17,1,-43.17
15065,-19,0,-42.2
15066,-20,2,-41.29
15067,-21,0,-41.37
15068,-23,-4,-40.45
15070,-24,0,-39.53
15071,-26,3,-38.64
15072,-25,29,-43.69
15073,-23,17,-42.74
15075,-20,11,-41.79
15076,-14,6,-39.85
15077,-6,6,-38.97
15078,3,1,-38.09
15080,14,-3,-37.21
15081,30,-14,-39.3
15082,50,-28,-38.43
15083,72,-20,-37.56
15085,97,-16,-36.69
15086,127,-7,-40.77
15087,160,35,-39.9
15088,196,23,-39.03
15090,234,14,-38.16
15091,273,10,-37.29
15092,314,4,-40.44
15093,356,10,-39.59
15095,399,0,-38.74
15096,442,-7,-37.89
15097,482,-6,-38.08
15098,518,-34,-37.27
15100,552,-14,-36.46
15101,583,-17,-35.65
15102,608,23,-41.82
15103,629,19,-40.99
15105,647,20,-40.16
15106,660,7,-39.33
15107,666,3,-39.55
15108,667,2,-38.77
15110,662,-1,-37.99
15111,654,-7,-37.21
15112,638,-2,-38.44
15113,616,-33,-37.67
15115,590,-19,-36.9
15116,561,-9,-36.13
15117,526,27,-36.36
15118,488,13,-35.59
15120,448,13,-34.82
15121,406,9,-34.05
15122,363,10,-39.29
15123,320,2,-38.53
15125,277,-1,-37.77
15126,235,0,-37.01
15127,194,-2,-36.26
15128,153,-26,-35.51
15130,115,-30,-34.76
15131,77,-15,-34.01
15132,41,-8,-38.26
15133,7,-5,-37.51
15135,-24,0,-36.76
15136,-54,7,-36.01
15137,-82,8,-38.23
15138,-108,4,-37.45
15140,-131,4,-36.67
15141,-153,3,-35.89
15142,-172,4,-38.14
15143,-190,3,-37.39
15145,-205,2,-36.64
15146,-218,1,-35.89
15147,-230,37,-38.17
15148,-240,31,-37.45
15150,-248,17,-36.73
15151,-255,11,-36.01
15152,-260,7,-38.27
15153,-264,-3,-37.53
15155,-268,-8,-36.79
15156,-270,-12,-36.05
15157,-271,-10,-37.33
15158,-271,-30,-36.61
15160,-271,-24,-35.89
15161,-271,-17,-35.17
15162,-269,-10,-36.45
15163,-268,-3,-35.73
15165,-265,1,-35.01
15166,-263,5,-34.29
15167,-260,5,-37.53
15168,-256,0,-36.77
15170,-253,4,-36.01
15171,-250,3,-35.25
15172,-246,-10,-39.48
15173,-243,-5,-38.71
15175,-239,-1,-37.94
15176,-236,-6,-37.17
15177,-232,7,-35.45
15178,-229,-1,-34.73
15180,-226,8,-34.01
15181,-223,5,-33.29
15182,-220,3,-40.5
15183,-217,1,-39.71
15185,-214,1,-38.92
15186,-211,0,-38.13
15187,-209,1,-38.39
15188,-206,2,-37.65
15190,-203,2,-36.91
15191,-200,-4,-36.17
15192,-197,-2,-41.38
15193,-195,-2,-40.59
15195,-193,2,-39.8
15196,-191,2,-39.01
15197,-189,2,-39.27
15198,-187,-1,-38.53
15200,-185,2,-37.79
15201,-183,3,-37.04
15202,-181,0,-38.27
15203,-179,-2,-37.5
15205,-177,1,-36.73
15206,-176,0,-35.99
15207,-174,-1,-41.19
15208,-172,3,-40.39
15210,-171,0,-39.59
15211,-169,29,-38.84
15212,-168,24,-45.02
15213,-166,15,-44.2
15215,-165,21,-43.38
15216,-164,8,-42.56
15217,-163,1,-42.77
15218,-162,-37,-41.98
15220,-162,-26,-41.19
15221,-161,-22,-40.4
15222,-161,-24,-44.57
15223,-161,22,-43.74
15225,-161,10,-42.91
15226,-161,11,-46.04
15227,-161,7,-45.24
15228,-161,4,-44.44
15230,-161,9,-46.61
15231,-161,0,-45.78
15232,-162,-28,-44.96
15233,-162,-19,-44.14
15235,-162,-7,-43.32
15236,-162,-8,-45.47
15237,-163,33,-44.64
15238,-163,21,-43.81
15240,-163,17,-42.98
15241,-163,13,-45.12
15242,-162,10,-44.27
15243,-162,1,-43.42
15245,-162,-5,-42.57
15246,-162,-9,-47.66
15247,-161,-6,-46.81
15248,-161,-28,-45.96
15250,-161,-21,-45.11
15251,-161,-8,-46.24
15252,-160,7,-45.37
15253,-159,-13,-44.5
15255,-159,15,-43.63
15256,-158,25,-47.71
15257,-157,2,-46.84
15258,-157,-12,-45.97
15260,-156,-14,-45.1
15261,-155,-18,-47.2
15262,-155,-2,-46.33
15263,-154,-3,-45.46
15265,-154,-3,-44.59
15266,-153,7,-46.69
15267,-153,12,-45.82
15268,-152,5,-44.95
15270,-152,-1,-44.08
15271,-152,1,-48.16
15272,-152,0,-47.27
15273,-153,1,-46.38
15275,-153,-15,-45.49
15276,-154,4,-49.55
15277,-154,3,-48.64
15278,-155,2,-47.73
15280,-155,0,-46.82
15281,-155,6,-47.89
15282,-156,0,-46.98
15283,-156,-2,-46.07
15285,-156,0,-45.16
15286,-157,3,-44.25
15287,-157,3,-43.36
15288,-157,5,-42.47
15290,-158,0,-41.58
15291,-158,0,-42.67
15292,-158,0,-41.8
15293,-158,1,-40.93
15295,-159,-4,-40.06
15296,-159,1,-44.14
15297,-159,4,-43.27
15298,-160,1,-42.4
15300,-160,-3,-41.53
15301,-161,2,-40.66
15302,-161,4,-39.78
15303,-162,-1,-38.9
15305,-162,-6,-38.02
15306,-163,7,-33.18
15307,-163,2,-32.42
15308,-163,-11,-31.66
15310,-163,2,-30.9
15311,-163,1,-32.12
15312,-163,1,-31.35
15313,-163,2,-30.58
15315,-163,-10,-29.81
15316,-164,6,-24.09
15317,-164,5,-23.43
15318,-164,-1,-22.77
15320,-164,-2,-22.11
15321,-165,2,-13.53
15322,-165,0,-12.96
15323,-165,-3,-12.39
15325,-165,2,-11.82
15326,-165,4,-10.26
15327,-165,4,-9.72
15328,-165,27,-9.18
15330,-165,21,-8.64
15331,-165,12,-1.17
15332,-165,2,-0.76
15333,-165,0,-0.35
15335,-165,5,6
15336,-165,-10,6.35
15337,-165,-22,6.63
15338,-164,-18,6.91
15340,-164,-18,7.19
15341,-165,-5,16.38
15342,-165,27,16.56
15343,-165,25,16.74
15345,-165,27,16.92
15346,-166,19,24.03
15347,-166,15,24.09
15348,-166,-3,24.15
15350,-167,-35,24.21
15351,-167,-29,35.12
15352,-167,-21,35.03
15353,-167,-17,34.94
15355,-167,-15,34.82
15356,-167,4,41.63
15357,-167,24,41.44
15358,-166,29,41.25
15360,-166,18,41.06
15361,-165,15,49.75
15362,-164,11,49.44
15363,-163,1,49.13
15365,-162,-10,48.82
15366,-161,1,57.39
15367,-160,2,56.96
15368,-159,-27,56.53
15370,-158,-28,56.1
15371,-156,-11,66.5
15372,-155,4,65.9
15373,-153,27,65.3
15375,-151,11,64.7
15376,-149,5,72
15377,-146,-9,71.3
15378,-144,-21,70.6
15380,-141,-18,69.9
15381,-139,-14,81.03
15382,-135,-9,80.16
15383,-132,2,79.29
15385,-129,0,78.42
15386,-125,0,83.46
15387,-122,10,82.5
15388,-118,-2,81.54
15390,-114,10,80.58
15391,-110,4,86.52
15392,-107,1,85.46
15393,-103,2,84.4
15395,-100,1,83.34
15396,-96,3,93.12
15397,-93,1,91.9
15398,-89,3,90.68
15400,-86,-1,89.46
15401,-83,3,95.12
15402,-79,8,93.78
15403,-75,-1,92.44
15405,-72,-1,91.1
15406,-69,-3,96.67
15407,-65,5,95.24
15408,-62,1,93.81
15410,-59,1,92.38
15411,-57,1,100.85
15412,-55,1,99.32
15413,-53,2,97.79
15415,-51,-2,96.26
15416,-50,-2,101.64
15417,-49,-1,100.02
15418,-48,1,98.4
15420,-48,-2,96.78
15421,-48,-1,102.04
15422,-47,-1,100.3
15423,-47,7,98.56
15425,-47,-1,96.82
15426,-46,-1,102.01
15427,-46,-10,100.2
15428,-46,1,98.39
15430,-45,1,96.58
15431,-45,-1,100.75
15432,-45,3,98.92
15433,-45,-10,97.09
15435,-45,5,95.26
15436,-46,2,98.36
15437,-46,5,96.46
15438,-46,1,94.56
15440,-46,-2,92.66
15441,-46,2,96.75
15442,-46,5,94.84
15443,-46,-4,92.93
15445,-46,0,91.02
15446,-46,4,94.14
15447,-46,1,92.26
15448,-46,4,90.38
15450,-47,-4,88.5
15451,-48,33,89.6
15452,-49,20,87.7
15453,-50,23,85.8
15455,-51,10,83.9
15456,-52,9,89.99
15457,-53,3,88.08
15458,-55,-36,86.17
15460,-56,-26,84.32
15461,-57,-16,82.47
15462,-57,-15,80.62
15463,-58,17,78.77
15465,-59,16,76.92
15466,-59,10,80.11
15467,-60,7,78.3
15468,-60,3,76.49
15470,-61,1,76.66
15471,-62,-7,74.9
15472,-63,-31,73.14
15473,-64,-22,71.38
15475,-64,-13,73.58
15476,-65,0,71.89
15477,-66,32,70.2
15478,-67,7,68.51
15480,-68,11,66.82
15481,-68,-9,62.23
15482,-69,19,60.64
15483,-70,9,59.05
15485,-71,9,57.46
15486,-71,7,58.93
15487,-73,10,57.4
15488,-74,-25,55.87
15490,-75,-17,54.34
15491,-76,-22,50.92
15492,-77,15,49.5
15493,-79,21,48.08
15495,-80,10,46.66
15496,-81,10,48.32
15497,-82,10,46.98
15498,-84,2,45.64
15500,-85,-6,44.3
15501,-87,-5,42.05
15502,-88,-2,40.8
15503,-90,-26,39.55
15505,-92,-16,38.3
15506,-93,-19,32.22
15507,-95,-9,31.14
15508,-97,-4,30.06
15510,-99,1,28.98
15511,-101,-2,24
15512,-103,10,23.02
15513,-105,4,22.04
15515,-107,6,21.06
15516,-109,5,16.19
15517,-111,-4,15.32
15518,-113,0,14.45
15520,-115,8,13.58
15521,-118,3,11.83
15522,-120,3,11.08
15523,-122,2,10.33
15525,-124,-11,9.58
15526,-126,3,2.96
15527,-129,1,2.34
15528,-131,0,1.72
15530,-133,-5,1.1
15531,-135,1,-4.4
15532,-137,-2,-4.9
15533,-139,-7,-5.4
15535,-141,6,-5.9
15536,-143,2,-10.26
15537,-144,5,-10.62
15538,-145,5,-10.98
15540,-145,5,-11.34
15541,-145,5,-18.56
15542,-145,4,-18.78
15543,-144,0,-19
15545,-143,0,-19.22
15546,-142,-5,-23.33
15547,-141,-1,-23.44
15548,-139,-4,-23.55
15550,-137,2,-23.66
15551,-134,-3,-29.64
15552,-132,3,-29.62
15553,-129,1,-29.6
15555,-126,0,-29.58
15556,-123,1,-37.42
15557,-120,2,-37.26
15558,-116,-1,-37.1
15560,-113,3,-36.94
15561,-109,1,-40.69
15562,-105,0,-40.44
15563,-101,2,-40.19
15565,-98,1,-39.94
15566,-94,-1,-47.55
15567,-90,32,-47.16
15568,-87,33,-46.77
15570,-84,12,-50.34
15571,-81,-5,-49.86
15572,-78,-3,-49.38
15573,-75,-1,-55.83
15575,-73,-4,-55.28
15576,-70,-1,-54.7
15577,-68,-30,-54.12
15578,-65,-25,-53.54
15580,-63,-16,-57.91
15581,-61,-5,-57.2
15582,-58,24,-56.49
15583,-56,28,-55.78
15585,-54,17,-55.07
15586,-52,23,-61.29
15587,-49,-1,-60.51
15588,-47,-2,-59.73
15590,-45,5,-58.95
15591,-44,-39,-65.05
15592,-42,-17,-64.15
15593,-41,-12,-63.25
15595,-40,-9,-62.33
15596,-38,-11,-67.35
15597,-37,18,-66.37
15598,-36,22,-65.39
15600,-35,18,-64.37
15601,-34,12,-65.33
15602,-34,8,-64.29
15603,-33,1,-63.25
15605,-32,-1,-62.21
15606,-32,-1,-66.15
15607,-31,-2,-65.09
15608,-30,-34,-64.03
15610,-30,-15,-62.97
15611,-29,-13,-70.79
15612,-29,18,-69.61
15613,-28,17,-68.43
15615,-28,15,-67.25
15616,-27,11,-68.07
15617,-27,9,-66.89
15618,-26,8,-65.71
15620,-26,-3,-64.53
15621,-26,-1,-71.24
15622,-25,-1,-69.95
15623,-26,-26,-68.66
15625,-26,-23,-67.37
15626,-26,-16,-72.03
15627,-27,19,-70.69
15628,-28,20,-69.35
15630,-29,9,-68.01
15631,-30,8,-67.71
15632,-32,14,-66.41
15633,-34,-11,-65.11
15635,-36,-27,-63.81
15636,-38,-17,-66.51
15637,-40,-20,-65.21
15638,-42,-9,-63.91
15640,-44,-9,-62.61
15641,-46,5,-65.31
15642,-48,5,-64.01
15643,-50,3,-62.71
15645,-51,7,-61.41
15646,-52,8,-65.07
15647,-54,-1,-63.73
15648,-55,-2,-62.39
15650,-55,6,-61.05
15651,-56,4,-60.76
15652,-57,1,-59.47
15653,-58,-1,-58.18
15655,-59,2,-56.89
15656,-60,5,-61.59
15657,-61,2,-60.29
15658,-61,-5,-58.99
15660,-62,2,-57.69
15661,-63,3,-60.39
15662,-64,0,-59.09
15663,-64,-8,-57.79
15665,-64,1,-56.49
15666,-64,3,-58.23
15667,-64,6,-56.97
15668,-64,2,-55.71
15670,-63,5,-54.45
15671,-63,1,-59.17
15672,-64,5,-57.89
15673,-64,-4,-56.61
15675,-65,-2,-55.33
15676,-67,0,-53.12
15677,-69,-7,-51.91
15678,-72,1,-50.7
15680,-74,0,-49.49
15681,-76,1,-54.3
15682,-77,4,-53.11
15683,-77,3,-51.92
15685,-77,5,-50.73
15686,-75,-2,-52.55
15687,-71,-10,-51.37
15688,-66,1,-50.19
15690,-60,3,-49.01
15691,-51,1,-55.83
15692,-39,2,-54.65
15693,-26,-9,-53.47
15695,-11,4,-52.33
15696,8,1,-55.15
15697,31,2,-53.97
15698,58,0,-52.86
15700,87,1,-51.75
15701,121,1,-52.62
15702,157,25,-51.49
15703,196,29,-50.36
15705,235,11,-53.24
15706,273,7,-52.12
15707,311,1,-51
15708,346,4,-52.85
15710,377,-1,-51.7
15711,406,-8,-50.62
15712,432,-29,-49.54
15713,455,-26,-48.46
15715,474,-19,-51.34
15716,489,-13,-50.29
15717,500,26,-49.24
15718,508,26,-48.19
15720,513,27,-47.14
15721,513,18,-50.11
15722,507,9,-49.08
15723,497,6,-48.05
15725,484,4,-47.02
15726,465,-9,-48.98
15727,442,-10,-47.94
15728,414,-31,-46.9
15730,384,-24,-51.8
15731,351,-14,-50.75
15732,317,22,-49.7
15733,282,9,-48.65
15735,246,15,-47.6
15736,209,12,-46.64
15737,173,8,-45.68
15738,138,4,-44.72
15740,103,1,-47.72
15741,69,-4,-46.74
15742,36,2,-45.76
15743,5,-31,-44.78
15745,-24,-18,-46.77
15746,-53,-20,-45.84
15747,-79,13,-44.91
15748,-104,12,-43.98
15750,-128,16,-46.02
15751,-149,-9,-45.12
15752,-169,20,-44.22
15753,-187,-19,-43.32
15755,-203,-13,-43.41
15756,-217,-13,-42.51
15757,-229,-7,-41.61
15758,-240,-6,-40.71
15760,-249,2,-45.75
15761,-256,-2,-44.83
15762,-261,6,-43.91
15763,-266,4,-42.99
15765,-269,4,-46.03
15766,-270,1,-45.11
15767,-271,-7,-44.19
15768,-271,1,-43.27
15770,-270,5,-46.31
15771,-269,2,-45.4
15772,-267,7,-44.49
15773,-266,4,-43.58
15775,-263,0,-40.69
15776,-261,-2,-39.81
15777,-258,-8,-38.93
15778,-256,-11,-38.05
15780,-253,2,-42.12
15781,-249,6,-41.25
15782,-246,1,-40.38
15783,-242,8,-39.51
15785,-239,4,-44.58
15786,-235,-1,-43.69
15787,-231,3,-42.8
15788,-228,1,-41.91
15790,-224,0,-43.99
15791,-221,-2,-43.1
15792,-218,-2,-42.21
15793,-215,2,-41.32
15795,-212,-2,-44.39
15796,-209,3,-43.52
15797,-206,0,-42.65
15798,-204,1,-41.78
15800,-201,1,-43.88
15801,-198,3,-42.97
15802,-196,-1,-42.06
15803,-193,4,-41.15
15805,-191,1,-46.18
15806,-188,-1,-45.27
15807,-186,3,-44.36
15808,-184,-3,-43.45
15810,-182,3,-42.54
15811,-181,0,-41.66
15812,-180,0,-40.78
15813,-179,3,-39.9
15815,-179,-4,-41.99
15816,-178,0,-41.16
15817,-178,3,-40.33
15818,-178,2,-39.5
15820,-178,-2,-41.64
15821,-177,2,-40.82
15822,-177,40,-40
15823,-176,23,-39.18
15825,-176,12,-42.32
15826,-176,14,-41.48
15827,-175,-4,-40.64
15828,-175,-5,-43.76
15830,-175,-10,-42.92
15831,-175,-13,-42.08
15832,-174,-23,-41.24
15833,-174,-27,-40.43
15835,-174,-12,-41.6
15836,-173,-7,-40.77
15837,-173,27,-39.94
15838,-172,18,-39.11
15840,-171,10,-46.24
15841,-170,17,-45.37
15842,-169,8,-44.5
15843,-168,6,-43.63
15845,-167,7,-42.76
15846,-166,-4,-41.93
15847,-165,-4,-41.1
15848,-165,-57,-40.27
15850,-164,-20,-42.41
15851,-164,-14,-41.58
15852,-163,26,-40.75
15853,-162,20,-39.92
15855,-161,22,-41.13
15856,-160,13,-40.34
15857,-159,11,-39.55
15858,-158,7,-38.76
15860,-157,1,-41.93
15861,-156,-6,-41.1
15862,-155,0,-40.27
15863,-154,-35,-39.44
15865,-153,-17,-43.6
15866,-152,-12,-42.76
15867,-152,27,-41.92
15868,-151,13,-41.08
15870,-151,13,-42.25
15871,-150,13,-41.42
15872,-150,15,-40.59
15873,-151,-1,-39.76
15875,-151,-4,-46.88
15876,-151,-18,-46
15877,-151,-33,-45.12
15878,-151,-25,-44.24
15880,-151,-20,-46.34
15881,-152,-7,-45.44
15882,-152,4,-44.54
15883,-152,9,-43.64
15885,-152,9,-41.81
15886,-152,9,-40.98
15887,-152,3,-40.15
15888,-152,1,-39.32
15890,-152,1,-45.46
15891,-153,-1,-44.6
15892,-153,-4,-43.74
15893,-152,-14,-42.88
15895,-152,5,-43.05
15896,-153,1,-42.22
15897,-153,4,-41.39
15898,-153,-4,-40.56
15900,-152,1,-42.68
15901,-152,4,-41.8
15902,-152,-5,-40.92
15903,-151,3,-40.04
15905,-151,5,-42.18
15906,-150,7,-41.32
15907,-150,7,-40.46
15908,-150,-2,-39.6
15910,-149,2,-42.76
15911,-149,3,-41.92
15912,-148,2,-41.08
15913,-147,-4,-40.24
15915,-147,1,-40.42
15916,-146,14,-39.6
15917,-145,32,-38.78
15918,-145,25,-37.96
15920,-144,11,-36.19
15921,-144,8,-35.42
15922,-143,3,-34.65
15923,-143,-38,-33.88
15925,-143,-26,-32.15
15926,-143,-18,-31.42
15927,-143,-10,-30.69
15928,-143,-10,-29.96
15930,-143,1,-30.28
15931,-144,4,-29.6
15932,-144,6,-28.92
15933,-144,3,-28.24
15935,-145,2,-21.62
15936,-145,-12,-21
15937,-146,1,-20.38
15938,-146,1,-19.76
15940,-147,2,-17.19
15941,-147,1,-16.62
15942,-147,4,-16.05
15943,-148,7,-15.48
15945,-148,-6,-7.02
15946,-148,5,-6.56
15947,-147,2,-6.1
15948,-147,2,-5.64
15950,-147,0,-2.25
15951,-147,1,-1.86
15952,-147,3,-1.47
15953,-147,4,-1.12
15955,-147,1,5.17
15956,-147,1,5.46
15957,-146,35,5.75
15958,-146,16,6.04
15960,-146,11,14.23
15961,-146,1,14.42
15962,-145,1,14.61
15963,-145,-5,22.72
15965,-144,-7,22.75
15966,-144,-4,22.78
15967,-143,-32,22.81
15968,-142,-22,30.76
15970,-141,-18,30.71
15971,-140,-9,30.66
15972,-139,28,30.61
15973,-139,26,30.56
15975,-137,21,38.4
15976,-136,18,38.24
15977,-135,11,38.08
15978,-133,7,37.92
15980,-131,4,48.63
15981,-130,-3,48.34
15982,-128,-6,48.05
15983,-126,-30,47.76
15985,-123,-28,54.36
15986,-121,-12,53.96
15987,-118,22,53.56
15988,-115,19,53.16
15990,-112,9,61.62
15991,-108,18,61.08
15992,-105,6,60.54
15993,-102,8,60
15995,-99,1,70.33
15996,-95,-3,69.66
15997,-92,-3,68.99
15998,-88,-30,68.32
16000,-85,-27,76.48
16001,-81,-11,75.64
16002,-77,18,74.8
16003,-74,-13,73.96
16005,-70,15,80.02
16006,-66,12,79.08
16007,-63,13,78.14
16008,-59,-23,77.2
16010,-56,-21,86.17
16011,-53,-19,85.14
16012,-50,-6,84.11
16013,-47,-4,83.08
16015,-45,1,91.88
16016,-42,6,90.68
16017,-39,-2,89.48
16018,-37,7,88.28
16020,-35,4,94
16021,-32,4,92.72
16022,-29,1,91.44
16023,-26,4,90.16
16025,-24,2,97.76
16026,-21,0,96.36
16027,-18,3,94.96
16028,-15,6,93.56
16030,-13,3,101.04
16031,-10,1,99.52
16032,-8,1,98
16033,-6,-2,96.48
16035,-4,-3,102.84
16036,-2,-5,101.2
16037,-1,-3,99.56
16038,0,-3,97.92
16040,1,-1,100.23
16041,1,-1,98.54
16042,2,-5,96.85
16043,3,1,95.16
16045,3,5,103.38
16046,3,5,101.6
16047,3,4,99.82
16048,3,-4,98.04
16050,4,4,105.18
16051,4,1,103.32
16052,4,4,101.46
16053,4,-1,99.6
16055,4,5,104.66
16056,4,6,102.72
16057,4,1,100.78
16058,3,-1,98.84
16060,3,0,100.92
16061,3,1,99
16062,3,-1,97.08
16063,2,0,95.16
16065,2,-7,100.19
16066,1,2,98.22
16067,1,-1,96.25
16068,0,-9,94.28
16070,0,5,99.32
16071,0,-2,97.36
16072,0,4,95.4
16073,0,-8,93.44
16075,0,6,93.49
16076,-1,6,91.54
16077,-1,6,89.59
16078,-1,4,87.64
16080,-2,43,92.68
16081,-2,34,90.72
16082,-2,19,88.76
16083,-3,3,86.8
16085,-3,11,91.85
16086,-4,6,89.9
16087,-4,-9,87.95
16088,-5,-45,86.08
16090,-5,-29,87.18
16091,-6,-21,85.28
16092,-6,-14,83.38
16093,-7,16,81.56
16095,-8,19,81.72
16096,-9,16,79.88
16097,-9,8,81.01
16098,-10,7,79.14
16100,-10,5,77.35
16101,-11,0,75.56
16102,-11,-30,73.77
16103,-12,-18,76.93
16105,-13,-22,75.2
16106,-13,-7,73.47
16107,-14,28,71.74
16108,-15,16,70.01
16110,-16,17,71.32
16111,-17,21,69.63
16112,-18,4,67.94
16113,-18,9,66.25
16115,-19,-4,61.68
16116,-20,-7,60.11
16117,-22,-3,58.54
16118,-23,-37,56.97
16120,-24,-16,58.48
16121,-25,-10,56.99
16122,-27,-14,55.5
16123,-28,22,54.01
16125,-29,19,50.63
16126,-31,-17,49.25
16127,-32,31,47.87
16128,-34,21,46.49
16130,-36,-14,45.18
16131,-37,-13,43.87
16132,-39,-13,42.56
16133,-41,-9,41.25
16135,-43,-8,37.07
16136,-45,-16,35.89
16137,-47,-2,34.71
16138,-49,3,33.53
16140,-51,0,29.48
16141,-53,5,28.43
16142,-55,1,27.38
16143,-57,5,26.33
16145,-59,-4,23.37
16146,-60,3,22.41
16147,-62,0,21.45
16148,-63,4,20.49
16150,-65,1,18.63
16151,-66,3,17.77
16152,-67,0,16.91
16153,-68,4,16.05
16155,-69,-1,9.34
16156,-69,4,8.63
16157,-70,1,7.92
16158,-70,-2,7.21
16160,-69,1,3.61
16161,-69,0,3.01
16162,-67,-1,2.41
16163,-66,0,1.81
16165,-64,-1,-1.72
16166,-62,2,-2.25
16167,-59,3,-2.78
16168,-56,0,-3.31
16170,-53,2,-7.7
16171,-50,-1,-8.09
16172,-46,-4,-8.48
16173,-42,3,-8.87
16175,-39,4,-15.11
16176,-35,0,-15.35
16177,-31,0,-15.59
16178,-27,1,-15.83
16180,-23,2,-21.94
16181,-19,1,-22.05
16182,-15,6,-22.16
16183,-11,-7,-22.27
16185,-7,1,-25.31
16186,-3,4,-25.35
16187,0,-9,-25.39
16188,4,-3,-25.43
16190,7,-2,-29.36
16191,11,-10,-29.29
16192,14,0,-29.22
16193,17,1,-29.15
16195,21,4,-32.97
16196,24,5,-32.79
16197,27,9,-32.61
16198,30,5,-32.43
16200,33,41,-36.19
16201,35,28,-35.95
16202,38,14,-35.71
16203,40,11,-35.47
16205,43,2,-36.15
16206,45,-5,-35.83
16207,47,-5,-35.51
16208,48,-37,-35.19
16210,50,-27,-37.77
16211,51,-11,-37.35
16212,53,-17,-36.93
16213,54,27,-36.51
16215,55,17,-38.04
16216,57,6,-37.57
16217,58,8,-39.08
16218,59,4,-38.59
16220,60,5,-38.08
16221,62,4,-37.57
16222,63,-31,-40.99
16223,64,-27,-40.41
16225,65,-24,-39.83
16226,67,-7,-39.25
16227,68,31,-38.67
16228,69,17,-40.02
16230,70,22,-39.37
16231,70,16,-38.72
16232,71,13,-38.07
16233,71,7,-39.4
16235,71,-4,-38.7
16236,71,-2,-38
16237,71,-3,-37.3
16238,70,-25,-35.61
16240,70,-18,-34.95
16241,70,-12,-34.29
16242,70,0,-33.63
16243,69,23,-36.93
16245,69,15,-36.2
16246,69,15,-35.47
16247,68,8,-34.74
16248,68,6,-35.99
16250,68,4,-35.26
16251,68,0,-34.53
16252,68,-21,-33.8
16253,67,-27,-33.07
16255,67,-18,-32.34
16256,67,-11,-31.61
16257,66,-10,-30.88
16258,66,-14,-33.12
16260,66,-7,-32.39
16261,65,6,-31.66
16262,65,5,-30.93
16263,65,3,-32.18
16265,65,11,-31.46
16266,65,7,-30.74
16267,65,3,-30.02
16268,65,2,-28.31
16270,65,3,-27.62
16271,65,0,-26.93
16272,65,-4,-26.24
16273,65,-6,-26.54
16275,65,6,-25.85
16276,65,3,-25.16
16277,64,-11,-24.47
16278,64,4,-25.76
16280,64,4,-25.11
16281,64,2,-24.46
16282,64,1,-23.81
16283,64,-2,-25.14
16285,63,1,-24.5
16286,63,4,-23.86
16287,62,-5,-23.22
16288,61,2,-21.59
16290,60,4,-20.99
16291,58,2,-20.39
16292,57,3,-19.79
16293,56,3,-21.17
16295,56,0,-20.59
16296,57,5,-20.01
16297,59,-5,-19.43
16298,62,2,-20.83
16300,67,2,-20.29
16301,73,1,-19.75
16302,80,2,-19.21
16303,91,2,-22.63
16305,103,-1,-22.11
16306,117,-1,-21.59
16307,132,1,-21.07
16308,152,-9,-21.54
16310,176,2,-21.04
16311,202,-3,-20.54
16312,230,1,-20.04
16313,263,3,-17.56
16315,299,3,-17.12
16316,336,2,-16.68
16317,375,4,-16.24
16318,414,35,-18.77
16320,452,9,-18.34
16321,490,15,-17.91
16322,523,6,-19.46
16323,554,-1,-19.01
16325,582,4,-18.6
16326,606,-6,-18.19
16327,626,-24,-19.76
16328,643,-14,-19.33
16330,655,-26,-18.91
16331,664,-13,-18.49
16332,671,28,-18.07
16333,671,20,-18.64
16335,666,14,-18.24
16336,657,24,-17.84
16337,644,12,-17.44
16338,625,1,-17.04
16340,601,-33,-16.66
16341,573,-27,-16.28
16342,542,-24,-15.92
16343,509,-8,-15.56
16345,474,-13,-15.2
16346,437,1,-14.84
16347,401,12,-14.52
16348,364,33,-13.21
16350,327,19,-12.9
16351,290,17,-12.59
16352,255,8,-12.28
16353,220,7,-14.96
16355,186,0,-14.64
16356,154,-3,-14.32
16357,123,-2,-14
16358,94,-34,-14.69
16360,67,-25,-14.38
16361,41,-13,-14.07
16362,18,-4,-13.76
16363,-3,24,-14.43
16365,-23,19,-14.1
16366,-41,17,-13.77
16367,-57,9,-13.44
16368,-71,8,-14.14
16370,-83,3,-13.84
16371,-94,3,-13.54
16372,-103,-8,-13.24
16373,-110,-31,-16.92
16375,-117,-17,-16.6
16376,-121,-8,-16.28
16377,-125,11,-15.96
16378,-128,-15,-12.67
16380,-129,-3,-12.38
16381,-130,20,-12.09
16382,-130,-11,-11.8
16383,-129,-12,-14.51
16385,-128,-14,-14.22
16386,-126,-1,-13.93
16387,-124,1,-13.64
16388,-121,5,-9.41
16390,-118,-1,-9.18
16391,-114,0,-8.95
16392,-111,9,-8.72
16393,-107,6,-16.4
16395,-103,-5,-16.08
16396,-99,0,-15.76
16397,-94,-2,-15.44
16398,-90,4,-14.14
16400,-86,1,-13.84
16401,-82,1,-13.54
16402,-78,5,-13.24
16403,-75,4,-13.95
16405,-71,4,-13.66
16406,-67,2,-13.37
16407,-64,4,-13.08
16408,-61,0,-12.81
16410,-58,2,-12.54
16411,-55,-11,-12.27
16412,-52,4,-12
16413,-50,5,-15.68
16415,-48,-3,-15.36
16416,-45,2,-15.04
16417,-44,-4,-14.72
16418,-42,4,-12.44
16420,-40,11,-12.16
16421,-38,1,-11.88
16422,-37,1,-11.6
16423,-36,6,-12.33
16425,-34,-9,-12.06
16426,-33,1,-11.79
16427,-32,2,-11.52
16428,-31,1,-13.27
16430,-30,2,-13.02
16431,-29,1,-12.77
16432,-28,-3,-12.52
16433,-27,2,-14.26
16435,-26,1,-14
16436,-26,-2,-13.74
16437,-26,-1,-13.48
16438,-26,3,-12.21
16440,-25,1,-11.94
16441,-25,0,-11.67
16442,-25,-6,-11.4
16443,-24,2,-14.13
16445,-24,4,-13.86
16446,-24,-3,-13.59
16447,-24,-2,-13.34
16448,-23,4,-12.1
16450,-23,1,-11.86
16451,-22,1,-11.62
16452,-22,-2,-11.4
16453,-21,27,-14.15
16455,-21,19,-13.9
16456,-20,16,-13.65
16457,-20,5,-11.42
16458,-20,3,-11.2
16460,-19,-1,-10.98
16461,-19,-5,-10.76
16462,-18,-28,-15.49
16463,-18,-26,-15.22
16465,-18,-15,-14.95
16466,-17,-3,-14.68
16467,-17,32,-14.41
16468,-16,25,-16.12
16470,-16,19,-15.83
16471,-16,14,-15.54
16472,-15,2,-15.25
16473,-15,3,-16.93
16475,-15,-4,-16.61
16476,-15,-6,-16.29
16477,-15,-3,-15.97
16478,-15,-32,-16.67
16480,-15,-22,-16.37
16481,-15,-15,-16.07
16482,-15,26,-15.77
16483,-15,18,-16.47
16485,-15,12,-16.17
16486,-15,19,-15.87
16487,-15,10,-15.57
16488,-15,-6,-18.25
16490,-15,-6,-17.93
16491,-15,0,-17.61
16492,-15,-9,-17.29
16493,-15,-31,-17.97
16495,-16,-23,-17.65
16496,-16,-21,-17.33
16497,-17,25,-17.01
16498,-18,17,-22.67
16500,-18,25,-22.33
16501,-19,12,-21.99
16502,-19,13,-21.65
16503,-20,-21,-18.31
16505,-20,-24,-17.97
16506,-21,-18,-17.63
16507,-21,-12,-17.29
16508,-21,-11,-20.94
16510,-22,2,-20.59
16511,-22,2,-20.24
16512,-22,10,-19.89
16513,-22,6,-20.49
16515,-23,3,-20.09
16516,-23,2,-19.69
16517,-24,7,-19.29
16518,-24,-1,-17.98
16520,-25,-2,-17.67
16521,-25,0,-17.36
16522,-26,1,-17.05
16523,-27,-1,-17.72
16525,-27,0,-17.39
16526,-28,0,-17.06
16527,-28,-2,-16.73
16528,-29,-5,-15.42
16530,-30,-4,-15.11
16531,-30,1,-14.8
16532,-31,-2,-14.49
16533,-32,0,-12.2
16535,-33,1,-11.91
16536,-34,-6,-11.62
16537,-35,-1,-11.33
16538,-35,1,-6.13
16540,-36,6,-5.93
16541,-37,6,-5.73
16542,-38,-1,-5.53
16543,-38,5,-1.35
16545,-39,10,-1.17
16546,-39,3,-0.99
16547,-39,-3,-0.81
16548,-40,0,2.33
16550,-40,1,2.47
16551,-40,0,2.61
16552,-40,1,2.75
16553,-40,-11,13.76
16555,-40,2,13.77
16556,-40,2,13.78
16557,-41,3,13.79
16558,-41,0,18.73
16560,-41,2,18.67
16561,-41,1,18.61
16562,-42,2,18.55
16563,-42,2,24.44
16565,-42,-11,24.33
16566,-42,-1,24.22
16567,-42,3,24.11
16568,-42,0,35.85
16570,-41,0,35.59
16571,-41,2,35.33
16572,-40,26,35.07
16573,-40,27,42.74
16575,-40,20,42.41
16576,-40,7,42.08
16577,-40,0,53.63
16578,-40,-8,53.15
16580,-40,-1,52.67
16581,-41,-5,52.19
16582,-42,-33,59.65
16583,-43,-23,59.11
16585,-44,-18,58.57
16586,-45,-7,58.03
16587,-46,32,57.44
16588,-46,22,72.69
16590,-47,22,71.94
16591,-47,14,71.19
16592,-47,10,70.44
16593,-46,-2,75.61
16595,-45,-4,74.78
16596,-44,-5,73.95
16597,-43,-12,73.12
16598,-42,-30,84.15
16600,-40,-25,83.18
16601,-38,-12,82.21
16602,-35,25,81.24
16603,-33,17,88.18
16605,-30,20,87.12
16606,-27,15,86.06
16607,-24,8,85
16608,-21,5,96.8
16610,-17,-4,95.6
16611,-13,-3,94.4
16612,-10,-3,93.2
16613,-6,-32,100.88
16615,-2,-17,99.56
16616,1,-11,98.24
16617,5,31,96.92
16618,9,24,105.49
16620,13,11,104.06
16621,16,8,102.63
16622,20,13,101.2
16623,24,0,109.61
16625,27,-3,108.02
16626,31,-6,106.43
16627,34,-2,104.84
16628,37,-36,113.18
16630,40,-26,111.52
16631,43,-14,109.86
16632,46,-7,108.2
16633,49,-4,113.43
16635,51,-5,111.66
16636,53,5,109.89
16637,55,6,108.12
16638,56,11,115.25
16640,58,4,113.38
16641,59,-6,111.51
16642,61,0,109.64
16643,62,-6,119.66
16645,63,5,117.68
16646,65,-1,115.7
16647,66,2,113.72
16648,67,3,116.68
16650,68,-1,114.64
16651,69,2,112.6
16652,70,3,110.56
16653,71,-11,115.46
16655,71,0,113.36
16656,71,0,111.26
16657,72,4,109.16
16658,72,3,115.99
16660,72,3,113.82
16661,72,5,111.65
16662,72,42,109.48
16663,72,30,113.3
16665,71,11,111.12
16666,71,9,108.94
16667,71,3,106.76
16668,71,-3,109.57
16670,70,-2,107.38
16671,69,-13,105.19
16672,69,-2,103
16673,68,-27,108.76
16675,67,-20,106.52
16676,66,-16,104.28
16677,65,-7,102.04
16678,64,-17,102.88
16680,63,-3,100.72
16681,62,7,98.56
16682,61,-5,96.4
16683,60,6,100.23
16685,59,4,98.06
16686,58,5,95.89
16687,57,-7,93.72
16688,56,3,94.58
16690,55,7,92.44
16691,54,7,90.3
16692,53,1,88.16
16693,52,5,92.08
16695,51,0,90
16696,49,0,87.92
16697,48,1,85.84
16698,46,1,84.83
16700,45,2,82.82
16701,43,-1,80.81
16702,42,4,78.92
16703,40,5,80.99
16705,39,0,79.06
16706,37,-1,77.13
16707,36,-1,75.28
16708,34,2,76.4
16710,33,31,74.52
16711,31,25,72.64
16712,30,21,70.76
16713,28,9,72.01
16715,26,6,70.26
16716,25,-7,68.51
16717,23,1,66.76
16718,22,-42,64.08
16720,20,-32,62.4
16721,18,-16,60.72
16722,16,-14,60.03
16723,14,5,58.46
16725,12,16,56.89
16726,11,-9,55.32
16727,9,13,53.75
16728,6,17,52.26
16730,4,9,50.77
16731,2,-9,46.31
16732,0,-24,44.85
16733,-1,-15,43.52
16735,-4,-9,42.19
16736,-6,-1,40.86
16737,-8,26,40.52
16738,-10,10,39.27
16740,-12,22,38.02
16741,-14,16,36.77
16742,-16,8,30.57
16743,-18,6,29.47
16745,-20,0,28.37
16746,-22,-4,27.27
16747,-24,-3,22.21
16748,-26,-27,21.25
16750,-28,-18,20.29
16751,-31,-11,19.33
16752,-33,-9,13.42
16753,-35,-3,12.61
16755,-37,0,11.8
16756,-39,0,10.99
16757,-42,10,6.22
16758,-44,1,5.52
16760,-46,2,4.82
16761,-49,5,4.12
16762,-51,-9,-0.54
16763,-54,5,-1.11
16765,-56,7,-1.68
16766,-58,2,-2.25
16767,-60,2,-6.78
16768,-62,7,-7.19
16770,-64,4,-7.6
16771,-66,1,-8.01
16772,-67,-1,-18.32
16773,-68,-3,-18.58
16775,-69,2,-18.84
16776,-69,2,-19.1
16777,-68,-3,-22.33
16778,-67,-2,-22.49
16780,-66,4,-22.65
16781,-64,-1,-22.81
16782,-61,-3,-30.89
16783,-58,-1,-30.88
16785,-55,1,-30.87
16786,-51,4,-30.86
16787,-47,0,-31.84
16788,-43,3,-31.76
16790,-39,2,-31.68
16791,-35,-3,-31.6
16792,-31,4,-39.44
16793,-27,2,-39.23
16795,-23,2,-39.02
16796,-19,-3,-38.81
16797,-16,1,-47.51
16798,-12,0,-47.13
16800,-9,-1,-46.75
16801,-6,2,-46.37
16802,-3,-1,-47.97
16803,0,-2,-47.54
16805,2,1,-47.11
16806,5,-1,-46.68
16807,7,0,-53.18
16808,10,-2,-52.62
16810,13,0,-52.06
16811,15,1,-51.5
16812,17,31,-53.91
16813,20,18,-53.29
16815,22,16,-52.67
16816,24,-6,-57.99
16817,26,11,-57.31
16818,27,-1,-56.57
16820,29,0,-55.83
16821,30,-2,-60.04
16822,31,-28,-59.25
16823,32,-16,-58.45
16825,33,-17,-57.65
16826,34,-7,-56.85
16827,35,18,-61.99
16828,36,19,-61.09
16830,37,16,-60.19
16831,37,16,-59.29
16832,38,8,-60.37
16833,39,8,-59.42
16835,39,3,-58.47
16836,40,-6,-57.52
16837,40,-29,-60.53
16838,41,-28,-59.51
16840,42,-21,-58.49
16841,42,-14,-57.47
16842,43,21,-59.42
16843,44,18,-58.38
16845,45,17,-57.34
16846,46,14,-56.3
16847,47,10,-59.21
16848,48,2,-58.12
16850,48,3,-57.03
16851,48,-1,-55.94
16852,48,0,-60.79
16853,48,-41,-59.64
16855,48,-18,-58.49
16856,47,-9,-57.37
16857,47,22,-58.23
16858,46,22,-57.09
16860,45,13,-55.95
16861,45,10,-54.81
16862,44,14,-56.63
16863,43,2,-55.45
16865,42,-7,-54.27
16866,41,-7,-53.09
16867,39,-6,-52.95
16868,38,-33,-51.81
16870,36,-22,-50.67
16871,35,-12,-49.53
16872,33,22,-53.38
16873,31,15,-52.23
16875,30,21,-51.08
16876,28,11,-49.93
16877,26,11,-50.81
16878,24,-26,-49.69
16880,22,-21,-48.57
16881,20,-18,-47.45
16882,19,-5,-49.34
16883,17,-4,-48.23
16885,16,1,-47.12
16886,15,7,-46.01
16887,14,8,-44.94
16888,13,3,-43.87
16890,13,-8,-42.8
16891,12,0,-41.73
16892,12,-2,-47.63
16893,12,4,-46.53
16895,12,4,-45.43
16896,11,6,-44.33
16897,11,-9,-40.36
16898,11,4,-39.39
16900,12,2,-38.42
16901,12,1,-37.45
16902,12,-2,-41.46
16903,11,-1,-40.47
16905,10,-1,-39.48
16906,9,-3,-38.49
16907,8,4,-42.53
16908,6,1,-41.57
16910,4,5,-40.61
16911,1,-1,-39.65
16912,1,2,-37.71
16913,1,3,-36.77
16915,3,3,-35.83
16916,5,-1,-34.89
16917,10,1,-37
16918,16,0,-36.11
16920,24,5,-35.22
16921,34,0,-34.33
16922,47,2,-34.52
16923,63,-2,-33.71
16925,82,-1,-32.9
16926,103,-1,-32.09
16927,129,1,-33.28
16928,159,0,-32.47
16930,191,1,-31.66
16931,226,3,-30.85
16932,264,0,-31.1
16933,305,0,-30.35
16935,347,1,-29.6
16936,391,2,-28.85
16937,432,1,-33.08
16938,472,1,-32.31
16940,509,0,-31.54
16941,544,-1,-30.83
16942,575,-2,-30.12
16943,601,-2,-29.41
16945,624,3,-28.7
16946,643,0,-28.04
16947,656,26,-31.34
16948,664,24,-30.64
16950,668,14,-29.94
16951,664,17,-31.22
16952,653,-1,-30.56
16953,638,-8,-29.9
16955,618,-6,-29.24
16956,592,-11,-31.55
16957,561,-21,-30.88
16958,526,-20,-30.21
16960,489,-27,-29.54
16961,449,-4,-28.87
16962,409,29,-30.22
16963,367,20,-29.57
16965,326,22,-28.92
16966,285,7,-28.27
16967,244,9,-29.63
16968,205,8,-28.99
16970,166,3,-28.35
16971,130,-4,-27.71
16972,94,-4,-30.08
16973,61,-34,-29.45
16975,29,-15,-28.82
16976,0,-18,-28.19
16977,-27,15,-29.6
16978,-53,18,-29.01
16980,-76,15,-28.42
16981,-98,11,-27.83
16982,-117,10,-29.24
16983,-135,10,-28.65
16985,-150,-1,-28.06
16986,-164,1,-27.47
16987,-177,-3,-30.87
16988,-187,-33,-30.27
16990,-197,-18,-29.67
16991,-205,-16,-29.07
16992,-211,19,-27.49
16993,-216,18,-26.91
16995,-221,20,-26.33
16996,-224,10,-25.75
16997,-226,8,-28.19
16998,-227,0,-27.63
17000,-228,-4,-27.07
17001,-228,-5,-26.51
17002,-227,-3,-29.93
17003,-226,-30,-29.35
17005,-225,-19,-28.77
17006,-223,-13,-28.19
17007,-220,-3,-28.63
17008,-217,-1,-28.07
17010,-214,5,-27.51
17011,-211,0,-26.95
17012,-208,2,-30.35
17013,-205,1,-29.75
17015,-201,6,-29.15
17016,-198,3,-28.55
17017,-195,3,-30
17018,-192,-1,-29.45
17020,-188,2,-28.9
17021,-185,4,-28.35
17022,-182,-1,-28.76
17023,-179,2,-28.17
17025,-176,1,-27.58
17026,-173,-6,-26.99
17027,-170,-13,-28.43
17028,-167,2,-27.87
17030,-165,1,-27.31
17031,-162,2,-26.75
17032,-160,4,-28.22
17033,-158,3,-27.69
17035,-155,6,-27.16
17036,-153,3,-26.63
17037,-152,-1,-31.04
17038,-150,-3,-30.45
17040,-148,0,-29.86
17041,-147,-11,-29.27
17042,-145,-1,-27.72
17043,-144,1,-27.17
17045,-143,4,-26.62
17046,-141,-7,-26.07
17047,-140,-11,-29.49
17048,-138,5,-28.91
17050,-137,8,-28.33
17051,-136,6,-27.75
17052,-135,4,-29.17
17053,-134,0,-28.59
17055,-132,6,-28.01
17056,-131,-1,-27.43
17057,-130,0,-26.86
17058,-129,-1,-26.29
17060,-128,6,-25.72
17061,-127,-3,-25.15
17062,-126,1,-28.59
17063,-125,4,-28.03
17065,-123,4,-27.47
17066,-122,0,-26.91
17067,-121,36,-30.31
17068,-120,33,-29.71
17070,-119,12,-29.11
17071,-118,4,-27.52
17072,-118,-7,-26.97
17073,-117,-5,-26.42
17075,-117,0,-25.87
17076,-116,0,-27.32
17077,-116,-37,-26.77
17078,-117,-24,-26.22
17080,-117,-14,-25.67
17081,-117,-15,-29.11
17082,-117,24,-28.55
17083,-118,20,-27.99
17085,-118,17,-27.43
17086,-118,17,-26.87
17087,-118,9,-29.3
17088,-118,5,-28.73
17090,-118,4,-28.16
17091,-118,-2,-27.59
17092,-118,-6,-30.01
17093,-117,-32,-29.43
17095,-117,-21,-28.85
17096,-117,-13,-28.27
17097,-117,20,-32.67
17098,-116,17,-32.07
17100,-116,14,-31.47
17101,-115,7,-30.87
17102,-115,9,-30.29
17103,-115,4,-29.71
17105,-115,-8,-29.13
17106,-114,-5,-28.55
17107,-114,-2,-30.96
17108,-114,-21,-30.37
17110,-115,-20,-29.78
17111,-115,-8,-29.19
17112,-115,18,-33.59
17113,-115,18,-32.99
17115,-115,12,-32.39
17116,-115,16,-31.79
17117,-115,9,-33.16
17118,-115,-1,-32.53
17120,-115,2,-31.9
17121,-115,-7,-31.27
17122,-114,-2,-31.66
17123,-114,-26,-31.05
17125,-114,-16,-30.44
17126,-113,-16,-29.83
17127,-113,19,-30.25
17128,-113,19,-29.67
17130,-112,12,-29.09
17131,-112,10,-28.51
17132,-112,16,-30.91
17133,-112,4,-30.31
17135,-112,-29,-29.71
17136,-112,-21,-29.11
17137,-112,-24,-25.58
17138,-112,-16,-25.05
17140,-112,-6,-24.52
17141,-111,-1,-23.99
17142,-111,1,-24.47
17143,-110,7,-23.95
17145,-110,6,-23.43
17146,-109,6,-22.91
17147,-108,5,-23.39
17148,-107,1,-22.87
17150,-106,-5,-22.35
17151,-105,-2,-21.83
17152,-104,1,-15.39
17153,-104,-1,-14.95
17155,-103,0,-14.51
17156,-103,1,-14.07
17157,-103,2,-10.68
17158,-103,4,-10.29
17160,-103,-8,-9.9
17161,-104,1,-9.51
17162,-104,6,-4.22
17163,-104,1,-3.93
17165,-104,1,-3.64
17166,-105,7,-3.35
17167,-105,-4,2.89
17168,-105,0,3.13
17170,-105,-13,3.37
17171,-106,-1,3.61
17172,-106,1,11.73
17173,-106,3,11.85
17175,-107,-2,11.97
17176,-107,6,12.09
17177,-107,1,22.09
17178,-107,-6,22.09
17180,-107,3,22.09
17181,-107,-1,22.09
17182,-107,-7,29.02
17183,-107,-7,28.95
17185,-106,5,28.88
17186,-106,7,28.81
17187,-106,2,36.62
17188,-106,4,36.43
17190,-106,6,36.24
17191,-106,3,36.05
17192,-106,2,45.72
17193,-106,0,45.39
17195,-106,-5,45.06
17196,-106,-1,44.74
17197,-107,-2,53.33
17198,-107,3,52.92
17200,-108,2,52.51
17201,-108,5,52.08
17202,-108,39,66.5
17203,-108,18,65.92
17205,-108,5,65.34
17206,-108,2,73.63
17207,-108,3,72.92
17208,-107,-4,72.21
17210,-106,-9,82.39
17211,-105,-1,81.57
17212,-104,-41,80.72
17213,-103,-20,79.87
17215,-102,-16,79.02
17216,-100,-5,87.08
17217,-99,32,86.11
17218,-97,26,85.14
17220,-94,22,84.17
17221,-92,19,83.2
17222,-90,9,95.05
17223,-87,9,93.9
17225,-84,0,92.75
17226,-81,-8,91.6
17227,-78,0,101.34
17228,-75,-27,100.08
17230,-71,-30,98.82
17231,-68,-14,108.45
17232,-64,-4,107.05
17233,-60,25,105.65
17235,-56,17,104.25
17236,-53,9,109.78
17237,-49,9,108.26
17238,-46,5,106.74
17240,-43,2,105.22
17241,-40,1,114.59
17242,-37,-3,112.94
17243,-34,-31,111.29
17245,-31,-28,109.64
17246,-28,-10,119.87
17247,-25,1,118.09
17248,-22,26,116.31
17250,-19,24,114.53
17251,-17,21,120.67
17252,-14,3,118.8
17253,-12,-18,116.93
17255,-10,-18,115.06
17256,-8,-14,121.11
17257,-6,-26,119.13
17258,-4,-7,117.15
17260,-2,1,115.17
17261,-1,4,124.08
17262,0,8,122.02
17263,1,-6,119.96
17265,2,5,117.9
17266,3,7,122.77
17267,4,0,120.63
17268,6,1,118.49
17270,7,2,116.35
17271,8,8,122.13
17272,9,0,119.9
17273,10,2,117.67
17275,11,-1,115.44
17276,11,10,122.12
17277,12,-10,119.86
17278,13,4,117.6
17280,13,-2,115.34
17281,14,-5,118.03
17282,14,0,115.75
17283,15,-9,113.47
17285,15,3,111.19
17286,15,9,115.84
17287,14,1,113.54
17288,14,3,111.24
17290,14,3,108.94
17291,13,5,112.58
17292,12,3,110.28
17293,11,-1,107.98
17295,11,1,105.68
17296,10,3,107.34
17297,9,1,105.08
17298,8,1,102.82
17300,7,0,100.56
17301,7,-4,101.27
17302,6,-3,99.08
17303,6,1,96.89
17305,6,-5,94.7
17306,6,2,99.44
17307,6,3,97.25
17308,6,-1,95.06
17310,6,-1,92.87
17311,6,2,93.65
17312,5,4,91.51
17313,5,3,89.37
17315,4,4,87.23
17316,4,-5,87.07
17317,3,0,85.01
17318,2,-6,82.95
17320,1,1,80.89
17321,0,1,79.82
17322,0,2,77.84
17323,-1,3,75.86
17325,-2,3,73.88
17326,-3,43,73.88
17327,-4,31,72.03
17328,-5,20,70.18
17330,-7,14,68.33
17331,-8,15,64.59
17332,-10,3,62.85
17333,-12,-39,61.11
17335,-14,-40,59.48
17336,-15,-23,58.84
17337,-17,-17,57.2
17338,-19,20,55.56
17340,-21,11,53.92
17341,-24,12,52.37
17342,-26,10,50.82
17343,-28,0,49.27
17345,-30,-3,44.75
17346,-32,-20,43.23
17347,-34,-26,41.84
17348,-36,-12,40.45
17350,-38,-3,36.09
17351,-40,-1,34.73
17352,-41,19,33.48
17353,-43,21,32.23
17355,-45,14,30.98
17356,-47,13,29.84
17357,-48,10,28.7
17358,-50,1,27.56
17360,-51,-3,26.42
17361,-52,-1,23.37
17362,-54,4,22.32
17363,-55,-30,21.27
17365,-57,-19,20.22
17366,-59,-17,15.32
17367,-60,-3,14.42
17368,-62,20,13.52
17370,-64,17,12.62
17371,-65,10,9.86
17372,-67,12,9.1
17373,-69,13,8.34
17375,-71,9,7.58
17376,-73,-4,2.94
17377,-75,-17,2.3
17378,-78,-26,1.66
17380,-80,-17,1.02
17381,-82,-11,-4.49
17382,-84,-10,-5
17383,-86,-4,-5.51
17385,-87,-4,-6.02
17386,-88,3,-13.35
17387,-89,4,-13.68
17388,-89,4,-14.01
17390,-89,5,-14.34
17391,-89,6,-18.56
17392,-89,1,-18.78
17393,-88,5,-19
17395,-87,2,-19.22
17396,-85,3,-27.28
17397,-83,2,-27.34
17398,-81,-3,-27.4
17400,-78,-2,-27.46
17401,-75,2,-31.39
17402,-71,-7,-31.32
17403,-68,1,-31.25
17405,-64,1,-31.18
17406,-60,8,-37.99
17407,-55,1,-37.8
17408,-51,1,-37.61
17410,-47,0,-37.42
17411,-42,2,-45.08
17412,-38,2,-44.74
17413,-34,-6,-44.4
17415,-30,-1,-44.06
17416,-26,-4,-49.6
17417,-22,-3,-49.14
17418,-18,8,-48.68
17420,-15,-8,-48.22
17421,-11,2,-51.68
17422,-8,-2,-51.14
17423,-5,4,-50.6
17425,-2,2,-50.06
17426,0,4,-55.43
17427,2,0,-54.8
17428,4,5,-54.17
17430,7,2,-53.54
17431,9,4,-57.79
17432,10,-1,-57.04
17433,12,0,-56.29
17435,13,-2,-55.54
17436,15,0,-59.71
17437,16,-3,-58.88
17438,17,2,-58.05
17440,18,1,-57.22
17441,19,0,-61.32
17442,20,2,-60.42
17443,21,0,-59.52
17445,22,4,-58.62
17446,22,25,-62.66
17447,23,20,-61.7
17448,24,15,-60.74
17450,25,9,-59.78
17451,26,6,-61.77
17452,27,0,-60.76
17453,28,-30,-59.75
17455,29,-28,-58.74
17456,30,-17,-58.74
17457,31,-8,-57.74
17458,31,6,-56.74
17460,32,19,-55.74
17461,33,14,-61.66
17462,34,13,-60.58
17463,35,9,-62.47
17465,35,0,-61.36
17466,36,-7,-60.25
17467,37,-34,-59.14
17468,37,-18,-58.03
17470,38,-23,-61.9
17471,39,-2,-60.77
17472,39,21,-59.64
17473,40,31,-58.51
17475,41,25,-57.41
17476,41,12,-59.28
17477,41,7,-58.15
17478,40,3,-57.02
17480,40,0,-55.89
17481,39,-6,-58.72
17482,38,0,-57.55
17483,36,-29,-56.38
17485,34,-19,-55.21
17486,32,-13,-58.02
17487,30,26,-56.83
17488,28,15,-55.64
17490,26,12,-54.45
17491,23,5,-52.31
17492,21,7,-51.17
17493,19,1,-50.03
17495,17,3,-48.89
17496,15,-2,-48.76
17497,13,3,-47.63
17498,11,-29,-46.5
17500,9,-24,-45.37
17501,8,-11,-50.22
17502,7,26,-49.07
17503,6,19,-47.92
17505,5,16,-46.77
17506,4,10,-48.64
17507,4,-5,-47.51
17508,3,4,-46.38
17510,2,-33,-45.25
17511,2,-14,-45.18
17512,2,-12,-44.11
17513,2,-13,-43.04
17515,2,-9,-41.97
17516,2,0,-44.9
17517,3,0,-43.83
17518,3,1,-42.76
17520,3,-1,-41.69
17521,3,5,-42.68
17522,2,6,-41.67
17523,1,4,-40.66
17525,0,-4,-39.65
17526,0,0,-39.67
17527,-2,7,-38.69
17528,-3,2,-37.71
17530,-4,4,-36.73
17531,-3,2,-40.77
17532,-1,4,-39.81
17533,2,-3,-38.85
17535,7,1,-37.89
17536,14,1,-38
17537,24,-2,-37.11
17538,35,-3,-36.22
17540,48,2,-35.33
17541,65,2,-39.45
17542,87,2,-38.57
17543,111,6,-37.69
17545,137,-1,-36.81
17546,168,-1,-37.95
17547,203,1,-37.09
17548,241,1,-36.23
17550,280,1,-35.37
17551,322,0,-35.56
17552,365,-1,-34.75
17553,409,0,-33.94
17555,453,7,-33.13
17556,494,1,-33.36
17557,532,2,-32.59
17558,567,-3,-31.82
17560,599,-10,-31.05
17561,626,2,-37.26
17562,648,1,-36.47
17563,666,2,-35.68
17565,680,2,-34.89
17566,687,4,-35.14
17567,689,1,-34.39
17568,685,2,-33.64
17570,676,2,-32.89
17571,661,-1,-31.2
17572,640,2,-30.51
17573,613,1,-29.82
17575,583,0,-29.13
17576,549,-1,-33.42
17577,511,39,-32.71
17578,471,21,-32
17580,428,10,-33.27
17581,385,0,-32.55
17582,342,-1,-31.83
17583,299,0,-31.11
17585,256,-3,-30.39
17586,214,0,-29.74
17587,174,-31,-29.09
17588,135,-24,-28.47
17590,97,-27,-33.79
17591,62,-11,-33.11
17592,28,-5,-32.43
17593,-3,22,-31.75
17595,-33,27,-31.12
17596,-60,-14,-29.5
17597,-86,30,-28.88
17598,-109,18,-28.26
17600,-130,9,-27.64
17601,-149,7,-31.01
17602,-166,8,-30.38
17603,-181,-30,-29.75
17605,-194,-21,-29.12
17606,-205,-15,-29.52
17607,-215,22,-28.92
17608,-223,14,-28.32
17610,-229,17,-27.72
17611,-234,8,-31.12
17612,-238,9,-30.52
17613,-240,2,-29.92
17615,-242,-1,-29.32
17616,-243,-7,-26.73
17617,-243,0,-26.14
17618,-243,-30,-25.55
17620,-242,-16,-24.96
17621,-240,-20,-26.36
17622,-238,-1,-25.76
17623,-235,23,-25.16
17625,-233,20,-24.56
17626,-229,24,-27.98
17627,-226,10,-27.4
17628,-222,-24,-26.82
17630,-218,-22,-26.24
17631,-214,-15,-27.67
17632,-211,-18,-27.1
17633,-207,-10,-26.53
17635,-204,-7,-25.96
17636,-200,3,-29.36
17637,-197,3,-28.76
17638,-193,7,-28.16
17640,-190,5,-27.56
17641,-186,2,-26.01
17642,-183,4,-25.46
17643,-180,2,-24.91
17645,-177,1,-24.36
17646,-174,1,-27.79
17647,-171,-1,-27.22
17648,-168,-7,-26.65
17650,-166,-3,-26.08
17651,-163,-1,-24.53
17652,-161,5,-23.98
17653,-159,3,-23.43
17655,-157,4,-22.88
17656,-155,3,-28.32
17657,-154,4,-27.76
17658,-152,1,-27.2
17660,-151,1,-26.64
17661,-150,-11,-27.08
17662,-148,5,-26.52
17663,-147,2,-25.96
17665,-146,2,-25.4
17666,-144,3,-25.88
17667,-143,-1,-25.36
17668,-141,4,-24.84
17670,-140,-4,-24.32
17671,-138,1,-27.78
17672,-137,-1,-27.24
17673,-136,-11,-26.7
17675,-134,3,-26.16
17676,-133,1,-29.59
17677,-132,-1,-29.02
17678,-132,5,-28.45
17680,-131,5,-27.88
17681,-130,0,-26.33
17682,-130,3,-25.78
17683,-129,2,-25.23
17685,-129,1,-24.68
17686,-128,1,-31.13
17687,-128,-6,-30.58
17688,-127,0,-30.03
17690,-127,1,-29.48
17691,-127,1,-27.95
17692,-126,3,-27.42
17693,-126,2,-26.89
17695,-125,4,-26.36
17696,-125,3,-31.76
17697,-124,32,-31.16
17698,-123,25,-30.56
17700,-123,11,-30.95
17701,-122,5,-30.39
17702,-122,-2,-29.83
17703,-121,-3,-31.25
17705,-121,-2,-30.69
17706,-121,-22,-30.13
17707,-121,-32,-29.57
17708,-121,-19,-29.01
17710,-121,-14,-31.42
17711,-121,-15,-30.83
17712,-122,28,-30.24
17713,-122,30,-29.65
17715,-123,27,-29.12
17716,-123,16,-31.56
17717,-123,9,-31
17718,-124,7,-30.44
17720,-124,-2,-29.88
17721,-125,-9,-33.27
17722,-125,-30,-32.66
17723,-125,-30,-32.05
17725,-125,-15,-35.4
17726,-125,-5,-34.79
17727,-125,29,-34.18
17728,-125,29,-33.57
17730,-125,17,-32.96
17731,-125,20,-32.36
17732,-124,9,-31.76
17733,-124,3,-31.16
17735,-124,-7,-32.54
17736,-125,-12,-31.96
17737,-125,-42,-31.38
17738,-125,-22,-30.8
17740,-125,-15,-36.16
17741,-126,-8,-35.5
17742,-126,36,-34.84
17743,-126,23,-34.18
17745,-126,18,-31.54
17746,-127,18,-30.92
17747,-127,2,-30.3
17748,-127,-1,-29.68
17750,-128,5,-33.02
17751,-128,-31,-32.4
17752,-129,-23,-31.78
17753,-130,-18,-31.16
17755,-130,-18,-25.59
17756,-131,-8,-25.04
17757,-132,-7,-24.49
17758,-132,1,-23.94
17760,-133,12,-26.36
17761,-133,7,-25.82
17762,-134,4,-25.28
17763,-134,4,-24.74
17765,-134,-7,-24.2
17766,-134,3,-23.65
17767,-134,-1,-23.1
17768,-133,-1,-22.55
17770,-133,4,-17.05
17771,-133,3,-16.59
17772,-133,-1,-16.13
17773,-132,2,-15.67
17775,-132,-1,-15.21
17776,-132,2,-14.74
17777,-132,-8,-14.27
17778,-132,3,-13.8
17780,-133,3,-8.38
17781,-133,6,-8.02
17782,-133,4,-7.66
17783,-133,-8,-7.3
17785,-133,-4,-1.99
17786,-133,3,-1.69
17787,-133,3,-1.39
17788,-132,2,-1.09
17790,-132,3,5.15
17791,-132,7,5.38
17792,-132,1,5.61
17793,-131,-3,5.84
17795,-131,-7,12.01
17796,-131,3,12.14
17797,-131,1,12.27
17798,-130,1,12.4
17800,-130,0,21.44
17801,-130,0,21.44
17802,-130,0,21.44
17803,-130,3,21.44
17805,-131,-3,28.37
17806,-131,3,28.31
17807,-131,3,28.25
17808,-131,-8,28.19
17810,-131,-1,37.04
17811,-131,0,36.82
17812,-132,1,36.6
17813,-132,3,36.38
17815,-132,2,46.06
17816,-133,2,45.75
17817,-133,50,45.44
17818,-134,21,45.13
17820,-134,12,53.73
17821,-134,-1,53.27
17822,-134,-4,52.81
17823,-134,-4,60.27
17825,-134,-3,59.72
17826,-134,-25,59.17
17827,-134,-21,58.62
17828,-134,-24,58.05
17830,-133,-7,66.39
17831,-133,-6,65.73
17832,-132,39,65.07
17833,-131,15,64.41
17835,-129,20,71.64
17836,-128,15,70.87
17837,-126,8,70.1
17838,-124,2,69.33
17840,-121,-1,76.48
17841,-119,2,75.6
17842,-116,-33,74.72
17843,-113,-24,73.84
17845,-110,-12,82.86
17846,-107,-15,81.84
17847,-103,23,80.82
17848,-100,20,79.8
17850,-97,17,85.67
17851,-93,15,84.54
17852,-90,9,83.41
17853,-87,7,82.28
17855,-84,3,91.05
17856,-80,-1,89.82
17857,-77,-34,88.59
17858,-74,-27,87.36
17860,-71,-17,96.01
17861,-67,-11,94.66
17862,-64,25,93.31
17863,-61,25,91.96
17865,-58,6,100.45
17866,-55,12,98.94
17867,-52,7,97.43
17868,-50,5,95.92
17870,-48,3,102.35
17871,-46,-4,100.78
17872,-44,-34,99.21
17873,-43,-29,97.64
17875,-41,-19,103.95
17876,-40,-12,102.26
17877,-40,-6,100.57
17878,-39,28,98.88
17880,-38,-8,102.19
17881,-38,4,100.5
17882,-37,-9,98.81
17883,-36,-5,97.12
17885,-36,-1,103.32
17886,-36,0,101.52
17887,-36,-8,99.72
17888,-36,7,97.92
17890,-36,8,103.05
17891,-36,2,101.18
17892,-36,1,99.31
17893,-36,0,97.44
17895,-35,1,100.57
17896,-35,5,98.7
17897,-35,6,96.83
17898,-35,-7,94.96
17900,-35,7,99.03
17901,-35,-7,97.1
17902,-35,-2,95.17
17903,-35,1,93.24
17905,-35,4,93.34
17906,-36,5,91.44
17907,-36,2,89.54
17908,-37,3,87.64
17910,-38,3,92.72
17911,-38,4,90.8
17912,-39,3,88.88
17913,-40,-1,86.96
17915,-41,0,88.07
17916,-42,1,86.18
17917,-42,1,84.29
17918,-43,-1,82.4
17920,-44,-1,87.5
17921,-45,1,85.6
17922,-45,0,83.7
17923,-46,1,81.8
17925,-47,2,79
17926,-48,3,77.2
17927,-49,1,75.4
17928,-50,-3,73.6
17930,-51,0,74.84
17931,-52,2,73.08
17932,-53,2,71.32
17933,-54,1,69.56
17935,-55,3,68.88
17936,-56,1,67.2
17937,-57,4,65.52
17938,-58,-10,63.84
17940,-59,4,65.23
17941,-60,1,63.62
17942,-60,1,62.01
17943,-61,1,60.4
17945,-63,-12,57.89
17946,-64,-3,56.38
17947,-65,1,54.87
17948,-67,3,53.44
17950,-68,0,47.06
17951,-70,-9,45.68
17952,-71,41,44.3
17953,-73,32,42.92
17955,-75,24,40.64
17956,-77,3,39.36
17957,-79,0,38.08
17958,-81,3,36.8
17960,-83,-5,35.6
17961,-85,-30,34.4
17962,-86,-34,33.2
17963,-88,-13,28.04
17965,-89,-11,26.96
17966,-90,-4,25.88
17967,-91,24,24.8
17968,-92,19,23.72
17970,-93,18,18.78
17971,-94,16,17.84
17972,-95,11,16.9
17973,-96,3,15.96
17975,-97,3,10.14
17976,-98,-8,9.32
17977,-99,-21,8.5
17978,-101,-24,7.68
17980,-103,-24,4.98
17981,-104,-7,4.28
17982,-106,23,3.58
17983,-107,23,2.88
17985,-109,13,-0.69
17986,-110,15,-1.26
17987,-112,13,-1.83
17988,-114,9,-2.4
17990,-116,2,-8.81
17991,-118,-2,-9.22
17992,-120,-28,-9.63
17993,-123,-28,-10.04
17995,-125,-17,-17.3
17996,-127,-8,-17.56
17997,-130,23,-17.82
17998,-132,17,-18.08
18000,-134,18,-24.2
18001,-136,17,-24.32
18002,-138,4,-24.44
18003,-140,-27,-24.56
18005,-141,-17,-29.58
18006,-142,-15,-29.6
18007,-142,-14,-29.62
18008,-142,-8,-29.64
18010,-141,-6,-33.54
18011,-140,-2,-33.44
18012,-138,4,-33.34
18013,-136,0,-33.24
18015,-133,1,-40.99
18016,-131,5,-40.74
18017,-128,5,-40.49
18018,-125,2,-40.24
18020,-121,4,-44.89
18021,-118,2,-44.54
18022,-114,0,-44.19
18023,-110,-3,-43.84
18025,-106,0,-51.35
18026,-102,-1,-50.86
18027,-98,0,-50.37
18028,-95,-3,-49.88
18030,-91,0,-54.32
18031,-87,3,-53.76
18032,-84,0,-53.2
18033,-80,-7,-52.64
18035,-77,2,-54.98
18036,-74,3,-54.32
18037,-70,4,-53.66
18038,-67,-1,-53
18040,-64,2,-63.2
18041,-61,-1,-62.4
18042,-59,3,-61.6
18043,-56,5,-60.8
18045,-54,0,-58.94
18046,-51,1,-58.08
18047,-49,1,-57.22
18048,-46,-1,-56.36
18050,-44,-1,-66.4
18051,-42,3,-65.44
18052,-40,-3,-64.48
18053,-38,-2,-63.52
18055,-36,-2,-64.51
18056,-34,2,-63.5
18057,-32,-8,-62.49
18058,-31,4,-61.48
18060,-29,0,-63.43
18061,-28,3,-62.38
18062,-27,0,-61.33
18063,-26,1,-60.28
18065,-25,0,-65.14
18066,-24,3,-64
18067,-23,0,-62.86
18068,-23,-1,-61.72
18070,-22,4,-65.54
18071,-22,0,-64.36
18072,-22,1,-63.18
18073,-21,0,-62
18075,-21,28,-62.85
18076,-22,30,-61.7
18077,-22,16,-60.55
18078,-22,10,-59.4
18080,-23,16,-63.21
18081,-24,11,-62.02
18082,-25,-25,-60.83
18083,-26,-34,-59.64
18085,-27,-23,-62.41
18086,-27,-15,-61.18
18087,-28,10,-59.95
18088,-29,11,-58.76
18090,-30,8,-60.54
18091,-31,18,-59.32
18092,-33,12,-64.04
18093,-34,3,-62.76
18095,-35,3,-61.52
18096,-37,-20,-60.28
18097,-38,-26,-59.04
18098,-40,-21,-59.78
18100,-41,-12,-58.57
18101,-43,-6,-57.36
18102,-45,32,-56.15
18103,-46,31,-54.94
18105,-48,22,-55.73
18106,-49,9,-54.52
18107,-50,10,-53.31
18108,-52,1,-52.1
18110,-53,2,-57.85
18111,-54,-7,-56.6
18112,-54,-23,-55.35
18113,-55,-28,-54.1
18115,-56,-17,-53.9
18116,-56,-15,-52.7
18117,-57,19,-51.5
18118,-57,16,-50.3
18120,-58,18,-55.11
18121,-58,11,-53.92
18122,-58,11,-52.73
18123,-58,9,-51.54
18125,-58,5,-51.4
18126,-58,-7,-50.26
18127,-58,-22,-49.12
18128,-58,-20,-47.98
18130,-58,-16,-50.85
18131,-57,-14,-49.72
18132,-57,-3,-48.59
18133,-57,-4,-47.46
18135,-57,-3,-51.32
18136,-57,-3,-50.18
18137,-57,2,-49.04
18138,-58,4,-47.9
18140,-59,2,-49.81
18141,-61,9,-48.72
18142,-63,3,-47.63
18143,-65,4,-46.54
18145,-67,0,-50.45
18146,-68,2,-49.36
18147,-68,-2,-48.27
18148,-68,4,-47.18
18150,-66,0,-49.14
18151,-63,-1,-48.1
18152,-58,1,-47.06
18153,-53,-11,-46.02
18155,-44,4,-49.98
18156,-34,1,-48.94
18157,-21,2,-47.9
18158,-7,3,-46.86
18160,11,0,-48.82
18161,34,1,-47.78
18162,61,2,-46.74
18163,90,4,-45.7
18165,123,0,-46.75
18166,161,0,-45.8
18167,201,1,-44.85
18168,242,4,-43.9
18170,284,1,-46.9
18171,326,-4,-45.9
18172,367,-13,-44.9
18173,407,3,-43.9
18175,444,-3,-48.95
18176,476,1,-48
18177,506,2,-47.05
18178,532,2,-46.1
18180,553,4,-44.18
18181,570,3,-43.26
18182,582,2,-42.34
18183,591,1,-41.42
18185,593,0,-45.48
18186,588,1,-44.54
18187,579,-1,-43.6
18188,565,0,-42.66
18190,545,-2,-43.76
18191,520,-2,-42.86
18192,490,-4,-41.96
18193,457,0,-41.06
18195,420,33,-45.16
18196,382,30,-44.26
18197,343,25,-43.36
18198,303,21,-42.46
18200,262,6,-43.56
18201,222,8,-42.66
18202,183,-36,-41.76
18203,144,-31,-40.86
18205,106,-19,-42.98
18206,70,-14,-42.1
18207,36,-7,-41.22
18208,3,25,-40.34
18210,-27,16,-43.46
18211,-56,13,-42.58
18212,-83,7,-43.68
18213,-109,6,-42.78
18215,-132,2,-41.91
18216,-154,-23,-41.04
18217,-174,-20,-42.21
18218,-191,-20,-41.38
18220,-207,-15,-40.55
18221,-221,-3,-39.72
18222,-234,28,-38.89
18223,-244,4,-44.02
18225,-254,-11,-43.15
18226,-261,22,-42.28
18227,-268,-11,-41.41
18228,-273,-5,-46.48
18230,-276,-5,-45.57
18231,-279,-4,-44.66
18232,-281,-1,-43.75
18233,-281,0,-43.83
18235,-281,0,-42.98
18236,-280,4,-42.13
18237,-279,3,-41.28
18238,-277,35,-45.38
18240,-275,22,-44.49
18241,-272,12,-43.6
18242,-270,8,-42.71
18243,-267,9,-43.8
18245,-264,7,-42.95
18246,-260,-4,-42.1
18247,-257,-6,-41.25
18248,-254,-33,-45.35
18250,-250,-23,-44.46
18251,-247,-16,-43.57
18252,-244,-16,-42.68
18253,-240,-10,-44.76
18255,-237,1,-43.88
18256,-234,29,-43
18257,-231,12,-42.12
18258,-228,-4,-44.21
18260,-225,-8,-43.35
18261,-222,-10,-42.49
18262,-219,-6,-41.63
18263,-216,-10,-45.72
18265,-214,-10,-44.84
18266,-212,3,-43.96
18267,-210,-3,-43.08
18268,-208,7,-48.14
18270,-206,4,-47.25
18271,-204,2,-46.36
18272,-202,9,-45.47
18273,-200,6,-46.56
18275,-198,7,-45.68
18276,-196,-7,-44.8
18277,-195,3,-43.92
18278,-193,5,-47.99
18280,-192,-6,-47.11
18281,-190,3,-46.23
18282,-189,2,-45.35
18283,-188,-4,-46.45
18285,-187,2,-45.58
18286,-186,5,-44.71
18287,-185,-1,-43.84
18288,-184,3,-46.93
18290,-183,-2,-46.04
18291,-183,2,-45.15
18292,-182,0,-44.26
18293,-182,2,-47.33
18295,-182,-6,-46.44
18296,-181,1,-45.55
18297,-181,2,-44.66
18298,-180,6,-51.69
18300,-180,2,-50.78
18301,-179,2,-49.87
18302,-179,-1,-48.96
18303,-179,0,-47.06
18305,-178,-1,-46.15
18306,-177,7,-45.24
18307,-176,-11,-44.33
18308,-175,-2,-47.38
18310,-175,2,-46.48
18311,-174,3,-45.58
18312,-173,2,-44.68
18313,-172,3,-48.73
18315,-171,2,-47.8
18316,-170,-9,-46.87
18317,-170,-1,-45.94
18318,-169,2,-48.97
18320,-168,3,-48.05
18321,-167,-10,-47.13
18322,-167,3,-46.21
18323,-166,5,-53.21
18325,-166,3,-52.23
18326,-166,2,-51.25
18327,-166,1,-50.27
18328,-166,39,-50.28
18330,-166,22,-49.32
18331,-167,12,-48.36
18332,-167,4,-54.33
18333,-167,2,-53.3
18335,-167,-1,-52.31
18336,-168,-27,-51.32
18337,-168,-27,-54.31
18338,-168,-19,-53.3
18340,-169,-9,-52.29
18341,-169,-5,-51.28
18342,-169,22,-50.29
18343,-170,20,-52.27
18345,-170,17,-51.25
18346,-170,15,-50.23
18347,-170,0,-49.21
18348,-170,10,-50.23
18350,-170,13,-49.25
18351,-170,-1,-48.27
18352,-170,-9,-47.29
18353,-170,-22,-48.35
18355,-170,-21,-47.41
18356,-171,-13,-46.47
18357,-171,-4,-45.53
18358,-171,19,-52.52
18360,-170,24,-51.51
18361,-170,19,-50.5
18362,-169,10,-49.49
18363,-169,14,-50.51
18365,-169,5,-49.53
18366,-168,2,-48.55
18367,-168,4,-47.57
18368,-167,-34,-53.54
18370,-167,-28,-52.51
18371,-168,-23,-51.48
18372,-168,-15,-50.45
18373,-168,14,-49.47
18375,-169,18,-48.49
18376,-169,15,-47.51
18377,-170,3,-46.53
18378,-171,-21,-46.57
18380,-171,-10,-45.61
18381,-172,-16,-44.65
18382,-173,-10,-43.69
18383,-173,-8,-41.77
18385,-174,-4,-40.85
18386,-174,2,-39.93
18387,-175,3,-39.01
18388,-175,2,-40.12
18390,-175,2,-39.23
18391,-175,10,-38.34
18392,-175,3,-37.45
18393,-175,0,-35.63
18395,-174,-10,-34.81
18396,-174,2,-33.99
18397,-173,1,-33.17
18398,-172,2,-30.39
18400,-172,5,-29.61
18401,-171,4,-28.83
18402,-171,2,-28.05
18403,-170,0,-20.39
18405,-170,-3,-19.73
18406,-170,-9,-19.07
18407,-169,2,-18.41
18408,-169,4,-15.79
18410,-169,3,-15.17
18411,-169,1,-14.55
18412,-169,6,-13.93
18413,-169,5,-8.4
18415,-169,-1,-7.87
18416,-169,1,-7.34
18417,-169,-10,-6.81
18418,-169,3,-0.38
18420,-169,1,0.05
18421,-169,3,0.48
18422,-170,2,0.91
18423,-170,4,12.15
18425,-170,3,12.39
18426,-170,2,12.63
18427,-171,-1,12.87
18428,-171,7,18.07
18430,-171,1,18.27
18431,-172,1,18.47
18432,-172,-2,18.67
18433,-172,0,25.76
18435,-172,-1,25.85
18436,-172,1,25.94
18437,-172,-1,26.03
18438,-172,0,36.96
18440,-171,-4,36.89
18441,-171,2,36.82
18442,-170,-4,36.75
18443,-168,1,43.57
18445,-167,-1,43.39
18446,-165,1,43.21
18447,-163,1,43.03
18448,-161,31,50.69
18450,-158,22,50.35
18451,-155,2,50.01
18452,-152,5,57.59
18453,-149,-1,57.16
18455,-146,3,56.73
18456,-142,-19,56.3
18457,-139,-24,62.73
18458,-135,-16,62.16
18460,-131,-11,61.59
18461,-127,-1,61.02
18462,-124,24,70.31
18463,-120,23,69.6
18465,-116,25,68.89
18466,-112,14,68.18
18467,-108,8,67.47
18468,-104,1,77.62
18470,-100,5,76.77
18471,-96,-6,75.92
18472,-93,-5,75.07
18473,-89,-26,83.11
18475,-86,-22,82.15
18476,-83,-14,81.19
18477,-80,24,80.23
18478,-77,13,84.2
18480,-74,16,83.17
18481,-71,13,82.14
18482,-68,10,81.11
18483,-66,1,87.92
18485,-64,0,86.73
18486,-62,-3,85.54
18487,-59,-33,84.35
18488,-57,-25,96.01
18490,-55,-15,94.67
18491,-53,-10,93.33
18492,-51,28,91.99
18493,-49,23,93.55
18495,-47,13,92.11
18496,-46,16,90.67
18497,-44,15,89.23
18498,-43,3,96.7
18500,-42,3,95.17
18501,-40,-12,93.64
18502,-39,-38,92.11
18503,-39,-23,99.48
18505,-38,-15,97.85
18506,-37,-14,96.22
18507,-36,-4,94.59
18508,-36,-3,97.92
18510,-36,2,96.25
18511,-35,9,94.58
18512,-35,6,92.91
18513,-35,6,94.19
18515,-35,-1,92.47
18516,-36,1,90.75
18517,-36,2,89.03
18518,-36,1,97.22
18520,-37,1,95.41
18521,-37,2,93.6
18522,-38,0,91.79
18523,-38,-7,93.96
18525,-39,-8,92.13
18526,-40,13,90.3
18527,-40,6,88.47
18528,-40,-2,89.68
18530,-41,3,87.89
18531,-41,1,86.1
18532,-41,6,84.31
18533,-41,-2,86.5
18535,-41,-2,84.69
18536,-42,2,82.88
18537,-42,3,81.07
18538,-43,-1,86.24
18540,-43,2,84.41
18541,-44,-8,82.58
18542,-45,1,80.75
18543,-46,0,81.95
18545,-47,-12,80.15
18546,-48,5,78.35
18547,-49,2,76.55
18548,-50,1,78.82
18550,-51,4,77.09
18551,-52,4,75.36
18552,-53,-6,73.63
18553,-53,3,74.92
18555,-54,2,73.21
18556,-54,2,71.5
18557,-54,1,69.79
18558,-55,3,69.14
18560,-55,1,67.49
18561,-56,3,65.84
18562,-56,-11,64.19
18563,-57,3,63.64
18565,-57,0,62.09
18566,-58,1,60.54
18567,-59,22,58.99
18568,-60,29,58.5
18570,-61,27,57.01
18571,-61,4,55.52
18572,-62,-1,56.01
18573,-63,-1,54.58
18575,-64,0,53.15
18576,-65,-26,51.72
18577,-66,-28,45.42
18578,-68,-22,44.12
18580,-69,-12,42.82
18581,-70,-10,41.52
18582,-71,25,41.28
18583,-73,22,40.04
18585,-74,18,38.8
18586,-75,17,37.56
18587,-77,14,36.42
18588,-78,5,31.32
18590,-80,2,30.22
18591,-81,-8,29.12
18592,-83,-18,28.02
18593,-85,-25,25.05
18595,-87,-18,24.08
18596,-90,-11,23.11
18597,-92,13,22.14
18598,-95,21,16.31
18600,-97,24,15.48
18601,-99,16,14.65
18602,-102,12,13.82
18603,-104,1,7.1
18605,-106,-1,6.38
18606,-108,-2,5.66
18607,-110,-29,4.94
18608,-112,-25,1.33
18610,-114,-19,0.72
18611,-116,-8,0.11
18612,-117,22,-0.5
18613,-120,25,-6.92
18615,-122,24,-7.34
18616,-124,10,-7.76
18617,-126,12,-8.18
18618,-128,-6,-13.52
18620,-129,-6,-13.86
18621,-131,-5,-14.2
18622,-132,-25,-14.54
18623,-132,-18,-18.75
18625,-132,-17,-18.96
18626,-131,-6,-19.17
18627,-130,-8,-19.38
18628,-128,18,-27.42
18630,-126,21,-27.46
18631,-124,25,-27.5
18632,-121,-18,-27.54
18633,-118,-12,-31.49
18635,-115,-15,-31.44
18636,-112,-8,-31.39
18637,-108,-8,-31.34
18638,-105,-8,-38.19
18640,-101,-5,-38.04
18641,-97,2,-37.89
18642,-93,2,-37.74
18643,-89,-3,-44.42
18645,-85,3,-44.1
18646,-81,9,-43.78
18647,-77,2,-43.46
18648,-73,4,-47.06
18650,-69,7,-46.66
18651,-65,-5,-46.26
18652,-61,3,-45.86
18653,-57,4,-52.36
18655,-53,2,-51.86
18656,-50,1,-51.36
18657,-47,0,-50.86
18658,-43,0,-54.28
18660,-40,4,-53.7
18661,-37,0,-53.12
18662,-34,-5,-52.54
18663,-31,3,-55.85
18665,-29,3,-55.16
18666,-26,2,-54.47
18667,-24,-2,-53.78
18668,-22,-2,-59
18670,-20,-1,-58.22
18671,-18,1,-57.44
18672,-17,-1,-56.66
18673,-15,2,-60.79
18675,-14,5,-59.92
18676,-13,3,-59.05
18677,-12,-2,-58.18
18678,-11,2,-59.26
18680,-10,1,-58.34
18681,-9,0,-57.42
18682,-8,-2,-56.5
18683,-7,1,-59.53
18685,-6,-1,-58.56
18686,-6,1,-57.59
18687,-5,4,-56.62
18688,-4,3,-60.59
18690,-3,3,-59.56
18691,-2,-2,-58.53
18692,-2,3,-57.5
18693,-1,1,-60.42
18695,-1,-1,-59.34
18696,0,1,-58.26
18697,0,1,-57.16
18698,0,0,-62
18700,0,0,-60.84
18701,0,1,-59.68
18702,0,22,-58.57
18703,1,29,-58.45
18705,1,17,-57.33
18706,1,-1,-59.18
18707,0,-1,-58.02
18708,0,-3,-56.86
18710,-1,-9,-55.7
18711,-2,-1,-54.54
18712,-3,-28,-57.34
18713,-5,-17,-56.18
18715,-6,-11,-55.02
18716,-8,-11,-53.86
18717,-10,-1,-52.7
18718,-12,25,-54.53
18720,-14,26,-53.36
18721,-16,24,-52.19
18722,-17,15,-51.02
18723,-19,2,-52.87
18725,-20,5,-51.72
18726,-21,-5,-50.57
18727,-22,-30,-53.38
18728,-23,-33,-52.25
18730,-24,-18,-51.12
18731,-25,-11,-49.99
18732,-25,28,-48.86
18733,-25,21,-47.76
18735,-26,17,-46.66
18736,-26,14,-45.56
18737,-26,12,-48.42
18738,-27,1,-47.34
18740,-27,5,-46.26
18741,-27,-6,-45.18
18742,-28,-30,-45.09
18743,-28,-24,-44.05
18745,-28,-21,-43.01
18746,-28,-13,-41.97
18747,-28,30,-43.9
18748,-28,31,-42.87
18750,-28,17,-41.84
18751,-27,11,-40.81
18752,-28,13,-41.76
18753,-28,-29,-40.79
18755,-29,-20,-39.82
18756,-30,-18,-38.85
18757,-31,-13,-37.88
18758,-32,-6,-36.95
18760,-33,-4,-36.02
18761,-35,-2,-35.09
18762,-34,3,-36.14
18763,-33,4,-35.26
18765,-30,3,-34.38
18766,-27,3,-33.5
18767,-21,4,-35.59
18768,-14,3,-34.75
18770,-6,-8,-33.91
18771,2,7,-33.07
18772,15,3,-31.24
18773,31,-2,-30.45
18775,49,1,-29.66
18776,68,2,-28.87
18777,92,-2,-35.01
18778,119,2,-34.22
18780,148,0,-33.43
18781,179,0,-32.64
18782,212,0,-29.87
18783,247,1,-29.14
18785,284,1,-28.41
18786,320,1,-27.68
18787,354,2,-28.93
18788,386,-2,-28.22
18790,415,0,-27.51
18791,442,1,-26.8
18792,466,2,-27.08
18793,487,1,-26.42
18795,505,0,-25.76
18796,521,2,-25.1
18797,531,3,-25.43
18798,537,0,-24.81
18800,540,1,-24.19
18801,539,1,-23.57
18802,532,2,-25.92
18803,520,3,-25.29
18805,503,0,-24.66
18806,484,-3,-24.03
18807,460,-12,-23.4
18808,433,-2,-22.81
18810,404,-1,-22.22
18811,373,-2,-21.63
18812,341,7,-20.05
18813,308,-4,-19.52
18815,275,5,-18.99
18816,242,5,-18.46
18817,210,3,-20.9
18818,178,-1,-20.38
18820,147,2,-19.86
18821,117,2,-19.34
18822,88,-6,-16.84
18823,60,38,-16.4
18825,34,30,-15.96
18826,9,-8,-15.52
18827,-14,16,-16.07
18828,-36,15,-15.63
18830,-56,1,-15.19
18831,-75,-31,-16.76
18832,-92,-26,-16.33
18833,-108,-18,-15.9
18835,-122,-13,-15.47
18836,-135,-9,-15.04
18837,-146,17,-14.65
18838,-155,21,-14.26
18840,-163,13,-13.87
18841,-170,21,-13.48
18842,-175,-20,-16.06
18843,-179,-18,-15.67
18845,-182,-8,-15.28
18846,-184,-13,-14.89
18847,-185,-2,-13.51
18848,-185,-2,-13.16
18850,-184,1,-12.81
18851,-183,-2,-12.46
18852,-181,36,-13.14
18853,-179,31,-12.82
18855,-176,12,-12.5
18856,-173,13,-12.18
18857,-169,10,-11.86
18858,-166,-1,-11.54
18860,-162,-3,-11.22
18861,-158,-9,-10.9
18862,-154,-31,-11.61
18863,-150,-25,-11.32
18865,-146,-19,-11.03
18866,-142,-12,-10.74
18867,-138,26,-10.46
18868,-134,22,-10.18
18870,-131,12,-9.9
18871,-127,11,-9.62
18872,-123,12,-14.32
18873,-119,3,-14.02
18875,-116,-2,-13.72
18876,-113,-16,-13.42
18877,-109,-21,-7.2
18878,-106,-21,-6.98
18880,-103,-17,-6.76
18881,-100,-9,-6.54
18882,-97,-16,-8.3
18883,-94,0,-8.06
18885,-91,4,-7.82
18886,-88,1,-7.58
18887,-85,8,-8.35
18888,-82,8,-8.12
18890,-79,4,-7.89
18891,-77,6,-7.66
18892,-74,2,-7.46
18893,-72,6,-7.26
18895,-70,2,-7.06
18896,-69,2,-6.86
18897,-67,3,-6.65
18898,-66,-2,-6.44
18900,-65,0,-6.23
18901,-63,2,-6.02
18902,-62,-11,-8.85
18903,-61,2,-8.68
18905,-60,4,-8.51
18906,-59,4,-8.34
18907,-58,4,-6.17
18908,-57,1,-6
18910,-55,1,-5.83
18911,-54,-1,-5.66
18912,-53,-1,-4.52
18913,-51,2,-4.38
18915,-50,-2,-4.24
18916,-48,-4,-4.1
18917,-46,2,-5.95
18918,-44,-2,-5.8
18920,-42,1,-5.65
18921,-41,-27,-5.5
18922,-39,7,-5.36
18923,-37,8,-5.22
18925,-35,7,-5.08
18926,-33,5,-4.94
18927,-32,5,-2.85
18928,-30,3,-2.76
18930,-29,3,-2.67
18931,-28,-2,-2.58
18932,-27,0,-0.51
18933,-26,0,-0.44
18935,-25,-3,-0.37
18936,-24,-10,-0.3
18937,-23,3,-2.2
18938,-22,-2,-2.1
18940,-21,5,-2
18941,-20,4,-1.9
18942,-19,4,-5.79
18943,-18,4,-5.68
18945,-17,42,-5.57
18946,-16,36,-5.46
18947,-15,21,-4.34
18948,-14,14,-4.22
18950,-13,0,-4.1
18951,-13,-9,-3.98
18952,-13,-27,-2.88
18953,-12,-30,-2.78
18955,-12,-25,-2.68
18956,-12,-14,-2.6
18957,-12,23,-1.53
18958,-11,12,-1.46
18960,-11,12,-1.39
18961,-12,7,-4.29
18962,-12,6,-4.19
18963,-12,5,-4.09
18965,-12,-3,-3.99
18966,-12,-17,-2.9
18967,-12,-25,-2.84
18968,-13,-24,-2.78
18970,-13,-21,-2.72
18971,-13,-1,-0.68
18972,-12,32,-0.63
18973,-12,29,-0.58
18975,-12,16,-0.53
18976,-12,7,-0.48
18977,-11,15,-1.43
18978,-11,9,-1.38
18980,-11,4,-1.33
18981,-11,-1,-1.28
18982,-10,-24,0.75
18983,-10,-21,0.78
18985,-9,-18,0.81
18986,-9,-12,0.84
18987,-8,23,2.84
18988,-8,19,2.84
18990,-7,15,2.84
18991,-6,13,2.84
18992,-6,20,3.83
18993,-6,0,3.82
18995,-6,1,3.81
18996,-6,-11,3.8
18997,-7,-36,4.73
18998,-7,-28,4.66
19000,-7,-15,4.59
19001,-7,-11,4.52
19002,-8,-6,13.42
19003,-8,29,13.32
19005,-8,24,13.22
19006,-8,19,13.12
19007,-8,-20,16.96
19008,-8,-17,16.8
19010,-8,-8,16.64
19011,-8,-8,16.48
19012,-7,-15,22.25
19013,-7,-2,22.02
19015,-7,3,21.79
19016,-7,6,21.56
19017,-7,3,27.27
19018,-7,7,26.98
19020,-6,5,26.69
19021,-6,-11,26.4
19022,-6,4,37.99
19023,-6,1,37.58
19025,-5,0,37.17
19026,-5,4,36.76
19027,-4,2,44.24
19028,-4,3,43.72
19030,-3,2,43.2
19031,-2,2,42.68
19032,-2,-2,52.08
19033,-1,2,51.48
19035,-1,0,50.88
19036,-1,-8,50.28
19037,-1,3,61.57
19038,-1,-1,60.86
19040,-1,-2,60.15
19041,-1,-6,59.44
19042,-1,4,67.62
19043,-1,3,66.8
19045,-1,5,65.98
19046,-1,3,65.16
19047,-1,0,78.2
19048,-1,7,77.24
19050,-1,0,76.28
19051,0,-2,75.32
19052,0,1,84.28
19053,0,1,83.24
19055,0,-1,82.2
19056,1,1,81.16
19057,2,-13,94
19058,3,0,92.84
19060,5,2,91.68
19061,6,4,90.52
19062,8,6,100.23
19063,10,4,98.94
19065,13,2,97.65
19066,15,3,96.36
19067,18,-2,108.89
19068,21,-1,107.42
19070,24,-1,105.95
19071,28,-8,104.48
19072,31,0,115.89
19073,34,0,114.3
19075,38,2,112.71
19076,41,1,111.12
19077,44,23,121.42
19078,48,29,119.72
19080,51,17,118.02
19081,55,9,128.2
19082,59,4,126.39
19083,63,-3,124.58
19085,67,-3,122.77
19086,71,-21,130.83
19087,75,-24,128.89
19088,79,-24,126.95
19090,82,-18,125.01
19091,86,-6,134.96
19092,89,32,132.91
19093,92,33,130.86
19095,95,18,128.81
19096,98,10,126.78
19097,101,11,135.64
19098,103,6,133.5
19100,105,1,131.36
19101,108,-9,129.22
19102,110,-14,136.97
19103,111,-22,134.72
19105,113,-20,132.47
19106,115,-17,130.22
19107,116,11,139.87
19108,118,13,137.52
19110,119,2,135.17
19111,120,10,132.82
19112,121,18,139.4
19113,122,13,136.98
19115,122,3,134.56
19116,123,1,132.14
19117,123,-17,138.64
19118,123,-19,136.14
19120,123,-17,133.64
19121,123,-13,131.14
19122,123,20,138.55
19123,123,15,135.96
19125,123,18,133.37
19126,123,19,130.78
19127,123,6,135.21
19128,123,-17,132.64
19130,123,-30,130.07
19131,122,-22,127.5
19132,122,-11,131.9
19133,121,-4,129.3
19135,120,-4,126.7
19136,120,2,124.1
19137,119,-16,130.47
19138,118,5,127.84
19140,117,3,125.21
19141,116,7,122.58
19142,116,5,125.95
19143,115,6,123.32
19145,114,5,120.69
19146,113,6,118.06
19147,112,2,123.47
19148,111,-1,120.88
19150,110,-5,118.29
19151,109,-2,115.7
19152,107,0,116.16
19153,106,4,113.62
19155,105,3,111.08
19156,103,2,108.54
19157,102,2,109.07
19158,100,1,106.6
19160,99,-2,104.13
19161,98,1,101.66
19162,96,2,105.25
19163,95,-3,102.84
19165,94,1,100.43
19166,93,-1,98.02
19167,91,1,100.65
19168,90,2,98.28
19170,89,0,95.91
19171,88,3,93.54
19172,86,-7,92.3
19173,85,-8,90.06
19175,83,6,87.82
19176,81,-6,85.58
19177,80,5,86.41
19178,78,4,84.24
19180,76,1,82.07
19181,75,5,79.9
19182,73,4,80.84
19183,71,-11,78.78
19185,70,5,76.72
19186,68,2,74.66
19187,66,-3,73.7
19188,64,1,71.74
19190,62,1,69.78
19191,60,-2,67.82
19192,58,1,66
19193,55,0,64.18
19195,53,1,62.36
19196,51,-1,60.54
19197,48,15,59.84
19198,45,33,58.14
19200,42,21,56.44
19201,39,-1,52.76
19202,37,4,51.2
19203,34,-2,49.64
19205,31,2,46.1
19206,27,-16,44.68
19207,24,-27,43.26
19208,21,-21,41.84
19210,18,-6,40.42
19211,14,-12,37.12
19212,11,23,35.82
19213,7,28,34.52
19215,4,26,33.22
19216,0,16,32.04
19217,-2,13,28.88
19218,-6,-1,27.72
19220,-9,-36,26.56
19221,-12,-26,25.4
19222,-15,-15,17.42
19223,-18,-12,16.44
19225,-20,-3,15.46
19226,-22,0,14.48
19227,-24,28,11.62
19228,-24,35,10.76
19230,-25,16,9.9
19231,-25,6,9.04
19232,-24,4,2.36
19233,-23,6,1.68
19235,-21,2,1
19236,-20,-5,0.32
19237,-18,-17,-6.21
19238,-15,-19,-6.74
19240,-13,-26,-7.27
19241,-10,-16,-7.8
19242,-7,21,-11.21
19243,-4,14,-11.62
19245,0,17,-12.03
19246,2,19,-19.37
19247,6,6,-19.61
19248,10,9,-19.85
19250,14,3,-20.09
19251,18,-18,-22.31
19252,21,-7,-22.46
19253,24,-31,-22.61
19255,27,-22,-22.76
19256,30,-7,-27.86
19257,33,-7,-27.89
19258,35,-2,-27.92
19260,37,1,-27.95
19261,39,9,-32.93
19262,41,6,-32.82
19263,43,2,-32.71
19265,44,2,-32.6
19266,46,-4,-37.44
19267,48,-1,-37.22
19268,50,1,-37
19270,51,0,-36.78
19271,53,-4,-39.53
19272,55,2,-39.2
19273,56,10,-38.87
19275,58,2,-38.54
19276,59,-5,-41.18
19277,60,2,-40.79
19278,61,1,-40.4
19280,62,3,-40.01
19281,62,0,-44.57
19282,63,1,-44.1
19283,63,-8,-43.63
19285,63,6,-43.16
19286,64,2,-48.63
19287,64,2,-48.04
19288,64,1,-47.45
19290,65,1,-46.86
19291,65,4,-49.24
19292,65,4,-48.57
19293,66,-4,-47.9
19295,66,-2,-47.23
19296,67,-1,-48.54
19297,67,-11,-47.84
19298,67,0,-47.14
19300,68,3,-46.44
19301,68,4,-48.71
19302,68,5,-47.95
19303,69,1,-47.19
19305,69,3,-46.43
19306,69,6,-49.63
19307,69,1,-48.8
19308,70,-4,-47.97
19310,70,-1,-47.14
19311,70,-1,-50.27
19312,70,1,-49.39
19313,70,0,-48.51
19315,69,1,-47.63
19316,69,3,-44.77
19317,67,-1,-43.91
19318,66,21,-43.05
19320,64,15,-42.19
19321,62,14,-49.25
19322,60,12,-48.3
19323,58,6,-47.35
19325,56,-3,-49.37
19326,54,-21,-48.41
19327,51,-28,-47.45
19328,49,-17,-46.49
19330,47,-32,-45.55
19331,45,-10,-48.57
19332,43,34,-47.59
19333,42,22,-46.61
19335,40,22,-45.63
19336,38,16,-46.65
19337,37,5,-45.67
19338,35,17,-44.69
19340,34,5,-43.71
19341,33,-7,-44.71
19342,32,8,-43.73
19343,31,-35,-42.75
19345,31,-24,-41.77
19346,30,-15,-40.79
19347,30,-9,-39.88
19348,29,15,-38.97
19350,28,28,-38.06
19351,28,18,-41.11
19352,27,15,-40.18
19353,26,12,-39.25
19355,25,10,-38.32
19356,23,1,-40.36
19357,21,-10,-39.46
19358,19,-28,-38.56
19360,16,-30,-37.66
19361,14,-15,-37.75
19362,11,-11,-36.9
19363,9,18,-36.05
19365,6,16,-35.2
19366,5,16,-37.32
19367,6,11,-36.47
19368,8,5,-35.62
19370,11,0,-34.77
19371,16,12,-35.97
19372,23,-3,-35.17
19373,32,-32,-34.37
19375,42,-24,-33.57
19376,55,-12,-33.78
19377,72,-6,-32.99
19378,90,-7,-32.2
19380,110,36,-31.41
19381,135,20,-33.64
19382,164,9,-32.87
19383,195,-11,-32.1
19385,228,-9,-31.33
19386,265,-1,-33.58
19387,304,-10,-32.83
19388,345,-12,-32.08
19390,387,-6,-31.33
19391,427,0,-35.58
19392,466,7,-34.83
19393,502,-3,-34.08
19395,537,-7,-33.33
19396,566,2,-34.59
19397,592,8,-33.85
19398,615,5,-33.11
19400,633,0,-32.37
19401,646,4,-33.64
19402,655,-1,-32.91
19403,659,1,-32.18
19405,660,-10,-31.45
19406,654,3,-31.76
19407,643,2,-31.07
19408,626,-2,-30.38
19410,607,2,-29.69
19411,581,1,-31.04
19412,551,-8,-30.39
19413,516,2,-29.74
19415,480,1,-29.09
19416,441,5,-33.42
19417,401,5,-32.75
19418,360,4,-32.08
19420,319,3,-31.41
19421,279,4,-30.76
19422,239,2,-30.11
19423,200,-3,-29.46
19425,162,-11,-28.81
19426,126,-8,-32.15
19427,91,7,-31.49
19428,58,2,-30.83
19430,27,4,-30.17
19431,-1,2,-30.54
19432,-28,5,-29.91
19433,-53,3,-29.28
19435,-77,-1,-28.65
19436,-98,-1,-29.05
19437,-117,-1,-28.45
19438,-134,0,-27.85
19440,-149,-5,-27.25
19441,-162,2,-32.57
19442,-174,2,-31.89
19443,-184,1,-31.21
19445,-193,2,-30.53
19446,-200,6,-31.91
19447,-206,-3,-31.29
19448,-211,-1,-30.67
19450,-214,-1,-30.08
19451,-217,1,-29.49
19452,-219,2,-28.9
19453,-221,38,-28.31
19455,-221,16,-29.7
19456,-221,17,-29.13
19457,-221,8,-28.56
19458,-220,-2,-27.99
19460,-219,-15,-32.37
19461,-217,-24,-31.77
19462,-215,-30,-31.17
19463,-212,-24,-30.57
19465,-209,-10,-30.96
19466,-206,-9,-30.37
19467,-202,29,-29.78
19468,-198,24,-29.19
19470,-194,25,-28.6
19471,-190,18,-31.97
19472,-186,25,-31.34
19473,-183,5,-30.71
19475,-179,-1,-30.08
19476,-176,-11,-29.49
19477,-172,-32,-28.9
19478,-169,-29,-28.31
19480,-167,-23,-27.72
19481,-164,-9,-30.13
19482,-161,22,-29.54
19483,-158,24,-28.95
19485,-155,18,-28.36
19486,-153,20,-28.77
19487,-150,11,-28.18
19488,-148,4,-27.59
19490,-146,-6,-27
19491,-143,-6,-28.42
19492,-141,-28,-27.84
19493,-140,-24,-27.26
19495,-138,-20,-26.68
19496,-136,-13,-33.05
19497,-135,15,-32.42
19498,-133,21,-31.79
19500,-132,18,-31.16
19501,-130,25,-27.57
19502,-129,-20,-26.98
19503,-128,-19,-26.39
19505,-127,-10,-25.8
19506,-126,-12,-33.16
19507,-126,-5,-32.52
19508,-125,-2,-31.88
19510,-124,-3,-31.24
19511,-124,8,-29.64
19512,-123,4,-29.04
19513,-123,0,-28.44
19515,-122,-2,-27.84
19516,-122,3,-29.27
19517,-122,4,-28.7
19518,-122,3,-28.13
19520,-121,-8,-27.56
19521,-121,4,-32.95
19522,-120,2,-32.34
19523,-120,1,-31.73
19525,-119,3,-31.12
19526,-119,1,-32.51
19527,-118,3,-31.9
19528,-117,3,-31.29
19530,-116,-4,-30.68
19531,-115,0,-31.07
19532,-115,-3,-30.46
19533,-114,0,-29.85
19535,-113,0,-29.24
19536,-113,-5,-31.62
19537,-112,2,-31
19538,-112,1,-30.38
19540,-111,2,-29.76
19541,-111,3,-31.17
19542,-111,-3,-30.58
19543,-111,1,-29.99
19545,-111,1,-29.4
19546,-110,-7,-32.77
19547,-110,2,-32.14
19548,-110,0,-31.51
19550,-110,4,-30.88
19551,-110,2,-33.26
19552,-110,3,-32.64
19553,-109,1,-32.02
19555,-109,-2,-31.4
19556,-109,0,-32.77
19557,-109,1,-32.14
19558,-109,1,-31.51
19560,-109,-8,-30.88
19561,-109,2,-34.22
19562,-110,-2,-33.56
19563,-110,4,-32.9
19565,-110,2,-32.24
19566,-110,2,-33.62
19567,-110,0,-33
19568,-110,-7,-32.38
19570,-110,0,-31.76
19571,-110,3,-33.14
19572,-110,1,-32.52
19573,-110,0,-31.9
19575,-109,34,-31.28
19576,-109,22,-30.66
19577,-109,14,-30.04
19578,-109,14,-29.42
19580,-109,9,-28.82
19581,-109,-5,-31.19
19582,-109,-17,-30.56
19583,-108,-28,-29.93
19585,-108,-15,-29.35
19586,-108,-17,-29.76
19587,-108,6,-29.17
19588,-108,14,-28.58
19590,-108,18,-28.99
19591,-108,9,-28.4
19592,-108,8,-27.81
19593,-109,5,-27.22
19595,-109,-3,-26.63
19596,-110,-12,-26.08
19597,-110,-30,-25.53
19598,-111,-15,-24.98
19600,-111,-6,-21.46
19601,-112,-1,-20.94
19602,-113,24,-20.42
19603,-113,28,-19.9
19605,-114,21,-19.38
19606,-114,19,-16.91
19607,-115,8,-16.44
19608,-115,-2,-15.97
19610,-115,4,-15.5
19611,-115,-7,-14.05
19612,-115,-18,-13.6
19613,-115,-33,-13.15
19615,-115,-19,-12.7
19616,-115,-18,-3.36
19617,-114,14,-3.02
19618,-113,26,-2.68
19620,-113,17,-2.34
19621,-112,17,-0.09
19622,-111,21,0.16
19623,-110,7,0.41
19625,-109,0,0.66
19626,-108,3,8.86
19627,-107,-22,9.06
19628,-107,-25,9.26
19630,-107,-21,9.46
19631,-106,-10,15.52
19632,-107,-4,15.58
19633,-107,-7,15.64
19635,-107,-3,15.7
19636,-107,0,25.67
19637,-108,2,25.64
19638,-108,6,25.61
19640,-109,-2,25.58
19641,-109,3,33.45
19642,-110,2,33.32
19643,-110,-1,33.19
19645,-110,3,33.06
19646,-110,1,40.79
19647,-110,-1,40.52
19648,-110,3,40.25
19650,-110,1,39.98
19651,-110,-1,50.58
19652,-110,2,50.18
19653,-110,1,49.78
19655,-110,1,49.38
19656,-109,2,60.85
19657,-109,3,60.32
19658,-109,-2,59.79
19660,-108,-4,59.26
19661,-108,0,65.63
19662,-107,-5,65
19663,-106,4,64.37
19665,-105,4,63.74
19666,-103,0,72.99
19667,-102,3,72.24
19668,-100,-2,71.49
19670,-98,0,70.74
19671,-95,3,80.84
19672,-93,-5,79.94
19673,-90,0,79.04
19675,-87,-1,78.14
19676,-84,-4,90.08
19677,-81,3,89.02
19678,-78,-1,87.96
19680,-75,3,86.9
19681,-71,0,91.76
19682,-68,3,90.62
19683,-64,8,89.48
19685,-60,0,88.34
19686,-57,-8,98.05
19687,-53,-2,96.76
19688,-50,-4,95.47
19690,-46,3,94.18
19691,-43,0,98.81
19692,-39,2,97.44
19693,-36,-1,96.07
19695,-33,37,94.7
19696,-30,32,105.19
19697,-27,24,103.68
19698,-24,6,102.17
19700,-21,8,100.66
19701,-18,-4,107.07
19702,-15,-13,105.48
19703,-12,-28,103.89
19705,-10,-25,102.3
19706,-7,-11,107.61
19707,-5,9,105.92
19708,-3,15,104.23
19710,-1,10,109.47
19711,0,4,107.7
19712,2,3,105.93
19713,3,1,115.05
19715,5,-6,113.16
19716,6,-8,111.27
19717,7,-27,109.38
19718,8,-24,107.49
19720,9,-13,110.55
19721,10,0,108.61
19722,11,43,106.67
19723,11,22,104.73
19725,12,6,102.82
19726,13,8,108.83
19727,14,17,106.84
19728,14,0,104.85
19730,15,-4,102.86
19731,16,-1,104.85
19732,16,-12,102.84
19733,17,-18,100.83
19735,17,-20,98.82
19736,17,-15,104.74
19737,16,6,102.66
19738,16,21,100.58
19740,16,21,98.5
19741,15,18,102.45
19742,14,6,100.4
19743,14,7,98.35
19745,13,-6,96.3
19746,12,-5,98.23
19747,12,-11,96.16
19748,11,-31,94.09
19750,11,-22,92.02
19751,10,-20,95.97
19752,10,-5,93.92
19753,9,6,91.87
19755,9,31,91.8
19756,8,35,89.79
19757,7,14,87.78
19758,6,-23,85.77
19760,5,-11,88.71
19761,4,-15,86.75
19762,3,-14,84.79
19763,2,-8,82.83
19765,0,-4,82.85
19766,0,3,80.95
19767,-1,6,79.05
19768,-2,4,77.15
19770,-4,-1,77.23
19771,-5,-2,75.39
19772,-6,3,73.55
19773,-7,6,71.71
19775,-8,3,70.86
19776,-9,2,69.12
19777,-10,0,67.38
19778,-11,5,65.64
19780,-12,1,65.88
19781,-13,1,64.24
19782,-14,-5,62.6
19783,-15,-1,60.96
19785,-16,2,62.29
19786,-17,1,60.69
19787,-18,2,59.09
19788,-19,6,57.49
19790,-20,4,53.91
19791,-22,1,52.43
19792,-23,-3,50.95
19793,-25,-6,49.47
19795,-26,0,48.98
19796,-28,0,47.6
19797,-29,2,46.22
19798,-31,2,44.84
19800,-33,1,39.5
19801,-34,2,38.29
19802,-36,-2,37.08
19803,-38,-6,35.87
19805,-39,2,31.69
19806,-40,4,30.57
19807,-42,-10,29.45
19808,-43,2,28.33
19810,-44,-1,25.23
19811,-46,2,24.24
19812,-48,6,23.25
19813,-49,4,22.26
19815,-51,-2,20.28
19816,-53,-4,19.36
19817,-55,1,18.44
19818,-57,1,17.52
19820,-59,0,8.68
19821,-61,-1,7.96
19822,-64,-8,7.24
19823,-66,0,6.52
19825,-68,5,4.81
19826,-70,5,4.18
19827,-73,4,3.55
19828,-75,36,2.92
19830,-78,34,-2.66
19831,-80,22,-3.17
19832,-83,7,-3.68
19833,-85,0,-4.19
19835,-87,-1,-7.6
19836,-89,-1,-8.01
19837,-91,-38,-8.42
19838,-92,-31,-8.72
19840,-93,-21,-11.99
19841,-94,-13,-12.26
19842,-94,29,-12.53
19843,-94,33,-12.8
19845,-93,8,-20.94
19846,-92,1,-21.08
19847,-90,1,-21.22
19848,-88,-4,-28.29
19850,-85,-4,-28.36
19851,-82,-16,-28.35
19852,-79,-25,-28.34
19853,-75,-22,-28.33
19855,-71,-8,-33.27
19856,-68,-7,-33.17
19857,-64,32,-33.07
19858,-60,22,-32.97
19860,-56,17,-37.82
19861,-52,11,-37.59
19862,-48,8,-37.36
19863,-44,3,-37.13
19865,-40,8,-41.85
19866,-36,-4,-41.51
19867,-32,-27,-41.17
19868,-28,-18,-40.83
19870,-25,-15,-42.47
19871,-22,-11,-42.07
19872,-19,30,-41.67
19873,-16,23,-41.27
19875,-13,16,-46.81
19876,-11,1,-46.29
19877,-8,8,-45.77
19878,-6,-39,-45.25
19880,-4,-13,-51.64
19881,-2,-9,-51.03
19882,0,-7,-50.42
19883,1,-6,-49.81
19885,3,0,-52.12
19886,4,1,-51.43
19887,6,2,-50.74
19888,7,-3,-50.05
19890,9,0,-52.31
19891,10,-1,-51.57
19892,11,6,-50.83
19893,12,8,-50.09
19895,13,8,-51.31
19896,13,1,-50.53
19897,14,3,-49.75
19898,15,-5,-48.97
19900,15,7,-55.11
19901,16,-2,-54.25
19902,16,-3,-53.39
19903,17,-1,-52.53
19905,17,1,-53.63
19906,18,1,-52.73
19907,19,-1,-51.83
19908,19,-8,-50.93
19910,20,5,-54.95
19911,21,-1,-53.97
19912,21,-1,-52.99
19913,22,2,-52.01
19915,22,0,-53.03
19916,23,3,-52.05
19917,23,3,-51.07
19918,23,-8,-50.09
19920,23,5,-55.04
19921,24,8,-53.99
19922,24,3,-52.94
19923,24,2,-51.89
19925,24,0,-53.85
19926,25,-1,-52.81
19927,25,-3,-51.77
19928,25,-5,-50.73
19930,25,-8,-53.68
19931,24,4,-52.63
19932,23,7,-51.58
19933,22,3,-50.53
19935,21,2,-50.49
19936,19,0,-49.45
19937,17,3,-48.41
19938,15,-6,-47.37
19940,13,3,-48.32
19941,12,-2,-47.27
19942,10,2,-46.22
19943,8,3,-45.17
19945,6,3,-47.17
19946,5,1,-46.17
19947,3,40,-45.17
19948,1,32,-44.17
19950,0,6,-46.15
19951,-1,10,-45.13
19952,-3,-6,-44.11
19953,-5,-7,-49.03
19955,-6,-4,-48
19956,-8,-28,-46.97
19957,-9,-31,-45.94
19958,-11,-22,-46.89
19960,-12,-15,-45.87
19961,-13,-2,-44.85
19962,-13,36,-43.83
19963,-14,17,-42.81
19965,-15,22,-40.83
19966,-15,17,-39.85
19967,-15,6,-38.87
19968,-15,9,-37.89
19970,-16,-23,-43.92
19971,-16,-32,-42.95
19972,-17,-17,-41.98
19973,-18,-12,-41.08
19975,-20,-4,-40.18
19976,-22,-4,-39.28
19977,-23,36,-38.38
19978,-26,28,-37.48
19980,-26,17,-38.61
19981,-25,11,-37.74
19982,-22,1,-36.87
19983,-19,0,-36
19985,-13,3,-36.17
19986,-6,-2,-35.34
19987,2,-18,-34.51
19988,12,-25,-33.68
19990,26,-16,-34.88
19991,43,-15,-34.08
19992,63,16,-33.28
19993,84,19,-32.48
19995,110,22,-34.67
19996,140,17,-33.86
19997,172,5,-33.05
19998,207,3,-32.24
20000,246,-4,-34.46
20001,287,-34,-33.68
20002,330,-27,-32.9
20003,374,-15,-32.12
20005,417,-15,-33.39
20006,458,-3,-32.66
20007,497,-8,-31.93
20008,534,4,-31.2
20010,566,10,-33.47
20011,595,1,-32.74
20012,619,-2,-32.01
20013,640,10,-31.28
20015,655,2,-29.59
20016,665,4,-28.9
20017,670,6,-28.21
20018,670,0,-27.52
20020,664,3,-28.83
20021,652,2,-28.14
20022,635,-1,-27.45
20023,615,0,-26.76
20025,587,7,-27.13
20026,556,-6,-26.5
20027,520,-3,-25.87
20028,481,5,-25.24
20030,441,4,-29.58
20031,399,-7,-28.92
20032,357,-9,-28.26
20033,315,-4,-27.6
20035,273,-2,-26.99
20036,231,5,-26.38
20037,191,-4,-25.77
20038,151,-3,-25.16
20040,114,6,-27.54
20041,77,5,-26.92
20042,43,4,-26.3
20043,10,3,-25.68
20045,-19,4,-25.12
20046,-47,5,-24.56
20047,-73,3,-24
20048,-97,-6,-23.44
20050,-119,3,-26.87
20051,-139,3,-26.3
20052,-156,2,-25.73
20053,-172,1,-25.16
20055,-186,3,-24.63
20056,-198,-10,-24.1
20057,-208,-11,-23.57
20058,-216,2,-23.04
20060,-223,4,-24.5
20061,-229,1,-23.96
20062,-233,7,-23.42
20063,-236,6,-22.88
20065,-239,1,-22.36
20066,-240,0,-21.84
20067,-241,21,-21.32
20068,-241,21,-20.8
20070,-241,14,-26.25
20071,-239,11,-25.7
20072,-238,7,-27.13
20073,-235,4,-26.56
20075,-233,-1,-26.02
20076,-230,-41,-25.48
20077,-226,-18,-24.94
20078,-223,-14,-25.45
20080,-219,-13,-24.96
20081,-216,-8,-24.47
20082,-212,36,-23.98
20083,-209,24,-23.51
20085,-205,27,-23.04
20086,-202,26,-22.57
20087,-198,11,-22.1
20088,-194,8,-21.63
20090,-191,1,-25.11
20091,-187,-10,-24.59
20092,-184,-23,-24.07
20093,-181,-32,-23.55
20095,-178,-22,-25.08
20096,-175,-17,-24.61
20097,-172,6,-24.14
20098,-170,30,-23.67
20100,-167,21,-26.17
20101,-165,10,-25.67
20102,-162,13,-25.17
20103,-160,5,-24.67
20105,-158,0,-26.17
20106,-156,-3,-25.67
20107,-153,-20,-25.17
20108,-151,-28,-24.67
20110,-149,-23,-30.12
20111,-147,-14,-29.57
20112,-144,16,-29.02
20113,-142,26,-28.47
20115,-140,14,-25.96
20116,-138,15,-25.45
20117,-136,9,-24.94
20118,-134,-1,-24.43
20120,-132,5,-25.93
20121,-131,-8,-25.43
20122,-129,-11,-24.93
20123,-128,-28,-24.43
20125,-126,-22,-27.92
20126,-125,-8,-27.41
20127,-124,-7,-26.9
20128,-123,27,-26.39
20130,-122,27,-28.87
20131,-122,28,-28.35
20132,-121,-17,-27.83
20133,-120,-17,-27.31
20135,-120,-8,-25.83
20136,-120,-13,-25.35
20137,-119,-13,-24.87
20138,-119,-9,-24.39
20140,-119,-7,-27.86
20141,-119,4,-27.33
20142,-118,1,-26.8
20143,-118,-5,-26.27
20145,-118,-2,-30.71
20146,-117,3,-30.15
20147,-117,2,-29.59
20148,-116,9,-29.03
20150,-116,-2,-29.47
20151,-115,4,-28.91
20152,-115,3,-28.35
20153,-115,1,-27.79
20155,-115,2,-30.25
20156,-115,-1,-29.71
20157,-115,5,-29.17
20158,-115,2,-28.63
20160,-115,4,-32.05
20161,-115,2,-31.47
20162,-115,2,-30.89
20163,-115,-1,-30.31
20165,-115,0,-28.77
20166,-114,1,-28.23
20167,-114,-4,-27.69
20168,-113,0,-27.15
20170,-113,2,-31.56
20171,-112,-2,-30.97
20172,-111,1,-30.38
20173,-111,-2,-29.79
20175,-111,1,-32.21
20176,-110,-3,-31.63
20177,-110,5,-31.05
20178,-109,2,-30.47
20180,-109,1,-31.87
20181,-108,1,-31.27
20182,-108,-1,-30.67
20183,-108,-8,-30.07
20185,-107,4,-31.47
20186,-107,3,-30.87
20187,-107,-1,-30.27
20188,-107,2,-29.67
20190,-107,3,-30.06
20191,-107,0,-29.45
20192,-107,-2,-28.84
20193,-107,3,-28.23
20195,-107,1,-30.65
20196,-107,-1,-30.07
20197,-107,-2,-29.51
20198,-107,-1,-28.95
20200,-108,4,-29.38
20201,-108,2,-28.81
20202,-108,-4,-28.24
20203,-108,2,-27.68
20205,-108,40,-27.12
20206,-109,26,-26.56
20207,-108,16,-26
20208,-108,10,-25.44
20210,-108,8,-24.88
20211,-108,7,-24.32
20212,-107,-23,-23.76
20213,-106,-33,-23.2
20215,-105,-24,-23.67
20216,-105,-18,-23.14
20217,-104,15,-22.61
20218,-103,17,-22.08
20220,-103,12,-16.62
20221,-102,3,-16.16
20222,-102,-7,-12.73
20223,-101,-4,-12.3
20225,-101,5,-11.9
20226,-101,-27,-11.5
20227,-101,-26,-11.1
20228,-101,-17,-0.8
20230,-101,-15,-0.52
20231,-101,-6,-0.24
20232,-102,30,0.04
20233,-102,26,3.29
20235,-103,21,3.48
20236,-103,18,3.67
20237,-104,12,3.86
20238,-104,4,4.05
20240,-105,4,11.19
20241,-105,-5,11.33
20242,-105,-21,11.47
20243,-106,-36,11.61
20245,-106,-17,19.65
20246,-106,-6,19.69
20247,-106,12,19.73
20248,-106,21,19.77
20250,-106,18,26.7
20251,-106,20,26.63
20252,-106,9,26.56
20253,-106,-22,36.39
20255,-106,-27,36.19
20256,-106,-16,35.99
20257,-106,-4,35.79
20258,-106,-5,47.47
20260,-106,-3,47.16
20261,-106,-1,46.85
20262,-106,5,46.54
20263,-106,10,56.13
20265,-107,4,55.68
20266,-107,1,55.23
20267,-108,4,54.78
20268,-108,3,64.23
20270,-108,-19,63.63
20271,-109,-1,63.03
20272,-109,6,62.43
20273,-109,0,72.72
20275,-109,4,72
20276,-108,6,71.28
20277,-108,7,70.56
20278,-107,-1,79.74
20280,-106,0,78.89
20281,-105,-6,78.04
20282,-104,-1,77.19
20283,-102,-10,88.22
20285,-100,-12,87.21
20286,-98,6,86.2
20287,-96,7,85.19
20288,-93,2,93.09
20290,-90,5,92
20291,-87,5,90.91
20292,-84,38,89.82
20293,-81,24,98.63
20295,-77,16,97.39
20296,-74,13,96.15
20297,-70,3,94.91
20298,-67,3,105.55
20300,-64,-3,104.16
20301,-61,-6,102.77
20302,-58,-9,101.38
20303,-55,-31,107.91
20305,-51,-27,106.42
20306,-48,-12,104.93
20307,-45,-7,103.44
20308,-42,-6,109.87
20310,-39,3,108.28
20311,-37,5,106.69
20312,-34,7,105.1
20313,-31,4,117.37
20315,-29,1,115.63
20316,-27,4,113.89
20317,-25,-11,112.15
20318,-23,-3,113.38
20320,-21,4,111.58
20321,-19,2,109.78
20322,-18,-7,107.98
20323,-16,-7,117.07
20325,-15,2,115.15
20326,-13,5,113.23
20327,-12,5,111.31
20328,-10,9,114.34
20330,-9,5,112.37
20331,-8,2,110.4
20332,-6,1,108.43
20333,-5,3,116.36
20335,-4,-1,114.29
20336,-4,1,112.22
20337,-3,1,110.15
20338,-3,0,115.01
20340,-3,-2,112.86
20341,-3,24,110.71
20342,-3,26,108.56
20343,-3,16,111.36
20345,-3,16,109.21
20346,-3,6,107.06
20347,-3,6,104.94
20348,-4,-23,105.79
20350,-4,-24,103.64
20351,-4,-18,101.49
20352,-5,-20,99.34
20353,-5,10,103.23
20355,-6,5,101.12
20356,-7,7,99.01
20357,-8,16,100.86
20358,-9,3,98.74
20360,-11,-1,96.62
20361,-12,-28,94.5
20362,-13,-16,96.34
20363,-14,-14,94.18
20365,-14,-7,92.09
20366,-15,-4,90
20367,-16,35,87.91
20368,-17,25,91.76
20370,-17,26,89.69
20371,-18,9,87.62
20372,-19,11,85.55
20373,-19,6,88.43
20375,-20,1,86.38
20376,-21,-7,84.33
20377,-21,-2,82.28
20378,-22,-22,82.31
20380,-23,-24,80.34
20381,-24,-15,78.37
20382,-25,-7,76.4
20383,-26,-9,73.56
20385,-27,-9,71.72
20386,-28,1,69.88
20387,-29,2,68.04
20388,-30,6,69.27
20390,-31,0,67.5
20391,-32,0,65.73
20392,-33,2,63.96
20393,-34,7,63.28
20395,-36,1,61.6
20396,-37,2,59.92
20397,-38,4,58.24
20398,-39,-1,55.68
20400,-41,-11,54.12
20401,-42,2,52.56
20402,-44,3,51
20403,-45,3,51.52
20405,-46,0,50.04
20406,-47,5,48.56
20407,-48,8,47.08
20408,-50,0,42.75
20410,-51,-1,41.42
20411,-52,-2,40.09
20412,-54,0,38.76
20413,-56,-5,41.48
20415,-57,-10,40.2
20416,-59,1,38.92
20417,-61,9,37.64
20418,-63,0,29.53
20420,-65,2,28.42
20421,-67,2,27.31
20422,-69,0,26.2
20423,-71,2,24.22
20425,-73,-2,23.24
20426,-75,0,22.26
20427,-77,1,21.28
20428,-79,-1,15.43
20430,-81,1,14.58
20431,-83,2,13.73
20432,-85,-1,12.88
20433,-87,4,9.14
20435,-89,1,8.4
20436,-91,-5,7.66
20437,-94,0,6.92
20438,-96,0,2.36
20440,-98,1,1.8
20441,-100,3,1.24
20442,-102,2,0.68
20443,-105,2,-6.78
20445,-107,42,-7.24
20446,-110,24,-7.7
20447,-112,21,-8.16
20448,-114,10,-12.47
20450,-117,3,-12.78
20451,-119,5,-13.09
20452,-121,6,-13.4
20453,-123,-38,-21.58
20455,-125,-18,-21.76
20456,-127,-22,-21.94
20457,-128,-15,-22.12
20458,-129,13,-27.15
20460,-129,15,-27.18
20461,-129,-7,-27.21
20462,-128,4,-36.15
20463,-127,2,-36.02
20465,-124,4,-35.89
20466,-122,-18,-35.76
20467,-119,-28,-41.57
20468,-115,-18,-41.33
20470,-112,-10,-41.09
20471,-108,-3,-40.85
20472,-104,32,-40.61
20473,-100,31,-43.31
20475,-96,18,-43.01
20476,-93,18,-42.71
20477,-89,9,-42.41
20478,-85,3,-49.97
20480,-82,2,-49.53
20481,-78,-5,-49.09
20482,-74,-1,-48.61
20483,-70,-26,-52.09
20485,-67,-22,-51.57
20486,-63,-18,-51.05
20487,-60,-14,-50.49
20488,-56,24,-54.88
20490,-53,19,-54.27
20491,-50,21,-53.66
20492,-47,9,-53.05
20493,-45,1,-58.32
20495,-42,-1,-57.59
20496,-40,0,-56.86
20497,-38,-1,-56.13
20498,-35,-24,-62.28
20500,-33,-16,-61.43
20501,-32,-23,-60.58
20502,-30,-8,-59.73
20503,-28,-9,-61.83
20505,-26,23,-60.93
20506,-24,19,-60.03
20507,-22,21,-59.13
20508,-20,-17,-61.21
20510,-17,-8,-60.29
20511,-15,-11,-59.37
20512,-13,-1,-58.45
20513,-12,-7,-63.44
20515,-10,-7,-62.43
20516,-9,-3,-61.42
20517,-8,1,-60.41
20518,-8,5,-65.33
20520,-7,5,-64.25
20521,-7,5,-63.17
20522,-7,5,-62.09
20523,-7,2,-62.01
20525,-6,5,-60.93
20526,-6,-1,-59.85
20527,-6,4,-58.77
20528,-6,1,-59.65
20530,-5,4,-58.53
20531,-5,2,-57.41
20532,-5,0,-56.29
20533,-5,2,-59.16
20535,-5,3,-58.03
20536,-5,1,-56.9
20537,-5,-11,-55.77
20538,-6,2,-60.54
20540,-6,7,-59.31
20541,-7,5,-58.08
20542,-7,-1,-56.85
20543,-7,0,-56.68
20545,-8,0,-55.51
20546,-8,2,-54.34
20547,-9,3,-53.17
20548,-10,0,-54.98
20550,-11,-2,-53.79
20551,-12,-1,-52.6
20552,-14,-2,-51.41
20553,-16,1,-54.23
20555,-18,6,-53.05
20556,-21,-3,-51.87
20557,-23,-3,-50.69
20558,-25,-3,-54.49
20560,-27,1,-53.29
20561,-30,2,-52.09
20562,-32,-3,-50.89
20563,-33,2,-51.71
20565,-35,4,-50.53
20566,-37,2,-49.35
20567,-38,-2,-48.17
20568,-39,2,-50.03
20570,-40,-1,-48.89
20571,-41,1,-47.75
20572,-42,0,-46.61
20573,-43,-2,-47.49
20575,-44,-2,-46.37
20576,-44,1,-45.25
20577,-44,22,-44.13
20578,-45,32,-48.04
20580,-45,12,-46.95
20581,-45,7,-45.86
20582,-45,3,-46.75
20583,-45,-4,-45.69
20585,-45,-5,-44.63
20586,-44,-21,-43.57
20587,-44,-29,-43.59
20588,-45,-20,-42.61
20590,-46,-9,-41.63
20591,-47,-3,-40.65
20592,-49,25,-45.67
20593,-51,24,-44.69
20595,-53,26,-43.71
20596,-54,21,-42.73
20597,-56,8,-41.75
20598,-57,4,-42.78
20600,-55,1,-41.81
20601,-53,-7,-40.84
20602,-49,-20,-39.87
20603,-43,-30,-42.94
20605,-36,-23,-42.01
20606,-27,-11,-41.08
20607,-17,12,-40.15
20608,-3,21,-41.24
20610,14,13,-40.33
20611,34,8,-39.42
20612,57,11,-38.51
20613,84,12,-40.62
20615,115,4,-39.73
20616,149,-1,-38.84
20617,184,-24,-37.95
20618,223,-21,-41.08
20620,265,-13,-40.21
20621,308,-9,-39.34
20622,352,12,-38.47
20623,394,13,-39.65
20625,433,16,-38.83
20626,471,3,-38.01
20627,505,14,-37.19
20628,536,-29,-38.38
20630,562,-11,-37.57
20631,584,-20,-36.76
20632,603,-8,-35.95
20633,615,-3,-37.15
20635,622,-3,-36.35
20636,623,5,-35.55
20637,620,6,-34.75
20638,609,-4,-37.97
20640,592,3,-37.19
20641,571,6,-36.41
20642,545,4,-35.63
20643,514,4,-38.87
20645,480,0,-38.11
20646,443,5,-37.35
20647,404,3,-36.59
20648,364,-9,-33.86
20650,323,2,-33.13
20651,282,0,-32.4
20652,241,3,-31.67
20653,201,3,-35.91
20655,161,3,-35.15
20656,123,3,-34.39
20657,86,4,-33.63
20658,50,2,-33.9
20660,16,-2,-33.17
20661,-15,0,-32.44
20662,-45,-2,-31.71
20663,-73,-1,-32.03
20665,-99,-1,-31.35
20666,-122,3,-30.67
20667,-144,3,-29.99
20668,-163,2,-33.28
20670,-181,1,-32.57
20671,-196,-1,-31.86
20672,-210,-3,-31.15
20673,-222,0,-31.46
20675,-233,-10,-30.77
20676,-242,3,-30.08
20677,-250,-2,-29.39
20678,-256,1,-32.7
20680,-261,5,-32.01
20681,-265,3,-31.32
20682,-269,0,-30.63
20683,-271,3,-32.96
20685,-272,2,-32.29
20686,-272,2,-31.62
20687,-272,4,-30.95
20688,-271,1,-34.26
20690,-270,-2,-33.57
20691,-268,-10,-32.88
20692,-265,2,-32.19
20693,-263,2,-31.53
20695,-260,2,-30.87
20696,-257,1,-30.21
20697,-253,0,-29.55
20698,-250,28,-33.86
20700,-247,24,-33.17
20701,-243,8,-33.47
20702,-240,1,-32.77
20703,-236,-3,-32.12
20705,-233,3,-31.47
20706,-230,-13,-30.82
20707,-227,-31,-32.17
20708,-224,-20,-31.52
20710,-221,-16,-30.87
20711,-218,-5,-30.22
20712,-216,39,-30.57
20713,-213,25,-29.92
20715,-211,26,-29.27
20716,-208,15,-28.62
20717,-206,7,-28.03
20718,-204,1,-32.39
20720,-202,-37,-31.75
20721,-200,-30,-31.11
20722,-198,-21,-30.47
20723,-196,-15,-32.82
20725,-194,-8,-32.17
20726,-192,0,-31.52
20727,-191,31,-30.87
20728,-189,29,-32.24
20730,-187,18,-31.61
20731,-186,16,-30.98
20732,-184,10,-30.35
20733,-183,2,-34.69
20735,-182,1,-34.03
20736,-181,3,-33.37
20737,-180,-23,-32.71
20738,-179,-27,-34.06
20740,-178,-20,-33.41
20741,-177,-16,-32.76
20742,-176,12,-32.11
20743,-176,23,-35.46
20745,-175,21,-34.81
20746,-174,15,-34.16
20747,-173,8,-33.51
20748,-173,5,-33.87
20750,-172,7,-33.23
20751,-172,1,-32.59
20752,-171,-38,-39.87
20753,-170,-30,-39.17
20755,-170,-14,-38.47
20756,-169,-15,-37.77
20757,-168,-4,-37.07
20758,-167,-4,-36.39
20760,-166,4,-35.71
20761,-165,-3,-35.03
20762,-164,2,-36.33
20763,-163,7,-35.67
20765,-162,5,-35.01
20766,-161,3,-34.35
20767,-160,6,-38.64
20768,-159,2,-37.97
20770,-159,4,-37.3
20771,-158,-1,-36.63
20772,-158,3,-38.93
20773,-158,3,-38.21
20775,-157,1,-37.49
20776,-157,-2,-36.77
20777,-157,4,-41
20778,-157,1,-40.28
20780,-157,2,-39.56
20781,-157,1,-38.84
20782,-156,2,-40.1
20783,-156,-5,-39.37
20785,-156,2,-38.64
20786,-156,2,-37.91
20787,-155,0,-44.11
20788,-155,2,-43.32
20790,-155,-7,-42.53
20791,-155,-3,-41.74
20792,-155,4,-40.95
20793,-155,1,-40.2
20795,-155,1,-39.45
20796,-155,-7,-38.7
20797,-155,7,-43.89
20798,-155,6,-43.09
20800,-155,1,-42.29
20801,-155,-1,-41.49
20802,-155,1,-42.67
20803,-155,2,-41.89
20805,-154,1,-41.11
20806,-154,-1,-40.33
20807,-154,2,-43.51
20808,-153,1,-42.72
20810,-153,2,-41.93
20811,-152,0,-41.14
20812,-152,-1,-41.34
20813,-152,2,-40.58
20815,-152,-3,-39.82
20816,-152,-2,-39.06
20817,-151,43,-44.24
20818,-151,27,-43.42
20820,-151,11,-42.6
20821,-151,-2,-41.78
20822,-151,-1,-38.98
20823,-150,-5,-38.23
20825,-150,-5,-37.48
20826,-150,-20,-38.72
20827,-150,-22,-37.96
20828,-150,-17,-37.2
20830,-150,-9,-36.44
20831,-151,-5,-35.68
20832,-151,36,-35.93
20833,-151,23,-35.18
20835,-152,20,-34.43
20836,-152,15,-33.68
20837,-152,7,-33.93
20838,-153,4,-33.18
20840,-153,-4,-32.43
20841,-153,-6,-31.68
20842,-153,-27,-28.95
20843,-153,-29,-28.27
20845,-153,-21,-27.59
20846,-153,-17,-26.91
20847,-153,28,-23.26
20848,-153,30,-22.64
20850,-153,11,-22.02
20851,-153,16,-21.4
20852,-153,0,-17.81
20853,-153,3,-17.24
20855,-153,2,-16.67
20856,-153,-5,-16.1
20857,-153,-33,-8.6
20858,-154,-25,-8.15
20860,-154,-14,-7.7
20861,-154,-13,-7.25
20862,-154,33,-1.85
20863,-154,26,-1.47
20865,-154,20,-1.09
20866,-154,16,-0.71
20867,-154,10,6.6
20868,-154,1,6.87
20870,-154,-2,7.14
20871,-154,-11,7.41
20872,-154,-28,15.6
20873,-155,-20,15.78
20875,-155,-20,15.96
20876,-155,-16,16.14
20877,-156,25,20.2
20878,-156,18,20.26
20880,-156,-12,20.32
20881,-156,-10,20.38
20882,-156,-11,29.35
20883,-156,-4,29.32
20885,-155,-13,29.29
20886,-155,-7,29.26
20887,-154,1,42.08
20888,-154,6,41.9
20890,-153,6,41.72
20891,-152,5,41.54
20892,-151,3,47.25
20893,-151,8,46.96
20895,-150,3,46.67
20896,-149,4,46.38
20897,-148,-5,54.97
20898,-147,2,54.56
20900,-146,0,54.15
20901,-144,1,53.74
20902,-143,1,61.2
20903,-140,-11,60.66
20905,-138,4,60.12
20906,-135,6,59.58
20907,-132,4,69.91
20908,-129,2,69.24
20910,-126,2,68.57
20911,-122,3,67.9
20912,-119,3,74.09
20913,-115,-9,73.28
20915,-111,-10,72.47
20916,-108,5,71.66
20917,-104,1,79.76
20918,-101,-12,78.86
20920,-97,0,77.96
20921,-94,3,77.06
20922,-90,5,86
20923,-87,4,84.94
20925,-84,2,83.88
20926,-81,0,82.82
20927,-78,-5,88.67
20928,-75,-8,87.52
20930,-73,-3,86.37
20931,-70,-2,85.22
20932,-67,6,92.94
20933,-65,6,91.66
20935,-62,7,90.38
20936,-60,8,89.1
20937,-58,6,93.75
20938,-56,3,92.4
20940,-54,1,91.05
20941,-52,-1,89.7
20942,-50,0,98.19
20943,-48,-13,96.68
20945,-46,0,95.17
20946,-44,2,93.66
20947,-42,1,97.12
20948,-41,1,95.58
20950,-39,6,94.04
20951,-38,3,92.48
20952,-37,38,100.82
20953,-36,22,99.16
20955,-36,18,97.5
20956,-36,8,100.79
20957,-36,0,99.07
20958,-36,-4,97.35
20960,-37,-2,95.63
20961,-37,-35,97.87
20962,-37,-29,96.1
20963,-37,-18,94.33
20965,-38,-14,92.56
20966,-38,-4,90.79
20967,-38,37,94.98
20968,-38,22,93.17
20970,-39,26,91.36
20971,-39,13,89.55
20972,-39,7,92.72
20973,-40,5,90.89
20975,-40,-6,89.06
20976,-40,-7,87.23
20977,-41,-34,92.36
20978,-41,-25,90.49
20980,-41,-13,88.62
20981,-42,-11,86.75
20982,-42,25,89.9
20983,-42,27,88.05
20985,-42,14,86.2
20986,-43,18,84.35
20987,-43,15,84.53
20988,-44,6,82.71
20990,-45,1,80.89
20991,-46,-9,79.07
20992,-47,-31,85.24
20993,-48,-31,83.41
20995,-48,-21,81.58
20996,-49,-10,79.75
20997,-50,27,78.99
20998,-51,23,77.23
21000,-52,25,75.47
21001,-52,-4,73.71
21002,-53,-18,73.97
21003,-54,-14,72.23
21005,-55,-16,70.49
21006,-56,-13,68.75
21007,-57,-7,68.09
21008,-58,1,66.43
21010,-59,-4,64.77
21011,-61,7,63.11
21012,-62,3,64.55
21013,-63,3,62.99
21015,-64,2,61.43
21016,-66,2,59.87
21017,-67,2,56.39
21018,-68,0,54.91
21020,-70,2,53.43
21021,-71,3,51.95
21022,-72,2,50.56
21023,-73,4,49.17
21025,-74,0,47.78
21026,-75,0,46.39
21027,-76,-3,42.11
21028,-77,-1,40.83
21030,-78,2,39.55
21031,-79,0,38.27
21032,-80,1,35.12
21033,-81,1,33.97
21035,-83,-7,32.82
21036,-84,3,31.67
21037,-85,-1,25.64
21038,-87,4,24.61
21040,-88,2,23.58
21041,-90,3,22.55
21042,-91,1,23.59
21043,-93,-1,22.63
21045,-95,39,21.67
21046,-97,18,20.71
21047,-98,15,12.92
21048,-101,13,12.13
21050,-103,1,11.34
21051,-105,3,10.55
21052,-107,-13,6.86
21053,-109,-29,6.17
21055,-112,-22,5.48
21056,-114,-15,4.79
21057,-116,-17,-1.75
21058,-119,-4,-2.29
21060,-121,-2,-2.83
21061,-123,4,-3.37
21062,-126,5,-8.8
21063,-128,1,-9.23
21065,-130,3,-9.66
21066,-132,2,-10.09
21067,-134,-7,-15.37
21068,-135,3,-15.65
21070,-137,0,-15.93
21071,-139,1,-16.21
21072,-140,2,-24.36
21073,-142,-3,-24.51
21075,-143,0,-24.66
21076,-144,5,-24.81
21077,-144,2,-31.79
21078,-144,4,-31.77
21080,-144,4,-31.75
21081,-143,11,-31.68
21082,-142,-1,-36.56
21083,-140,1,-36.44
21085,-138,-1,-36.32
21086,-135,-12,-36.16
21087,-132,25,-42.93
21088,-129,37,-42.7
21090,-125,20,-42.47
21091,-121,8,-42.24
21092,-117,12,-46.9
21093,-113,11,-46.56
21095,-110,-1,-46.22
21096,-106,-4,-45.88
21097,-102,-19,-53.41
21098,-98,-28,-52.94
21100,-95,-23,-52.47
21101,-91,-23,-52
21102,-87,3,-55.42
21103,-84,14,-54.84
21105,-80,18,-54.26
21106,-76,3,-59.62
21107,-73,8,-58.93
21108,-70,7,-58.24
21110,-66,-1,-57.55
21111,-64,-25,-63.79
21112,-61,-37,-63.01
21113,-58,-12,-62.23
21115,-56,-2,-61.45
21116,-54,-8,-63.64
21117,-52,32,-62.75
21118,-50,27,-61.86
21120,-48,24,-60.97
21121,-46,17,-60.08
21122,-44,9,-66.11
21123,-43,3,-65.14
21125,-41,9,-64.17
21126,-40,-5,-63.2
21127,-39,-10,-65.18
21128,-37,-28,-64.16
21130,-36,-27,-63.14
21131,-35,-12,-62.12
21132,-33,-8,-65.05
21133,-32,-8,-63.98
21135,-31,-5,-62.91
21136,-30,3,-61.84
21137,-29,8,-65.69
21138,-28,6,-64.54
21140,-27,-2,-63.39
21141,-26,-1,-62.24
21142,-25,3,-63.09
21143,-23,2,-61.94
21145,-22,1,-60.79
21146,-20,2,-59.64
21147,-18,-1,-62.45
21148,-17,4,-61.26
21150,-16,1,-60.07
21151,-14,-3,-58.88
21152,-13,-10,-60.69
21153,-12,5,-59.5
21155,-11,1,-58.31
21156,-11,2,-57.12
21157,-10,1,-57.93
21158,-10,1,-56.74
21160,-11,4,-55.55
21161,-11,-1,-54.36
21162,-12,-1,-58.17
21163,-12,0,-56.98
21165,-13,-2,-55.79
21166,-15,-1,-54.6
21167,-16,7,-57.35
21168,-18,8,-56.1
21170,-20,-5,-54.85
21171,-22,2,-53.6
21172,-24,1,-57.37
21173,-27,1,-56.14
21175,-29,0,-54.91
21176,-31,1,-53.68
21177,-34,2,-53.47
21178,-36,0,-52.26
21180,-38,1,-51.05
21181,-40,1,-49.84
21182,-42,1,-52.65
21183,-44,0,-51.46
21185,-45,1,-50.27
21186,-46,0,-49.08
21187,-47,4,-47.94
21188,-48,4,-46.8
21190,-49,0,-45.66
21191,-49,-3,-44.52
21192,-49,-1,-46.4
21193,-50,0,-45.28
21195,-50,37,-44.16
21196,-50,28,-43.04
21197,-50,24,-42.99
21198,-49,19,-41.94
21200,-49,4,-40.89
21201,-49,-5,-39.84
21202,-49,-12,-44.8
21203,-49,-34,-43.76
21205,-49,-24,-42.72
21206,-49,-14,-41.68
21207,-49,8,-42.67
21208,-50,14,-41.66
21210,-50,5,-40.65
21211,-52,7,-40.63
21212,-53,2,-39.68
21213,-55,-1,-38.73
21215,-56,1,-42.73
21216,-57,-18,-41.73
21217,-56,-28,-40.78
21218,-55,-11,-39.83
21220,-54,-13,-38.88
21221,-51,-11,-37.93
21222,-46,23,-37.06
21223,-40,27,-36.19
21225,-33,-16,-35.32
21226,-26,9,-34.45
21227,-15,26,-34.61
21228,-3,12,-33.77
21230,10,11,-32.93
21231,26,3,-32.15
21232,46,-21,-36.32
21233,69,-23,-35.49
21235,95,-20,-34.66
21236,122,-14,-33.9
21237,153,17,-35.12
21238,186,26,-34.34
21240,221,19,-33.56
21241,258,18,-32.81
21242,293,11,-37.01
21243,327,8,-36.21
21245,359,5,-35.41
21246,390,1,-34.61
21247,417,-10,-34.87
21248,442,-29,-34.13
21250,464,-20,-33.39
21251,484,-17,-32.65
21252,499,-18,-31.94
21253,511,30,-31.23
21255,519,-11,-30.52
21256,524,27,-29.81
21257,523,21,-33.1
21258,517,3,-32.39
21260,507,-19,-31.68
21261,491,-16,-31.96
21262,470,-14,-31.29
21263,445,-9,-30.62
21265,418,-9,-29.95
21266,388,-2,-29.28
21267,356,1,-32.59
21268,323,2,-31.9
21270,290,1,-31.21
21271,256,2,-29.53
21272,221,2,-28.89
21273,187,-1,-28.25
21275,154,-4,-27.61
21276,121,7,-26.97
21277,90,3,-31.31
21278,59,2,-30.65
21280,30,0,-29.99
21281,3,2,-28.34
21282,-22,1,-27.71
21283,-46,-3,-27.08
21285,-68,-10,-26.45
21286,-89,-5,-28.79
21287,-107,5,-28.18
21288,-124,4,-27.57
21290,-140,2,-26.96
21291,-153,5,-27.34
21292,-166,7,-26.76
21293,-176,4,-26.18
21295,-186,1,-25.6
21296,-194,-10,-27
21297,-200,1,-26.45
21298,-206,0,-25.9
21300,-210,1,-25.35
21301,-213,-4,-27.77
21302,-216,3,-27.2
21303,-217,-6,-26.63
21305,-218,-5,-26.06
21306,-218,3,-24.5
21307,-217,2,-23.98
21308,-216,8,-23.46
21310,-214,3,-22.94
21311,-213,3,-23.41
21312,-210,3,-22.88
21313,-208,1,-22.35
21315,-206,7,-21.82
21316,-203,1,-24.26
21317,-201,-2,-23.73
21318,-198,-3,-23.2
21320,-195,0,-22.67
21321,-193,-2,-22.14
21322,-190,0,-21.62
21323,-187,-3,-21.1
21325,-184,1,-20.58
21326,-180,1,-21.05
21327,-177,3,-20.58
21328,-174,41,-20.11
21330,-171,36,-19.64
21331,-167,27,-22.14
21332,-164,19,-21.66
21333,-161,15,-21.18
21335,-158,-6,-20.7
21336,-155,-6,-22.21
21337,-152,-11,-21.72
21338,-149,-34,-21.23
21340,-146,-30,-20.79
21341,-143,-20,-21.34
21342,-140,-17,-20.89
21343,-138,16,-20.44
21345,-135,14,-19.99
21346,-132,9,-20.53
21347,-129,7,-20.07
21348,-127,-1,-19.61
21350,-124,2,-20.14
21351,-122,-24,-19.67
21352,-120,-21,-19.21
21353,-118,-13,-18.75
21355,-116,-4,-18.29
21356,-114,-9,-17.83
21357,-112,37,-17.42
21358,-110,26,-17.01
21360,-108,22,-16.6
21361,-106,13,-18.17
21362,-104,5,-17.76
21363,-103,3,-17.35
21365,-101,-1,-16.94
21366,-100,-3,-15.54
21367,-98,6,-15.19
21368,-97,-26,-14.84
21370,-95,-22,-14.49
21371,-94,-20,-16.12
21372,-92,-12,-15.76
21373,-90,11,-15.4
21375,-88,19,-15.04
21376,-86,18,-14.68
21377,-85,7,-14.32
21378,-84,-18,-13.96
21380,-83,-20,-13.6
21381,-81,-10,-14.23
21382,-80,-8,-13.9
21383,-79,-12,-13.57
21385,-79,-4,-13.24
21386,-78,7,-13.91
21387,-77,4,-13.58
21388,-76,-7,-13.25
21390,-75,-6,-12.92
21391,-74,5,-12.59
21392,-73,4,-12.3
21393,-72,3,-12.01
21395,-71,5,-11.72
21396,-69,-7,-12.41
21397,-68,-2,-12.1
21398,-67,5,-11.79
21400,-66,10,-11.48
21401,-65,4,-15.13
21402,-65,1,-14.83
21403,-64,1,-14.53
21405,-63,2,-14.23
21406,-62,1,-13.92
21407,-61,-6,-13.61
21408,-61,-16,-13.3
21410,-60,2,-12.99
21411,-60,5,-13.7
21412,-60,14,-13.41
21413,-59,0,-13.12
21415,-59,3,-12.83
21416,-59,2,-12.55
21417,-58,3,-12.27
21418,-58,0,-11.99
21420,-58,-2,-11.71
21421,-57,-3,-10.46
21422,-56,-2,-10.21
21423,-56,2,-9.96
21425,-55,-3,-9.71
21426,-54,-1,-10.48
21427,-53,11,-10.25
21428,-51,0,-10.02
21430,-50,1,-9.79
21431,-49,2,-10.54
21432,-48,-7,-10.29
21433,-47,0,-10.04
21435,-46,1,-9.79
21436,-45,1,-5.59
21437,-44,2,-5.39
21438,-43,1,-5.19
21440,-42,1,-4.99
21441,-41,0,-4.82
21442,-40,0,-4.65
21443,-40,1,-4.48
21445,-39,1,-4.31
21446,-39,-2,-3.15
21447,-38,-2,-2.99
21448,-37,27,-2.83
21450,-37,29,2.28
21451,-36,12,2.38
21452,-36,1,2.48
21453,-35,1,2.58
21455,-35,0,2.68
21456,-34,-23,2.75
21457,-34,-20,2.82
21458,-33,-17,2.89
21460,-33,-12,9.89
21461,-32,-8,9.87
21462,-31,36,9.85
21463,-31,24,9.83
21465,-30,27,9.81
21466,-29,17,14.73
21467,-28,7,14.65
21468,-28,2,14.57
21470,-27,-33,14.49
21471,-26,-25,19.35
21472,-26,-16,19.21
21473,-25,-13,19.07
21475,-25,-10,18.92
21476,-24,-5,29.66
21477,-24,1,29.4
21478,-23,38,29.14
21480,-23,25,28.88
21481,-23,22,36.54
21482,-22,17,36.2
21483,-22,2,35.86
21485,-22,8,35.52
21486,-22,-5,45.06
21487,-21,-1,44.6
21488,-21,-30,44.14
21490,-21,-25,43.68
21491,-21,-29,54.12
21492,-21,-17,53.56
21493,-21,17,53
21495,-21,19,52.44
21496,-21,18,60.77
21497,-22,20,60.1
21498,-23,10,59.43
21500,-23,7,58.76
21501,-24,2,69.97
21502,-25,-39,69.18
21503,-26,-30,68.39
21505,-27,-15,67.6
21506,-27,-9,77.69
21507,-27,-16,76.78
21508,-27,1,75.87
21510,-26,5,74.96
21511,-26,9,84.93
21512,-24,9,83.9
21513,-23,4,82.87
21515,-22,6,81.84
21516,-20,4,93.68
21517,-18,-3,92.52
21518,-16,1,91.36
21520,-14,-8,90.2
21521,-11,2,102.89
21522,-8,-2,101.58
21523,-5,3,100.27
21525,-2,1,98.96
21526,0,4,107.51
21527,3,2,106.06
21528,7,3,104.61
21530,10,2,103.16
21531,13,0,111.61
21532,16,0,110.06
21533,19,4,108.51
21535,22,0,106.96
21536,24,0,119.26
21537,27,-1,117.56
21538,30,2,115.86
21540,33,0,114.16
21541,35,1,119.39
21542,38,2,117.62
21543,41,6,115.85
21545,44,1,114.08
21546,48,0,126.18
21547,51,-1,124.28
21548,54,-2,122.38
21550,57,3,120.48
21551,59,3,129.46
21552,62,-13,127.44
21553,65,10,125.42
21555,68,7,123.4
21556,71,-2,133.25
21557,74,-1,131.1
21558,76,0,128.95
21560,79,2,126.8
21561,81,0,133.6
21562,83,-2,131.4
21563,86,0,129.2
21565,88,0,127
21566,90,1,134.7
21567,91,7,132.4
21568,93,34,130.1
21570,95,18,127.8
21571,96,12,134.42
21572,97,6,132.04
21573,98,2,141.54
21575,99,0,139.09
21576,100,-23,136.64
21577,101,-30,134.19
21578,102,-24,131.74
21580,102,-9,133.25
21581,103,-5,130.76
21582,103,31,128.27
21583,104,31,125.78
21585,104,26,123.36
21586,104,17,131.83
21587,104,13,129.3
21588,104,-5,126.77
21590,104,2,124.24
21591,104,-6,131.66
21592,104,-12,129.08
21593,104,-30,126.5
21595,103,-20,123.92
21596,103,-27,125.35
21597,102,4,122.78
21598,102,30,120.21
21600,101,23,117.64
21601,100,17,121.12
21602,99,15,118.6
21603,98,3,116.08
21605,97,-8,113.56
21606,96,0,120.03
21607,95,-16,117.5
21608,94,-30,114.97
21610,94,-19,112.44
21611,93,-12,112.98
21612,92,11,110.52
21613,91,20,108.06
21615,90,21,105.6
21616,88,13,106.22
21617,87,10,103.84
21618,86,9,101.46
21620,85,5,99.08
21621,83,1,104.71
21622,82,-20,102.34
21623,81,-30,99.97
21625,80,-22,97.6
21626,78,-16,98.32
21627,77,-10,96.04
21628,76,27,93.76
21630,74,18,91.48
21631,73,23,92.28
21632,71,-30,90.08
21633,70,-18,87.88
21635,68,-10,85.68
21636,67,-10,86.56
21637,65,-7,84.44
21638,64,1,82.32
21640,62,2,80.2
21641,61,7,78.21
21642,60,-6,76.22
21643,59,4,74.23
21645,57,5,72.24
21646,56,-13,71.38
21647,55,2,69.52
21648,54,-7,67.66
21650,53,8,65.8
21651,52,-2,62.06
21652,50,-3,60.32
21653,49,4,58.58
21655,48,4,56.84
21656,46,5,54.21
21657,45,4,52.58
21658,43,2,50.95
21660,42,4,49.32
21661,41,-2,48.82
21662,39,0,47.32
21663,38,2,45.82
21665,37,1,44.32
21666,36,2,38.93
21667,34,-4,37.54
21668,33,3,36.15
21670,32,0,34.76
21671,30,1,29.55
21672,28,-4,28.34
21673,26,-12,27.13
21675,24,2,25.92
21676,22,8,20.86
21677,19,1,19.8
21678,16,4,18.74
21680,13,5,17.68
21681,9,2,12.78
21682,6,2,11.88
21683,2,-2,10.98
21685,0,1,10.08
21686,-3,-4,4.32
21687,-7,-1,3.56
21688,-10,3,2.8
21690,-13,-1,2.04
21691,-16,2,-2.58
21692,-18,-7,-3.2
21693,-21,4,-3.82
21695,-23,3,-4.44
21696,-25,2,-9.92
21697,-27,-7,-10.4
21698,-29,-10,-10.76
21700,-30,5,-11.12
21701,-32,10,-15.44
21702,-32,1,-15.76
21703,-32,-1,-16.08
21705,-32,43,-16.36
21706,-31,34,-23.57
21707,-30,25,-23.78
21708,-28,8,-23.99
21710,-25,7,-24.2
21711,-23,-1,-29.25
21712,-19,-19,-29.3
21713,-16,-38,-29.35
21715,-12,-29,-29.4
21716,-9,-31,-33.31
21717,-5,6,-33.22
21718,-1,23,-33.13
21720,2,15,-37.99
21721,6,13,-37.81
21722,9,8,-37.63
21723,13,13,-37.45
21725,17,-2,-37.27
21726,21,-12,-37.03
21727,24,-29,-36.79
21728,28,-16,-36.55
21730,31,-26,-44.23
21731,34,-6,-43.82
21732,37,32,-43.41
21733,40,29,-43
21735,42,15,-42.59
21736,45,16,-42.15
21737,47,15,-41.71
21738,50,12,-41.27
21740,52,1,-40.83
21741,54,-3,-48.28
21742,56,-11,-47.73
21743,59,-24,-47.18
21745,61,-20,-46.63
21746,63,-18,-46
21747,66,5,-45.37
21748,68,13,-44.74
21750,70,11,-44.11
21751,72,14,-48.4
21752,73,13,-47.69
21753,75,-21,-46.98
21755,77,-15,-46.27
21756,78,-12,-51.47
21757,80,-14,-50.67
21758,82,-8,-49.87
21760,83,-6,-49.07
21761,84,0,-50.22
21762,86,3,-49.37
21763,87,0,-48.52
21765,88,-1,-47.67
21766,89,6,-48.8
21767,90,-2,-47.93
21768,90,4,-47.06
21770,91,1,-46.19
21771,91,4,-51.25
21772,91,1,-50.31
21773,91,4,-49.37
21775,91,0,-48.43
21776,91,1,-48.5
21777,90,-2,-47.57
21778,90,3,-46.64
21780,89,-8,-46.7
21781,88,7,-45.77
21782,87,-4,-44.84
21783,86,3,-43.91
21785,85,3,-46.94
21786,84,-1,-45.96
21787,83,1,-44.98
21788,82,3,-44
21790,81,-1,-44.01
21791,79,-1,-43.06
21792,78,3,-42.11
21793,77,2,-41.16
21795,75,2,-42.19
21796,74,1,-41.26
21797,72,2,-40.33
21798,71,2,-39.4
21800,70,-2,-42.43
21801,68,0,-41.5
21802,67,1,-40.57
21803,66,1,-39.64
21805,65,-3,-40.69
21806,64,1,-39.78
21807,63,1,-38.87
21808,63,2,-37.96
21810,62,1,-38.04
21811,61,2,-37.17
21812,60,1,-36.3
21813,59,7,-35.43
21815,59,2,-38.52
21816,58,-1,-37.65
21817,57,-5,-36.78
21818,56,2,-35.91
21820,56,-4,-33.06
21821,55,-2,-32.26
21822,54,0,-31.46
21823,53,2,-30.66
21825,52,21,-34.81
21826,52,22,-34
21827,51,22,-33.19
21828,51,25,-32.38
21830,50,11,-31.57
21831,49,0,-30.83
21832,48,-33,-30.09
21833,46,-29,-29.35
21835,44,-23,-32.57
21836,43,-19,-31.84
21837,41,11,-31.11
21838,40,15,-30.38
21840,41,12,-30.64
21841,43,11,-29.94
21842,46,7,-29.24
21843,52,9,-31.51
21845,60,2,-30.83
21846,70,-16,-30.15
21847,80,-35,-29.47
21848,92,-19,-28.79
21850,108,-17,-26.13
21851,127,-8,-25.47
21852,148,40,-24.81
21853,172,35,-24.15
21855,199,24,-29.51
21856,230,13,-28.87
21857,264,14,-28.23
21858,299,-2,-27.59
21860,337,-8,-29.92
21861,376,-5,-29.25
21862,417,-28,-28.58
21863,458,-31,-27.91
21865,497,-18,-29.22
21866,533,-11,-28.61
21867,566,25,-28
21868,597,16,-27.39
21870,623,18,-28.76
21871,646,13,-28.13
21872,664,5,-27.5
21873,679,3,-26.87
21875,688,9,-30.2
21876,691,3,-29.58
21877,690,-27,-28.96
21878,684,-30,-28.34
21880,671,-13,-28.71
21881,653,-8,-28.14
21882,629,-2,-27.57
21883,602,-1,-27
21885,571,5,-28.41
21886,536,7,-27.84
21887,498,3,-27.27
21888,459,2,-26.7
21890,419,2,-27.12
21891,378,-11,-26.56
21892,337,2,-26
21893,297,1,-25.44
21895,257,3,-29.83
21896,218,-2,-29.28
21897,180,5,-28.73
21898,144,-4,-28.18
21900,109,4,-28.62
21901,76,1,-28.07
21902,45,3,-27.52
21903,15,3,-26.97
21905,-11,4,-28.41
21906,-36,-7,-27.85
21907,-59,3,-27.29
21908,-80,7,-26.73
21910,-99,2,-30.17
21911,-116,0,-29.61
21912,-132,1,-29.05
21913,-145,1,-28.49
21915,-157,1,-28.93
21916,-167,-1,-28.37
21917,-175,1,-27.81
21918,-182,1,-27.25
21920,-188,-6,-29.68
21921,-192,-2,-29.11
21922,-195,2,-28.54
21923,-197,1,-27.97
21925,-198,3,-27.44
21926,-198,-1,-26.91
21927,-197,2,-26.38
21928,-196,2,-25.85
21930,-194,2,-25.34
21931,-193,1,-24.83
21932,-190,-3,-24.32
21933,-188,5,-23.81
21935,-186,0,-24.3
21936,-183,-2,-23.79
21937,-181,1,-23.28
21938,-178,1,-22.77
21940,-176,-1,-25.27
21941,-173,-5,-24.77
21942,-170,3,-24.27
21943,-167,1,-23.77
21945,-164,33,-26.22
21946,-162,30,-25.67
21947,-159,13,-25.12
21948,-156,15,-24.57
21950,-153,11,-24.07
21951,-150,0,-23.57
21952,-147,-28,-23.07
21953,-145,-34,-22.57
21955,-142,-19,-26.03
21956,-140,-13,-25.49
21957,-138,22,-24.95
21958,-136,9,-24.41
21960,-134,10,-24.9
21961,-132,17,-24.39
21962,-131,5,-23.88
21963,-129,-2,-27.33
21965,-127,-6,-26.79
21966,-126,-26,-26.25
21967,-124,-25,-25.71
21968,-123,-15,-28.17
21970,-122,-6,-27.63
21971,-120,-9,-27.09
21972,-119,27,-26.55
21973,-118,31,-26.01
21975,-117,21,-30.4
21976,-115,12,-29.79
21977,-114,7,-29.18
21978,-113,6,-28.57
21980,-113,4,-27.03
21981,-112,-7,-26.49
21982,-111,-22,-25.95
21983,-110,-35,-25.41
21985,-110,-18,-27.87
21986,-109,-16,-27.33
21987,-108,30,-26.79
21988,-107,26,-26.25
21990,-106,14,-26.72
21991,-105,14,-26.19
21992,-104,10,-25.66
21993,-103,3,-25.13
21995,-101,-1,-26.6
21996,-100,-1,-26.07
21997,-99,-45,-25.54
21998,-98,-20,-25.01
22000,-97,-20,-30.46
22001,-96,-7,-29.91
22002,-95,27,-29.36
22003,-95,26,-28.81
22005,-94,-15,-30.25
22006,-93,31,-29.69
22007,-92,-2,-29.13
22008,-92,-20,-28.57
22010,-91,-14,-28.03
22011,-91,-10,-27.49
22012,-91,-8,-26.95
22013,-91,-1,-26.41
22015,-91,-15,-28.85
22016,-91,5,-28.29
22017,-91,5,-27.73
22018,-91,1,-27.17
22020,-90,2,-30.62
22021,-90,4,-30.07
22022,-90,3,-29.52
22023,-89,1,-28.97
22025,-89,3,-32.39
22026,-89,1,-31.81
22027,-89,-6,-31.23
22028,-89,0,-30.65
22030,-88,1,-32.07
22031,-88,3,-31.49
22032,-88,-4,-30.91
22033,-88,5,-30.33
22035,-88,1,-29.79
22036,-88,3,-29.25
22037,-88,4,-28.71
22038,-89,1,-28.17
22040,-89,1,-34.57
22041,-89,3,-33.97
22042,-89,6,-33.37
22043,-89,1,-32.77
22045,-89,1,-31.21
22046,-89,0,-30.65
22047,-88,-5,-30.09
22048,-88,1,-29.53
22050,-88,1,-31.94
22051,-88,5,-31.35
22052,-88,2,-30.76
22053,-87,1,-30.17
22055,-87,0,-34.53
22056,-87,3,-33.89
22057,-87,0,-33.25
22058,-88,-3,-32.61
22060,-88,-3,-30
22061,-88,4,-29.39
22062,-88,2,-28.78
22063,-88,7,-28.17
22065,-88,0,-26.6
22066,-88,-6,-26.03
22067,-88,2,-25.46
22068,-88,0,-24.89
22070,-88,1,-23.36
22071,-88,-3,-22.83
22072,-88,0,-22.3
22073,-88,1,-21.77
22075,-88,-1,-20.25
22076,-89,2,-19.73
22077,-89,7,-19.21
22078,-89,28,-18.69
22080,-89,10,-16.23
22081,-90,6,-15.77
22082,-90,-1,-9.37
22083,-90,0,-8.97
22085,-91,-1,-8.58
22086,-91,-11,-8.19
22087,-91,-38,-7.8
22088,-91,-25,-4.48
22090,-92,-19,-4.16
22091,-92,-9,-3.84
22092,-92,30,-3.52
22093,-92,37,-3.23
22095,-92,24,6.96
22096,-92,18,7.15
22097,-92,8,7.34
22098,-93,0,7.53
22100,-93,3,13.61
22101,-93,-4,13.69
22102,-93,-13,13.77
22103,-93,-32,13.85
22105,-94,-23,21.86
22106,-94,-11,21.87
22107,-94,13,21.88
22108,-94,3,21.89
22110,-93,14,29.79
22111,-93,4,29.69
22112,-93,26,29.59
22113,-93,16,29.49
22115,-93,7,40.27
22116,-94,5,40.05
22117,-94,-10,39.83
22118,-94,-26,39.61
22120,-94,-20,45.31
22121,-95,-13,45.01
22122,-95,-1,44.71
22123,-94,17,44.41
22125,-94,21,53.95
22126,-94,23,53.49
22127,-94,20,53.03
22128,-94,-27,52.57
22130,-93,-29,62.98
22131,-93,-18,62.39
22132,-92,-16,61.8
22133,-92,-19,61.21
22135,-91,-3,69.53
22136,-90,3,68.85
22137,-89,8,68.17
22138,-88,7,67.49
22140,-86,9,78.66
22141,-85,5,77.83
22142,-83,5,77
22143,-81,0,76.17
22145,-79,-5,85.2
22146,-77,6,84.23
22147,-74,3,83.26
22148,-72,1,82.29
22150,-69,3,90.19
22151,-66,2,89.09
22152,-63,3,87.99
22153,-60,-6,86.89
22155,-57,2,93.69
22156,-54,3,92.49
22157,-51,2,91.29
22158,-48,4,90.09
22160,-44,3,100.77
22161,-41,1,99.45
22162,-38,-3,98.13
22163,-35,-4,96.81
22165,-32,-5,105.32
22166,-29,2,103.83
22167,-25,0,102.34
22168,-22,9,100.85
22170,-19,-6,106.3
22171,-16,3,104.75
22172,-13,-10,103.2
22173,-11,3,101.65
22175,-8,1,108.98
22176,-6,3,107.31
22177,-4,-8,105.64
22178,-2,5,103.97
22180,0,4,110.17
22181,1,5,108.37
22182,3,3,106.57
22183,5,4,104.77
22185,6,3,109.92
22186,8,3,108.07
22187,10,-2,106.22
22188,11,-3,104.37
22190,13,3,108.47
22191,14,-1,106.57
22192,15,2,104.67
22193,17,2,102.77
22195,18,2,107.81
22196,19,1,105.85
22197,20,8,103.89
22198,21,32,101.93
22200,22,18,107.9
22201,22,5,105.87
22202,23,4,105.82
22203,23,-5,103.77
22205,24,-1,101.74
22206,24,-10,99.71
22207,24,-32,97.74
22208,25,-20,102.7
22210,25,-16,100.66
22211,25,-16,98.62
22212,25,27,96.58
22213,25,37,94.57
22215,25,24,97.51
22216,25,15,95.45
22217,25,13,93.39
22218,24,4,91.33
22220,24,-39,91.35
22221,23,-32,89.37
22222,23,-17,87.39
22223,22,-7,85.41
22225,21,-8,86.46
22226,21,-4,84.51
22227,20,19,82.56
22228,20,43,80.61
22230,19,22,80.72
22231,18,15,78.83
22232,18,7,76.94
22233,17,6,75.05
22235,16,1,76.21
22236,15,-4,74.37
22237,14,-20,72.53
22238,13,-30,70.69
22240,12,-27,72.92
22241,11,-14,71.15
22242,10,1,69.38
22243,9,20,67.61
22245,8,22,65.9
22246,7,20,64.19
22247,6,9,62.48
22248,6,6,60.77
22250,5,1,63.12
22251,4,-9,61.47
22252,3,-7,59.82
22253,2,-31,58.17
22255,1,-22,56.63
22256,0,-19,55.09
22257,0,-7,53.55
22258,-2,-1,52.01
22260,-3,4,51.55
22261,-4,6,50.09
22262,-6,2,48.63
22263,-7,5,47.17
22265,-8,6,45.83
22266,-9,-2,44.49
22267,-10,0,43.15
22268,-10,-1,41.81
22270,-11,4,41.56
22271,-12,5,40.31
22272,-13,-1,39.06
22273,-14,-4,37.81
22275,-15,4,35.66
22276,-17,5,34.51
22277,-18,6,33.36
22278,-19,5,32.21
22280,-21,1,30.15
22281,-22,7,29.09
22282,-24,-5,28.03
22283,-26,-4,26.97
22285,-27,4,25.04
22286,-29,-2,24.11
22287,-30,1,23.18
22288,-32,-5,20.27
22290,-34,0,19.46
22291,-36,2,18.65
22292,-37,0,17.84
22293,-39,3,12.08
22295,-42,-5,11.39
22296,-44,-9,10.7
22297,-46,-6,10.01
22298,-49,-7,8.33
22300,-51,7,7.74
22301,-54,11,7.15
22302,-57,7,6.56
22303,-59,0,0.03
22305,-62,3,-0.42
22306,-65,2,-0.87
22307,-68,1,-1.32
22308,-70,-3,-4.74
22310,-72,-1,-5.09
22311,-74,2,-5.44
22312,-76,5,-5.79
22313,-77,5,-10.1
22315,-77,1,-10.35
22316,-77,3,-10.6
22317,-77,-4,-10.85
22318,-76,32,-17.04
22320,-75,35,-17.16
22321,-73,14,-17.28
22322,-70,7,-17.4
22323,-67,8,-20.49
22325,-64,6,-20.5
22326,-60,-36,-20.51
22327,-57,-31,-20.5
22328,-53,-23,-25.44
22330,-49,-11,-25.38
22331,-45,-6,-25.32
22332,-41,-14,-25.26
22333,-37,30,-32.06
22335,-33,18,-31.86
22336,-30,19,-31.66
22337,-26,13,-35.42
22338,-23,7,-35.18
22340,-20,4,-34.89
22341,-17,-22,-34.6
22342,-14,-30,-40.25
22343,-11,-10,-39.9
22345,-8,-10,-39.53
22346,-6,-4,-39.16
22347,-3,30,-38.79
22348,0,30,-45.35
22350,2,22,-44.88
22351,4,16,-44.41
22352,7,4,-43.94
22353,10,-2,-46.44
22355,12,-5,-45.92
22356,14,-12,-45.4
22357,16,0,-44.88
22358,18,-28,-47.33
22360,20,-23,-46.75
22361,21,-12,-46.17
22362,22,-14,-45.59
22363,24,30,-49.96
22365,25,16,-49.29
22366,26,18,-48.62
22367,28,17,-47.95
22368,29,2,-51.24
22370,30,3,-50.53
22371,31,1,-49.82
22372,32,-1,-49.11
22373,32,-28,-50.38
22375,33,-23,-49.61
22376,33,-13,-48.84
22377,34,-10,-48.07
22378,34,-9,-54.23
22380,34,-16,-53.39
22381,34,30,-52.55
22382,33,0,-51.71
22383,33,1,-52.85
22385,33,0,-51.98
22386,32,-1,-51.11
22387,31,-8,-50.24
22388,31,-1,-52.34
22390,30,-3,-51.44
22391,29,7,-50.54
22392,29,5,-49.64
22393,28,-2,-50.72
22395,27,1,-49.79
22396,26,2,-48.86
22397,25,-8,-47.93
22398,23,6,-50.96
22400,22,1,-50
22401,20,-4,-49.04
22402,19,2,-48.08
22403,17,6,-48.11
22405,15,1,-47.15
22406,14,3,-46.19
22407,12,1,-45.23
22408,11,4,-49.22
22410,9,5,-48.22
22411,8,-1,-47.22
22412,7,2,-46.22
22413,7,8,-49.2
22415,6,-3,-48.18
22416,5,1,-47.16
22417,5,-7,-46.14
22418,4,6,-48.14
22420,4,1,-47.14
22421,4,0,-46.14
22422,4,1,-45.14
22423,3,0,-45.14
22425,3,-9,-44.14
22426,3,2,-43.14
22427,3,0,-42.14
22428,3,2,-46.15
22430,3,1,-45.16
22431,2,4,-44.17
22432,2,3,-43.18
22433,2,3,-44.2
22435,1,-2,-43.22
22436,1,-1,-42.24
22437,0,-6,-41.26
22438,0,0,-43.29
22440,0,0,-42.32
22441,-1,3,-41.35
22442,-1,0,-40.38
22443,-2,2,-39.47
22445,-4,1,-38.56
22446,-5,4,-37.65
22447,-7,-4,-36.74
22448,-9,-4,-40.81
22450,-11,1,-39.88
22451,-13,1,-38.95
22452,-16,-1,-38.02
22453,-16,2,-39.12
22455,-15,3,-38.22
22456,-13,34,-37.32
22457,-10,29,-36.42
22458,-4,20,-34.6
22460,2,10,-33.78
22461,11,6,-32.96
22462,21,-2,-32.18
22463,36,-28,-34.37
22465,54,-30,-33.56
22466,74,-20,-32.75
22467,97,-12,-32
22468,124,14,-36.2
22470,156,9,-35.4
22471,190,8,-34.6
22472,229,9,-35.78
22473,270,5,-35.03
22475,314,3,-34.28
22476,359,-19,-33.53
22477,403,-31,-34.76
22478,445,-16,-34.02
22480,484,-7,-33.28
22481,521,-6,-32.54
22482,556,36,-31.8
22483,587,23,-33.07
22485,612,25,-32.34
22486,635,14,-31.61
22487,653,15,-30.88
22488,665,4,-35.15
22490,671,-2,-34.42
22491,673,-11,-33.69
22492,670,-10,-32.96
22493,661,-28,-33.26
22495,646,-21,-32.56
22496,625,-10,-31.86
22497,601,-14,-31.16
22498,572,29,-32.46
22500,538,20,-31.76
22501,500,22,-31.06
22502,460,-9,-30.36
22503,419,-19,-33.69
22505,376,-13,-33.02
22506,334,-7,-32.35
22507,291,-9,-31.68
22508,249,-11,-34
22510,208,-4,-33.32
22511,167,4,-32.64
22512,129,9,-31.96
22513,91,2,-31.31
22515,55,5,-30.66
22516,21,4,-30.01
22517,-10,6,-29.36
22518,-40,2,-30.71
22520,-68,-4,-30.06
22521,-94,-1,-29.41
22522,-118,-1,-28.76
22523,-139,-4,-30.13
22525,-158,2,-29.5
22526,-175,2,-28.87
22527,-190,-2,-28.24
22528,-203,3,-33.56
22530,-215,2,-32.88
22531,-224,2,-32.2
22532,-232,0,-31.52
22533,-239,4,-29.9
22535,-244,-5,-29.28
22536,-248,2,-28.66
22537,-251,1,-28.04
22538,-252,1,-29.44
22540,-253,-2,-28.84
22541,-253,4,-28.24
22542,-252,2,-27.64
22543,-251,-1,-32.02
22545,-249,1,-31.4
22546,-247,-8,-30.78
22547,-244,3,-30.16
22548,-241,4,-28.56
22550,-237,1,-27.96
22551,-234,2,-27.36
22552,-230,-3,-26.76
22553,-226,-10,-28.19
22555,-222,4,-27.62
22556,-219,3,-27.05
22557,-215,2,-26.48
22558,-211,-4,-26.92
22560,-208,6,-26.36
22561,-204,3,-25.8
22562,-201,-1,-25.24
22563,-197,6,-28.67
22565,-193,0,-28.1
22566,-190,3,-27.53
22567,-186,3,-26.96
22568,-183,1,-30.35
22570,-180,1,-29.74
22571,-177,0,-29.13
22572,-174,0,-28.52
22573,-171,1,-28.95
22575,-169,31,-28.38
22576,-166,29,-27.81
22577,-164,17,-27.24
22578,-162,13,-26.69
22580,-161,1,-26.14
22581,-159,-5,-25.59
22582,-157,-11,-25.04
22583,-156,-36,-28.44
22585,-155,-28,-27.84
22586,-154,-15,-27.24
22587,-153,2,-26.64
22588,-151,22,-31.02
22590,-150,5,-30.4
22591,-149,9,-29.78
22592,-148,10,-28.17
22593,-147,6,-27.61
22595,-146,0,-27.05
22596,-145,-19,-26.49
22597,-144,-29,-28.92
22598,-143,-15,-28.35
22600,-142,-14,-27.78
22601,-141,-4,-27.21
22602,-140,36,-26.66
22603,-139,23,-30.07
22605,-138,27,-29.48
22606,-137,15,-28.89
22607,-135,10,-28.3
22608,-134,7,-29.71
22610,-133,2,-29.12
22611,-131,-6,-28.53
22612,-130,-11,-27.94
22613,-129,-26,-29.38
22615,-129,-26,-28.82
22616,-128,-19,-28.26
22617,-127,8,-27.7
22618,-127,20,-30.12
22620,-127,14,-29.54
22621,-126,16,-28.96
22622,-126,12,-28.38
22623,-125,2,-31.78
22625,-125,-4,-31.18
22626,-124,-3,-30.58
22627,-124,-11,-29.98
22628,-123,-33,-31.4
22630,-123,-16,-30.82
22631,-122,-11,-30.24
22632,-121,-15,-29.66
22633,-120,-2,-32.08
22635,-120,1,-31.5
22636,-120,8,-30.92
22637,-119,2,-30.34
22638,-119,4,-30.75
22640,-119,-1,-30.16
22641,-118,7,-29.57
22642,-118,5,-28.98
22643,-117,0,-32.37
22645,-117,4,-31.76
22646,-116,7,-31.15
22647,-116,-7,-30.54
22648,-115,-7,-31.93
22650,-115,3,-31.32
22651,-115,2,-30.71
22652,-115,-5,-30.1
22653,-115,1,-33.51
22655,-115,3,-32.92
22656,-115,-5,-32.33
22657,-115,3,-31.74
22658,-115,3,-31.14
22660,-115,1,-30.54
22661,-116,4,-29.94
22662,-116,6,-29.34
22663,-116,4,-30.74
22665,-116,3,-30.14
22666,-116,2,-29.54
22667,-116,-13,-28.94
22668,-116,-4,-32.35
22670,-116,4,-31.76
22671,-116,7,-31.17
22672,-116,-10,-30.58
22673,-117,3,-29.98
22675,-117,4,-29.38
22676,-117,6,-28.78
22677,-118,0,-28.18
22678,-118,6,-27.6
22680,-119,1,-27.02
22681,-119,0,-26.44
22682,-120,-4,-25.86
22683,-120,-1,-27.27
22685,-120,-1,-26.68
22686,-120,-3,-26.09
22687,-120,-5,-25.5
22688,-120,2,-23.96
22690,-120,3,-23.42
22691,-120,5,-22.88
22692,-120,4,-22.34
22693,-120,4,-17.88
22695,-120,40,-17.42
22696,-120,21,-16.96
22697,-121,16,-16.5
22698,-121,11,-12.09
22700,-121,0,-11.68
22701,-122,-3,-11.27
22702,-122,-15,-10.86
22703,-123,-27,-5.5
22705,-123,-22,-5.14
22706,-123,-14,-4.78
22707,-123,6,-4.42
22708,-123,13,0.85
22710,-123,12,1.12
22711,-123,10,11.29
22712,-123,3,11.46
22713,-123,7,11.58
22715,-123,0,11.7
22716,-123,-11,11.82
22717,-123,-29,17.89
22718,-124,-24,17.96
22720,-124,-16,18.03
22721,-124,-6,18.1
22722,-124,20,28.04
22723,-124,26,27.98
22725,-124,27,27.92
22726,-124,20,27.86
22727,-124,15,27.8
22728,-123,12,31.66
22730,-123,-1,31.52
22731,-124,-4,31.38
22732,-124,-14,31.24
22733,-124,-33,42.96
22735,-124,-19,42.68
22736,-124,-13,42.4
22737,-125,-2,42.12
22738,-125,26,50.73
22740,-125,7,50.34
22741,-125,6,49.95
22742,-126,19,49.56
22743,-126,13,59.04
22745,-126,9,58.52
22746,-126,1,58
22747,-126,-7,57.48
22748,-125,-27,68.8
22750,-125,-18,68.12
22751,-124,-17,67.44
22752,-123,-6,66.76
22753,-122,27,73.98
22755,-121,24,73.2
22756,-119,21,72.42
22757,-117,-19,71.64
22758,-115,-10,82.71
22760,-113,-12,81.78
22761,-111,-17,80.85
22762,-109,-16,79.92
22763,-106,-3,85.91
22765,-103,-5,84.9
22766,-101,4,83.89
22767,-98,-21,82.88
22768,-95,5,90.74
22770,-92,8,89.6
22771,-90,4,88.46
22772,-87,3,87.32
22773,-85,8,97.05
22775,-82,9,95.78
22776,-79,2,94.51
22777,-76,3,93.24
22778,-74,5,98.86
22780,-71,-4,97.48
22781,-68,2,96.1
22782,-65,-4,94.72
22783,-62,1,103.24
22785,-59,-2,101.76
22786,-55,3,100.28
22787,-52,0,98.8
22788,-49,4,106.21
22790,-46,3,104.62
22791,-43,6,103.03
22792,-40,-4,101.44
22793,-37,-1,104.76
22795,-34,3,103.08
22796,-32,0,101.4
22797,-30,0,99.72
22798,-29,-10,105.96
22800,-28,5,104.2
22801,-27,-1,102.44
22802,-26,-1,109.59
22803,-25,-1,107.74
22805,-24,1,105.89
22806,-24,0,104.04
22807,-23,4,103.18
22808,-23,1,101.3
22810,-22,1,99.42
22811,-22,-1,97.54
22812,-22,2,106.55
22813,-23,2,104.57
22815,-23,2,102.59
22816,-24,0,100.61
22817,-25,0,103.58
22818,-26,-3,101.59
22820,-27,0,99.6
22821,-28,1,97.61
22822,-29,2,101.56
22823,-30,2,99.55
22825,-31,0,97.54
22826,-32,2,95.53
22827,-33,36,95.5
22828,-34,33,93.52
22830,-35,9,91.54
22831,-36,4,89.56
22832,-37,-5,93.52
22833,-38,-3,91.53
22835,-40,-5,89.54
22836,-41,-42,87.65
22837,-42,-26,85.76
22838,-43,-17,83.87
22840,-45,-9,81.98
22841,-46,-6,80.09
22842,-47,36,81.23
22843,-48,28,79.37
22845,-50,23,77.51
22846,-51,11,75.65
22847,-52,7,75.87
22848,-54,5,74.09
22850,-55,0,72.31
22851,-56,-3,70.53
22852,-57,-18,70.73
22853,-58,-31,68.97
22855,-59,-23,67.21
22856,-60,-11,65.45
22857,-60,31,64.68
22858,-61,22,63.03
22860,-62,13,61.38
22861,-63,12,59.73
22862,-63,11,61.05
22863,-64,-1,59.46
22865,-65,-5,57.87
22866,-66,-5,56.28
22867,-68,-28,50.73
22868,-69,-21,49.28
22870,-70,-11,47.83
22871,-71,-11,46.38
22872,-73,24,45.92
22873,-74,22,44.58
22875,-75,14,43.24
22876,-77,7,41.9
22877,-78,15,38.58
22878,-80,-42,37.34
22880,-81,-14,36.1
22881,-82,-14,34.86
22882,-84,0,31.64
22883,-85,-12,30.54
22885,-87,1,29.44
22886,-89,4,28.34
22887,-90,3,25.26
22888,-92,0,24.25
22890,-94,5,23.24
22891,-96,2,22.23
22892,-99,5,19.24
22893,-101,1,18.34
22895,-104,1,17.44
22896,-107,3,16.54
22897,-109,-1,11.68
22898,-112,-1,10.93
22900,-115,0,10.18
22901,-118,-4,9.43
22902,-120,0,4.72
22903,-123,3,4.08
22905,-126,-2,3.44
22906,-128,-2,2.8
22907,-131,-2,-3.78
22908,-133,3,-4.26
22910,-135,2,-4.74
22911,-138,0,-5.22
22912,-140,5,-12.63
22913,-142,-3,-12.95
22915,-145,5,-13.27
22916,-147,-1,-13.59
22917,-149,-4,-18.86
22918,-151,2,-19.08
22920,-152,0,-19.3
22921,-153,-1,-19.52
22922,-153,3,-24.69
22923,-153,2,-24.78
22925,-152,-1,-24.87
22926,-151,2,-24.96
22927,-149,3,-31.89
22928,-147,-3,-31.82
22930,-145,3,-31.75
22931,-142,0,-31.68
22932,-139,1,-37.54
22933,-135,1,-37.4
22935,-131,2,-37.26
22936,-128,-1,-37.12
22937,-124,1,-44.79
22938,-119,1,-44.46
22940,-115,2,-44.13
22941,-111,0,-43.8
22942,-107,-2,-48.37
22943,-103,-6,-47.94
22945,-99,-1,-47.51
22946,-94,-1,-47.08
22947,-90,32,-52.53
22948,-87,23,-51.98
22950,-83,13,-51.43
22951,-80,-1,-58.8
22952,-76,1,-58.15
22953,-73,-1,-57.5
22955,-71,2,-56.85
22956,-68,-20,-60.16
22957,-65,-27,-59.41
22958,-63,-20,-58.66
22960,-60,-17,-57.91
22961,-58,-5,-57.16
22962,-55,42,-62.35
22963,-53,30,-61.54
22965,-50,22,-60.73
22966,-48,16,-59.92
22967,-46,5,-65.02
22968,-44,-3,-64.12
22970,-42,-7,-63.22
22971,-40,-15,-62.32
22972,-39,-27,-64.37
22973,-38,-28,-63.42
22975,-37,-11,-62.47
22976,-37,-10,-61.52
22977,-36,27,-66.49
22978,-36,23,-65.46
22980,-36,16,-64.43
22981,-36,10,-63.4
22982,-35,12,-65.33
22983,-35,5,-64.26
22985,-35,-4,-63.19
22986,-35,-9,-62.12
22987,-34,-26,-65.97
22988,-34,-26,-64.82
22990,-33,-21,-63.67
22991,-33,-11,-62.52
22992,-32,16,-66.36
22993,-31,28,-65.2
22995,-31,14,-64.04
22996,-30,13,-62.88
22997,-30,8,-65.67
22998,-29,0,-64.46
23000,-29,-3,-63.25
23001,-29,-23,-62.04
23002,-28,-25,-64.81
23003,-28,-22,-63.58
23005,-29,-9,-62.35
23006,-29,-1,-61.12
23007,-29,-3,-60.9
23008,-29,3,-59.68
23010,-30,4,-58.46
23011,-31,-9,-57.24
23012,-31,3,-62.97
23013,-32,0,-61.7
23015,-33,3,-60.43
23016,-35,13,-59.16
23017,-36,6,-59.89
23018,-38,2,-58.62
23020,-40,-7,-57.35
23021,-42,8,-56.08
23022,-44,8,-55.84
23023,-47,3,-54.6
23025,-49,6,-53.36
23026,-51,4,-52.12
23027,-53,1,-55.87
23028,-54,2,-54.62
23030,-56,1,-53.37
23031,-58,2,-52.12
23032,-59,-1,-52.91
23033,-60,0,-51.7
23035,-62,4,-50.49
23036,-63,2,-49.28
23037,-64,-9,-52.1
23038,-65,2,-50.92
23040,-66,5,-49.74
23041,-66,5,-48.56
23042,-67,3,-47.43
23043,-68,0,-46.3
23045,-68,5,-45.17
23046,-69,1,-44.04
23047,-69,7,-47.91
23048,-69,-1,-46.78
23050,-69,-2,-45.65
23051,-69,-1,-44.52
23052,-70,-6,-46.43
23053,-71,3,-45.34
23055,-72,-2,-44.25
23056,-73,-3,-43.16
23057,-74,-1,-43.12
23058,-76,-1,-42.08
23060,-78,5,-41.04
23061,-79,3,-40
23062,-79,1,-43
23063,-78,-1,-42
23065,-76,1,-41
23066,-72,-10,-40
23067,-67,6,-40.04
23068,-59,25,-39.08
23070,-51,14,-38.12
23071,-38,8,-39.14
23072,-21,14,-38.22
23073,-2,4,-37.3
23075,18,6,-36.38
23076,45,-8,-37.52
23077,76,-33,-36.66
23078,110,-24,-35.8
23080,146,-13,-34.94
23081,185,-19,-37.09
23082,228,26,-36.24
23083,272,29,-35.39
23085,317,16,-34.54
23086,361,24,-33.69
23087,404,14,-33.89
23088,443,6,-33.09
23090,480,3,-32.29
23091,514,0,-31.49
23092,543,-17,-32.73
23093,568,-30,-31.97
23095,589,-21,-31.21
23096,606,-10,-30.45
23097,617,7,-40.61
23098,622,26,-39.77
23100,622,15,-38.93
23101,617,14,-38.09
23102,606,9,-38.3
23103,588,7,-37.51
23105,566,1,-36.72
23106,540,-3,-35.93
23107,509,-15,-37.15
23108,474,-34,-36.37
23110,436,-18,-35.59
23111,397,-25,-34.81
23112,356,10,-38.04
23113,314,24,-37.27
23115,272,15,-36.5
23116,231,21,-35.73
23117,190,20,-37.98
23118,150,5,-37.23
23120,112,0,-36.48
23121,74,-5,-35.73
23122,39,-15,-37
23123,5,-33,-36.27
23125,-26,-17,-35.54
23126,-57,-13,-34.81
23127,-85,-4,-40.06
23128,-111,27,-39.31
23130,-134,23,-38.56
23131,-156,15,-37.81
23132,-176,-18,-39.05
23133,-193,-12,-38.29
23135,-209,-14,-37.53
23136,-222,-17,-36.77
23137,-234,-8,-41.03
23138,-245,-6,-40.29
23140,-253,0,-39.55
23141,-261,8,-38.81
23142,-267,5,-43.04
23143,-272,9,-42.27
23145,-276,-2,-41.5
23146,-279,-4,-40.73
23147,-281,2,-41.95
23148,-282,-6,-41.17
23150,-282,-10,-40.39
23151,-281,0,-39.61
23152,-280,9,-40.86
23153,-278,4,-40.11
23155,-276,7,-39.36
23156,-274,3,-38.61
23157,-272,8,-42.83
23158,-269,2,-42.05
23160,-266,4,-41.27
23161,-263,1,-40.49
23162,-260,-5,-44.7
23163,-257,2,-43.91
23165,-254,1,-43.12
23166,-250,-3,-42.33
23167,-247,2,-44.51
23168,-244,-1,-43.69
23170,-240,0,-42.87
23171,-237,-9,-42.05
23172,-234,1,-43.26
23173,-231,6,-42.47
23175,-228,-2,-41.68
23176,-225,8,-40.89
23177,-222,6,-47.06
23178,-219,1,-46.23
23180,-216,1,-45.4
23181,-213,-1,-44.57
23182,-211,1,-42.76
23183,-208,6,-41.95
23185,-206,-4,-41.14
23186,-204,-1,-40.33
23187,-202,4,-48.47
23188,-200,1,-47.61
23190,-198,-13,-46.75
23191,-196,-4,-45.89
23192,-195,4,-47.02
23193,-193,2,-46.15
23195,-191,4,-45.28
23196,-190,-2,-44.43
23197,-189,3,-44.57
23198,-188,5,-43.71
23200,-186,4,-42.85
23201,-186,0,-42.01
23202,-185,11,-45.13
23203,-184,20,-44.25
23205,-183,17,-43.37
23206,-182,8,-46.48
23207,-180,-3,-45.59
23208,-179,0,-44.7
23210,-178,4,-45.79
23211,-177,-1,-44.88
23212,-176,-23,-43.98
23213,-176,-24,-43.08
23215,-175,-16,-42.18
23216,-175,-7,-45.24
23217,-175,32,-44.32
23218,-174,23,-43.4
23220,-174,18,-42.48
23221,-174,8,-41.56
23222,-173,12,-44.71
23223,-173,-4,-43.86
23225,-172,5,-43.01
23226,-171,-9,-42.16
23227,-171,-14,-45.28
23228,-170,-30,-44.4
23230,-169,-21,-43.52
23231,-169,-13,-42.64
23232,-168,7,-42.77
23233,-167,27,-41.9
23235,-166,14,-41.03
23236,-165,11,-40.16
23237,-165,4,-47.25
23238,-164,7,-46.34
23240,-164,5,-45.43
23241,-163,-4,-44.52
23242,-163,-8,-44.63
23243,-162,-22,-43.74
23245,-162,-14,-42.85
23246,-162,-14,-41.96
23247,-161,0,-44.06
23248,-161,30,-43.16
23250,-160,16,-42.26
23251,-159,18,-41.36
23252,-159,11,-47.45
23253,-158,-32,-46.54
23255,-157,-19,-45.63
23256,-157,-12,-44.72
23257,-156,-17,-44.82
23258,-156,-10,-43.92
23260,-156,-4,-43.02
23261,-155,3,-42.12
23262,-155,13,-48.2
23263,-155,6,-47.28
23265,-155,-3,-46.36
23266,-155,10,-45.44
23267,-155,5,-44.57
23268,-155,-3,-43.7
23270,-155,3,-42.83
23271,-155,5,-41.96
23272,-155,4,-48.04
23273,-156,2,-47.12
23275,-156,0,-46.2
23276,-156,-3,-45.28
23277,-156,2,-45.37
23278,-156,0,-44.46
23280,-156,-2,-43.55
23281,-156,2,-42.64
23282,-156,-17,-45.74
23283,-156,4,-44.84
23285,-156,2,-43.94
23286,-156,1,-43.04
23287,-155,4,-43.18
23288,-155,6,-42.32
23290,-154,-7,-41.46
23291,-153,4,-40.6
23292,-153,2,-40.76
23293,-152,1,-39.92
23295,-152,6,-39.08
23296,-152,2,-38.24
23297,-151,-3,-39.4
23298,-151,-1,-38.56
23300,-151,0,-37.72
23301,-151,-7,-36.88
23302,-151,1,-36.11
23303,-151,-1,-35.34
23305,-151,-1,-34.57
23306,-151,2,-33.8
23307,-151,4,-31.04
23308,-151,1,-30.28
23310,-151,5,-29.52
23311,-151,5,-28.76
23312,-152,2,-26.11
23313,-152,1,-25.46
23315,-152,0,-24.81
23316,-152,1,-18.22
23317,-152,-5,-17.65
23318,-152,1,-17.08
23320,-152,0,-16.51
23321,-151,-1,-12.97
23322,-151,2,-12.44
23323,-151,-2,-11.91
23325,-150,39,-11.38
23326,-150,25,-5.9
23327,-149,16,-5.46
23328,-149,2,-5.02
23330,-148,4,-4.58
23331,-148,-1,1.76
23332,-148,-6,2.1
23333,-148,-37,2.44
23335,-148,-28,2.76
23336,-149,-15,8.03
23337,-149,-7,8.3
23338,-150,17,8.57
23340,-150,8,8.84
23341,-151,13,18.97
23342,-151,9,19.1
23343,-151,4,19.23
23345,-151,2,30.25
23346,-151,1,30.27
23347,-152,-37,30.25
23348,-152,-25,30.23
23350,-152,-11,30.21
23351,-153,-14,35.14
23352,-153,8,35.03
23353,-153,17,34.92
23355,-153,-1,34.81
23356,-153,31,42.62
23357,-152,18,42.42
23358,-152,18,42.22
23360,-151,6,42.02
23361,-150,6,48.75
23362,-149,2,48.4
23363,-148,-28,48.05
23365,-146,-16,47.7
23366,-144,-8,57.25
23367,-142,-24,56.79
23368,-139,26,56.33
23370,-137,22,55.87
23371,-134,20,66.3
23372,-131,11,65.7
23373,-128,5,65.1
23375,-125,5,64.5
23376,-122,8,68.85
23377,-118,-47,68.13
23378,-115,-25,67.41
23380,-112,-13,66.69
23381,-108,-2,73.89
23382,-105,-4,73.08
23383,-101,-10,72.27
23385,-98,4,71.46
23386,-94,9,81.54
23387,-91,6,80.55
23388,-87,8,79.56
23390,-84,-1,78.57
23391,-81,5,85.5
23392,-77,5,84.43
23393,-74,5,83.36
23395,-71,-1,82.29
23396,-69,5,85.18
23397,-66,-3,84
23398,-64,-1,82.82
23400,-61,-12,81.64
23401,-59,1,87.39
23402,-57,1,86.13
23403,-55,1,84.87
23405,-54,1,83.61
23406,-52,3,92.25
23407,-51,-7,90.85
23408,-49,2,89.45
23410,-48,-1,88.05
23411,-46,3,92.59
23412,-45,0,91.12
23413,-44,2,89.65
23415,-43,6,88.18
23416,-42,1,91.66
23417,-41,-2,90.13
23418,-41,3,88.6
23420,-40,-1,87.07
23421,-40,4,92.47
23422,-40,-5,90.85
23423,-39,-1,89.23
23425,-39,1,87.61
23426,-39,9,92.92
23427,-39,2,91.23
23428,-39,-2,89.54
23430,-39,0,87.85
23431,-39,4,92.1
23432,-40,1,90.37
23433,-40,-5,88.64
23435,-41,-1,86.91
23436,-41,3,88.15
23437,-42,-4,86.41
23438,-42,1,84.67
23440,-43,3,82.93
23441,-44,2,89.17
23442,-44,-1,87.41
23443,-45,4,85.65
23445,-45,30,83.89
23446,-45,23,84.14
23447,-46,18,82.39
23448,-46,4,80.64
23450,-46,6,78.89
23451,-47,5,82.14
23452,-47,-2,80.39
23453,-48,-35,78.64
23455,-49,-24,76.89
23456,-50,-17,77.18
23457,-51,-9,75.47
23458,-52,34,73.76
23460,-53,12,72.05
23461,-54,13,74.35
23462,-54,12,72.65
23463,-55,3,70.95
23465,-56,-4,68.26
23466,-57,-21,66.67
23467,-58,-25,65.08
23468,-59,-25,63.49
23470,-60,-7,62.01
23471,-61,-8,60.53
23472,-62,31,59.05
23473,-64,36,57.57
23475,-65,20,56.09
23476,-67,17,55.65
23477,-68,8,54.21
23478,-69,-2,52.77
23480,-71,0,51.33
23481,-72,-10,53.93
23482,-73,-9,52.53
23483,-75,-31,51.13
23485,-76,-21,49.73
23486,-77,-14,47.41
23487,-78,-9,46.09
23488,-79,25,44.77
23490,-80,20,43.45
23491,-82,19,39.26
23492,-83,17,38.07
23493,-84,7,36.88
23495,-85,4,35.69
23496,-87,0,32.63
23497,-88,-10,31.57
23498,-89,-27,30.51
23500,-90,-22,29.45
23501,-91,-16,28.44
23502,-92,13,27.43
23503,-94,26,26.42
23505,-95,16,25.41
23506,-96,-5,19.53
23507,-98,-24,18.65
23508,-100,-8,17.77
23510,-101,-14,16.89
23511,-103,-7,10.18
23512,-104,-6,9.47
23513,-106,-3,8.76
23515,-108,4,8.05
23516,-110,5,2.47
23517,-112,5,1.89
23518,-114,2,1.31
23520,-115,0,0.73
23521,-117,0,-0.8
23522,-119,-4,-1.33
23523,-121,2,-1.86
23525,-123,1,-2.39
23526,-125,0,-7.8
23527,-127,2,-8.21
23528,-129,5,-8.62
23530,-131,4,-9.03
23531,-133,4,-13.3
23532,-134,1,-13.57
23533,-136,-8,-13.84
23535,-137,-1,-14.11
23536,-138,2,-21.25
23537,-139,-3,-21.39
23538,-140,-6,-21.53
23540,-140,4,-21.67
23541,-140,6,-25.72
23542,-139,2,-25.77
23543,-137,1,-25.82
23545,-135,1,-25.87
23546,-133,2,-31.79
23547,-129,2,-31.71
23548,-126,2,-31.63
23550,-122,1,-31.55
23551,-118,0,-37.34
23552,-114,-11,-37.13
23553,-110,3,-36.92
23555,-106,9,-36.71
23556,-102,-5,-41.39
23557,-98,-1,-41.07
23558,-94,-7,-40.75
23560,-91,0,-40.43
23561,-87,10,-43.05
23562,-84,2,-42.67
23563,-81,3,-42.29
23565,-78,3,-41.91
23566,-75,1,-48.38
23567,-73,-2,-47.85
23568,-70,-14,-47.32
23570,-67,0,-46.79
23571,-64,1,-49.21
23572,-61,5,-48.63
23573,-59,-1,-48.05
23575,-56,3,-47.47
23576,-54,5,-49.81
23577,-52,9,-49.15
23578,-49,28,-48.49
23580,-47,18,-47.83
23581,-45,6,-58.04
23582,-43,4,-57.25
23583,-41,-4,-59.43
23585,-39,-3,-58.61
23586,-37,-14,-57.75
23587,-35,-27,-56.89
23588,-33,-19,-56.03
23590,-31,-8,-57.16
23591,-29,-8,-56.29
23592,-28,27,-55.42
23593,-26,20,-54.55
23595,-25,20,-53.68
23596,-24,16,-58.75
23597,-23,12,-57.82
23598,-23,4,-56.89
23600,-22,2,-55.96
23601,-22,-2,-57.99
23602,-21,-15,-57.02
23603,-21,-22,-56.05
23605,-21,-26,-55.08
23606,-20,-8,-60.01
23607,-20,8,-58.94
23608,-19,26,-57.87
23610,-19,15,-56.8
23611,-18,8,-57.72
23612,-18,14,-56.64
23613,-17,2,-55.56
23615,-17,-3,-54.48
23616,-17,-4,-57.39
23617,-17,-3,-56.3
23618,-17,-32,-55.21
23620,-18,-21,-54.12
23621,-18,-24,-53.05
23622,-19,-10,-51.98
23623,-19,22,-50.91
23625,-20,21,-49.84
23626,-21,26,-52.73
23627,-23,7,-51.62
23628,-24,-18,-50.51
23630,-25,-12,-49.4
23631,-27,-18,-53.29
23632,-28,-9,-52.18
23633,-29,-9,-51.07
23635,-31,-4,-49.96
23636,-32,4,-50.89
23637,-33,6,-49.82
23638,-34,5,-48.75
23640,-35,-4,-47.68
23641,-36,6,-51.61
23642,-37,7,-50.54
23643,-38,5,-49.47
23645,-39,0,-48.4
23646,-40,3,-51.3
23647,-41,6,-50.2
23648,-42,-4,-49.1
23650,-43,-2,-48
23651,-44,0,-48.93
23652,-44,0,-47.86
23653,-44,1,-46.79
23655,-44,0,-45.72
23656,-44,1,-49.64
23657,-44,-8,-48.56
23658,-43,6,-47.48
23660,-43,5,-46.4
23661,-43,4,-49.35
23662,-42,-10,-48.3
23663,-42,1,-47.25
23665,-41,5,-46.2
23666,-41,-6,-47.17
23667,-42,1,-46.14
23668,-42,4,-45.11
23670,-44,5,-44.08
23671,-45,6,-45.09
23672,-48,4,-44.1
23673,-50,-3,-43.11
23675,-54,7,-42.12
23676,-56,0,-45.15
23677,-57,2,-44.18
23678,-57,-9,-43.21
23680,-57,2,-42.24
23681,-55,1,-41.32
23682,-51,0,-40.4
23683,-46,0,-39.48
23685,-40,0,-38.56
23686,-31,-13,-39.65
23687,-19,6,-38.74
23688,-5,3,-37.83
23690,9,5,-36.92
23691,29,4,-39.05
23692,52,3,-38.18
23693,78,4,-37.31
23695,106,2,-36.44
23696,137,-1,-38.57
23697,171,8,-37.7
23698,207,23,-36.83
23700,242,14,-37.94
23701,276,7,-37.08
23702,309,8,-36.22
23703,340,3,-36.35
23705,368,-4,-35.48
23706,394,-17,-34.72
23707,418,-39,-33.96
23708,439,-13,-33.23
23710,457,-7,-36.46
23711,471,-5,-35.69
23712,481,33,-34.92
23713,489,21,-34.15
23715,494,23,-33.4
23716,493,16,-31.66
23717,488,9,-30.92
23718,479,1,-30.18
23720,467,6,-29.44
23721,450,-1,-32.72
23722,429,-3,-32
23723,404,-29,-31.28
23725,377,-21,-30.56
23726,349,-19,-30.86
23727,318,-3,-30.16
23728,287,22,-29.46
23730,256,11,-28.76
23731,224,10,-32.08
23732,192,10,-31.4
23733,161,11,-30.72
23735,131,5,-30.04
23736,101,-3,-27.4
23737,72,-10,-26.76
23738,44,-29,-26.12
23740,18,-17,-25.48
23741,-6,-13,-25.87
23742,-30,5,-25.26
23743,-52,13,-24.65
23745,-72,15,-24.04
23746,-91,13,-23.43
23747,-109,13,-22.82
23748,-125,2,-22.21
23750,-139,-3,-21.6
23751,-152,-5,-23.01
23752,-163,-5,-22.42
23753,-173,-24,-21.83
23755,-181,-23,-21.24
23756,-189,-12,-21.69
23757,-195,-4,-21.14
23758,-200,-3,-20.59
23760,-204,6,-20.04
23761,-207,5,-21.49
23762,-209,8,-20.94
23763,-210,7,-20.39
23765,-210,-1,-19.84
23766,-210,1,-20.33
23767,-209,-2,-19.82
23768,-207,-1,-19.31
23770,-205,3,-18.8
23771,-203,3,-21.3
23772,-200,4,-20.8
23773,-197,3,-20.3
23775,-194,1,-19.8
23776,-191,3,-20.31
23777,-188,0,-19.82
23778,-185,-2,-19.33
23780,-181,1,-18.84
23781,-178,1,-20.38
23782,-174,-1,-19.92
23783,-171,-1,-19.46
23785,-167,-6,-19
23786,-164,2,-19.57
23787,-160,1,-19.14
23788,-157,-8,-18.71
23790,-154,3,-18.28
23791,-151,3,-16.88
23792,-148,1,-16.48
23793,-146,-2,-16.08
23795,-144,3,-15.68
23796,-142,3,-18.27
23797,-140,0,-17.86
23798,-138,-1,-17.45
23800,-136,1,-17.04
23801,-135,3,-17.66
23802,-133,-2,-17.28
23803,-131,-2,-16.9
23805,-130,-1,-16.52
23806,-128,-2,-14.16
23807,-127,0,-13.8
23808,-125,-1,-13.44
23810,-123,-1,-13.08
23811,-122,-3,-14.72
23812,-120,3,-14.36
23813,-118,4,-14
23815,-116,1,-13.64
23816,-115,-2,-13.31
23817,-113,16,-12.98
23818,-112,29,-12.65
23820,-110,18,-12.32
23821,-108,3,-12.02
23822,-106,2,-11.72
23823,-104,1,-9.44
23825,-103,6,-9.18
23826,-101,-13,-8.92
23827,-99,-23,-8.66
23828,-97,-21,-8.41
23830,-95,-12,-11.13
23831,-93,-10,-10.85
23832,-91,40,-10.57
23833,-89,21,-10.29
23835,-87,23,-10.05
23836,-86,14,-9.81
23837,-84,0,-9.57
23838,-83,0,-9.33
23840,-81,-3,-13.05
23841,-80,-10,-12.76
23842,-79,-21,-12.47
23843,-79,-31,-12.18
23845,-78,-22,-8.92
23846,-77,-14,-8.7
23847,-77,27,-8.48
23848,-76,27,-8.26
23850,-76,21,-9.03
23851,-75,15,-8.81
23852,-75,13,-8.59
23853,-75,4,-8.37
23855,-74,-3,-8.15
23856,-74,-2,-7.97
23857,-74,-26,-7.79
23858,-73,-35,-7.61
23860,-73,-21,-7.43
23861,-73,-18,-7.23
23862,-72,27,-7.03
23863,-72,22,-6.83
23865,-71,14,-7.62
23866,-71,19,-7.42
23867,-70,8,-7.22
23868,-69,1,-7.02
23870,-68,-8,-8.8
23871,-67,-9,-8.58
23872,-66,-22,-8.36
23873,-66,-29,-8.14
23875,-65,-25,-6.93
23876,-64,-13,-6.74
23877,-63,30,-6.55
23878,-63,23,-6.36
23880,-62,7,-4.19
23881,-61,-3,-4.03
23882,-61,9,-3.87
23883,-60,-7,-3.71
23885,-59,-12,-3.55
23886,-58,-8,-3.41
23887,-57,-5,-3.27
23888,-56,-5,-3.13
23890,-56,-2,-2
23891,-55,-1,-1.88
23892,-54,6,-1.76
23893,-53,2,-1.64
23895,-53,5,-3.5
23896,-52,6,-3.39
23897,-52,0,-3.28
23898,-51,3,-3.17
23900,-51,4,0.9
23901,-51,1,0.96
23902,-51,2,1.02
23903,-51,-1,1.08
23905,-50,3,4.11
23906,-50,1,4.12
23907,-50,1,4.13
23908,-50,2,4.14
23910,-50,-1,6.13
23911,-50,4,6.11
23912,-50,-2,6.09
23913,-50,2,6.07
23915,-50,1,11
23916,-49,0,10.94
23917,-49,3,10.88
23918,-49,4,10.82
23920,-48,-1,15.71
23921,-47,1,15.57
23922,-46,-3,15.43
23923,-46,-3,15.29
23925,-45,1,23.07
23926,-44,1,22.84
23927,-43,-5,22.61
23928,-42,8,22.38
23930,-41,-2,27.1
23931,-41,-3,26.84
23932,-40,1,26.58
23933,-40,2,26.32
23935,-40,1,35.96
23936,-40,2,35.58
23937,-40,-1,35.2
23938,-40,1,34.82
23940,-40,2,43.35
23941,-41,2,42.88
23942,-41,0,42.41
23943,-42,2,41.94
23945,-42,-2,51.37
23946,-42,-1,50.8
23947,-42,0,50.23
23948,-41,0,49.68
23950,-41,3,58.04
23951,-40,3,57.4
23952,-39,1,56.76
23953,-39,6,56.12
23955,-38,40,70.3
23956,-37,23,69.48
23957,-36,15,68.66
23958,-35,9,67.84
23960,-35,7,75.93
23961,-34,-1,75.02
23962,-33,-26,74.11
23963,-33,-23,73.2
23965,-32,-23,87.1
23966,-31,-15,86
23967,-30,-21,84.9
23968,-29,20,83.8
23970,-28,21,93.62
23971,-27,0,92.44
23972,-26,24,91.26
23973,-24,11,90.08
23975,-23,9,101.76
23976,-21,-21,100.44
23977,-20,-23,99.12
23978,-18,-18,109.68
23980,-16,-21,108.24
23981,-13,-14,106.8
23982,-10,26,105.36
23983,-8,11,103.92
23985,-4,21,114.36
23986,-1,21,112.8
23987,2,7,111.24
23988,5,0,109.68
23990,9,2,122.96
23991,13,0,121.24
23992,16,-13,119.52
23993,20,-30,117.8
23995,23,-20,126.95
23996,27,-7,125.1
23997,30,14,123.25
23998,34,21,121.4
24000,37,16,132.43
24001,40,-11,130.46
24002,43,21,128.49
24003,47,14,126.52
24005,50,-6,135.46
24006,53,-28,133.4
24007,56,-18,131.34
24008,59,-9,129.28
24010,62,-8,136.13
24011,65,-5,133.98
24012,67,-1,131.83
24013,70,5,129.68
24015,72,3,142.39
24016,74,3,140.1
24017,77,5,137.81
24018,79,2,135.52
24020,81,1,141.13
24021,84,3,138.74
24022,86,-12,136.35
24023,88,-3,133.96
24025,90,3,142.5
24026,92,0,140.04
24027,94,4,137.58
24028,95,3,135.12
24030,96,5,142.59
24031,97,3,140.06
24032,98,4,137.53
24033,99,3,135
24035,99,-1,142.39
24036,100,-1,139.78
24037,100,0,137.17
24038,100,0,134.56
24040,99,1,140.91
24041,99,2,138.26
24042,99,-12,135.61
24043,99,-5,132.96
24045,99,1,140.26
24046,99,3,137.56
24047,99,2,134.86
24048,99,4,132.16
24050,99,5,131.52
24051,99,4,128.88
24052,99,-1,126.24
24053,98,0,123.6
24055,97,3,127.94
24056,97,0,125.28
24057,96,-1,122.62
24058,95,-3,119.96
24060,93,9,127.3
24061,92,3,124.64
24062,91,1,121.98
24063,90,-2,119.32
24065,89,1,121.7
24066,87,2,119.08
24067,86,-5,116.46
24068,85,1,113.84
24070,83,-3,117.26
24071,82,-5,114.68
24072,81,4,112.1
24073,79,-3,109.52
24075,78,32,111.98
24076,77,32,109.44
24077,76,24,106.9
24078,75,18,104.36
24080,74,9,106.92
24081,73,0,104.48
24082,72,-11,102.04
24083,71,-47,99.6
24085,69,-20,101.21
24086,68,-16,98.82
24087,67,-4,96.43
24088,66,20,94.04
24090,64,12,93.78
24091,63,11,91.52
24092,61,2,94.21
24093,60,-1,91.9
24095,58,0,89.7
24096,57,-6,87.5
24097,55,-28,85.3
24098,54,-17,83.1
24100,52,-14,81.03
24101,51,-4,78.96
24102,49,28,76.89
24103,48,29,74.94
24105,46,17,74.97
24106,45,14,73
24107,44,1,71.03
24108,42,1,69.06
24110,41,2,67.21
24111,40,-6,65.36
24112,39,-10,63.51
24113,38,-29,61.66
24115,37,-18,59.96
24116,36,-10,58.26
24117,35,24,56.56
24118,34,21,54.86
24120,32,11,52.28
24121,31,10,50.7
24122,30,13,49.12
24123,29,9,47.54
24125,27,0,44.11
24126,25,-7,42.68
24127,23,-9,41.25
24128,22,-37,39.82
24130,19,-18,33.55
24131,17,-16,32.28
24132,15,-7,31.01
24133,13,-8,29.74
24135,10,-9,25.59
24136,7,6,24.44
24137,5,6,23.29
24138,2,4,22.14
24140,0,5,20.15
24141,-3,7,19.16
24142,-5,-4,18.17
24143,-8,6,17.18
24145,-11,3,9.34
24146,-13,-1,8.5
24147,-15,3,7.66
24148,-18,2,6.82
24150,-19,-1,3.12
24151,-21,1,2.42
24152,-22,1,1.72
24153,-24,-11,1.02
24155,-25,2,-4.53
24156,-25,-2,-5.08
24157,-25,4,-5.63
24158,-25,4,-6.18
24160,-25,9,-11.58
24161,-23,6,-11.98
24162,-21,-5,-12.38
24163,-19,3,-12.78
24165,-17,0,-18.04
24166,-14,-5,-18.3
24167,-10,2,-18.56
24168,-7,3,-18.82
24170,-3,4,-23.93
24171,0,2,-24.04
24172,4,-2,-24.15
24173,9,0,-24.26
24175,13,2,-31.28
24176,17,-2,-31.3
24177,22,0,-31.32
24178,26,6,-31.34
24180,30,1,-34.26
24181,34,7,-34.18
24182,38,1,-34.1
24183,42,-2,-34.02
24185,46,1,-38.79
24186,49,0,-38.56
24187,53,0,-38.33
24188,56,-1,-38.1
24190,60,1,-43.76
24191,63,-4,-43.42
24192,66,8,-43.08
24193,68,24,-42.74
24195,71,24,-44.32
24196,74,17,-43.9
24197,76,5,-48.43
24198,79,1,-47.96
24200,81,-2,-47.44
24201,83,-14,-46.92
24202,84,-33,-46.4
24203,86,-26,-51.82
24205,88,-11,-51.19
24206,90,-11,-50.56
24207,91,32,-49.93
24208,93,35,-49.3
24210,94,26,-50.61
24211,96,15,-49.92
24212,98,5,-49.23
24213,99,6,-48.54
24215,101,-31,-52.78
24216,102,-30,-52.02
24217,103,-19,-51.21
24218,104,-14,-50.4
24220,104,-12,-52.56
24221,105,-9,-51.72
24222,105,40,-50.88
24223,106,38,-50.04
24225,106,12,-52.17
24226,107,14,-51.3
24227,107,10,-50.43
24228,108,-4,-49.56
24230,108,-8,-52.63
24231,109,-12,-51.7
24232,110,-17,-50.77
24233,110,-24,-49.84
24235,111,-20,-50.89
24236,111,-8,-49.94
24237,111,27,-48.99
24238,111,18,-48.04
24240,111,17,-49.07
24241,111,19,-48.1
24242,111,13,-47.13
24243,111,5,-46.16
24245,110,-6,-48.17
24246,110,-7,-47.18
24247,109,-9,-46.19
24248,108,-30,-45.2
24250,107,-23,-45.22
24251,105,-16,-44.24
24252,104,-13,-43.26
24253,102,18,-42.28
24255,100,25,-46.3
24256,97,-7,-45.32
24257,95,28,-44.34
24258,93,18,-43.36
24260,91,-23,-43.4
24261,88,-31,-42.44
24262,86,-11,-41.48
24263,84,-16,-40.52
24265,82,-8,-41.55
24266,81,-2,-40.58
24267,79,-7,-39.61
24268,78,13,-38.64
24270,77,6,-42.69
24271,75,4,-41.74
24272,74,4,-40.79
24273,72,6,-39.84
24275,71,2,-40.9
24276,70,8,-39.96
24277,69,-5,-39.02
24278,68,2,-38.08
24280,68,3,-38.18
24281,67,1,-37.28
24282,67,4,-36.38
24283,67,-1,-35.48
24285,67,2,-35.62
24286,67,-1,-34.76
24287,67,0,-33.9
24288,66,-2,-33.04
24290,65,-1,-34.21
24291,64,1,-33.38
24292,61,4,-32.55
24293,59,4,-31.72
24295,57,-5,-32.92
24296,56,1,-32.12
24297,55,-9,-31.32
24298,55,2,-30.52
24300,57,2,-31.77
24301,61,-1,-31.02
24302,66,3,-30.27
24303,72,2,-29.52
24305,81,1,-33.75
24306,92,3,-32.98
24307,105,5,-32.21
24308,119,0,-31.44
24310,138,-1,-31.71
24311,161,1,-30.98
24312,187,0,-30.25
24313,215,0,-29.52
24315,247,1,-31.82
24316,283,-1,-31.12
24317,321,0,-30.42
24318,360,2,-29.72
24320,400,-1,-31.02
24321,440,-5,-30.32
24322,481,2,-29.67
24323,520,0,-29.02
24325,555,2,-32.33
24326,587,1,-31.64
24327,616,3,-30.95
24328,641,30,-30.32
24330,661,23,-31.67
24331,678,15,-31.02
24332,686,9,-34.33
24333,689,2,-33.64
24335,686,0,-32.97
24336,678,-17,-32.3
24337,663,-32,-31.63
24338,641,-21,-30.96
24340,615,-31,-30.34
24341,585,-11,-29.72
24342,553,22,-29.1
24343,517,31,-33.43
24345,479,25,-32.79
24346,440,23,-32.15
24347,401,11,-31.51
24348,361,6,-30.87
24350,322,-3,-30.26
24351,282,-4,-29.65
24352,244,-7,-29.04
24353,207,-32,-32.39
24355,171,-20,-31.78
24356,137,-24,-31.17
24357,104,10,-30.56
24358,73,18,-30.94
24360,44,16,-30.34
24361,16,12,-29.74
24362,-8,14,-29.14
24363,-32,-12,-31.51
24365,-53,-17,-30.9
24366,-73,-13,-30.29
24367,-90,-15,-29.68
24368,-106,-14,-33.03
24370,-120,-5,-32.41
24371,-132,-1,-31.79
24372,-143,26,-31.17
24373,-152,29,-29.56
24375,-160,18,-28.96
24376,-167,16,-28.36
24377,-173,-22,-27.76
24378,-177,-21,-31.12
24380,-181,-14,-30.53
24381,-183,-9,-29.94
24382,-185,-4,-29.35
24383,-185,-7,-32.72
24385,-185,-3,-32.1
24386,-184,4,-31.48
24387,-182,2,-30.86
24388,-180,3,-31.23
24390,-177,1,-30.62
24391,-174,0,-30.01
24392,-171,3,-29.4
24393,-168,-2,-32.75
24395,-165,6,-32.15
24396,-162,3,-31.55
24397,-159,0,-30.95
24398,-156,-1,-30.35
24400,-153,2,-29.77
24401,-149,3,-29.19
24402,-146,0,-28.61
24403,-143,-9,-32.98
24405,-140,7,-32.36
24406,-138,0,-31.74
24407,-135,2,-31.12
24408,-132,4,-31.49
24410,-130,-5,-30.87
24411,-128,4,-30.25
24412,-125,2,-29.63
24413,-123,-1,-30.99
24415,-121,2,-30.37
24416,-119,-4,-29.75
24417,-117,0,-29.13
24418,-116,4,-30.49
24420,-114,0,-29.87
24421,-112,2,-29.25
24422,-111,-1,-28.63
24423,-109,1,-32.96
24425,-107,5,-32.31
24426,-106,3,-31.66
24427,-104,-1,-31.01
24428,-102,-12,-31.35
24430,-101,1,-30.74
24431,-100,8,-30.13
24432,-98,2,-29.52
24433,-97,3,-32.87
24435,-97,2,-32.23
24436,-96,1,-31.59
24437,-95,2,-30.95
24438,-95,-1,-33.28
24440,-94,1,-32.64
24441,-94,-3,-32
24442,-94,0,-31.36
24443,-93,-2,-30.72
24445,-93,0,-30.1
24446,-92,0,-29.48
24447,-92,0,-28.86
24448,-91,36,-32.2
24450,-91,15,-31.58
24451,-90,16,-30.96
24452,-90,4,-33.31
24453,-89,7,-32.66
24455,-89,11,-32.03
24456,-88,-43,-31.4
24457,-88,-50,-34.77
24458,-88,-23,-34.14
24460,-87,-16,-33.51
24461,-87,-3,-32.88
24462,-87,40,-32.25
24463,-87,28,-34.59
24465,-86,34,-33.93
24466,-85,15,-33.27
24467,-85,13,-32.61
24468,-84,3,-32
24470,-84,3,-31.39
24471,-83,-6,-30.78
24472,-83,-8,-30.17
24473,-83,-39,-33.52
24475,-83,-20,-32.87
24476,-83,-10,-32.22
24477,-83,14,-31.57
24478,-83,14,-34.92
24480,-83,11,-34.27
24481,-82,9,-33.62
24482,-82,14,-32.97
24483,-82,3,-33.32
24485,-81,7,-32.67
24486,-81,1,-32.02
24487,-80,3,-31.37
24488,-80,-29,-33.72
24490,-80,-29,-33.07
24491,-80,-13,-32.42
24492,-80,20,-31.77
24493,-81,7,-34.13
24495,-81,12,-33.49
24496,-82,16,-32.85
24497,-82,12,-32.21
24498,-83,-2,-34.53
24500,-83,1,-33.85
24501,-84,2,-33.17
24502,-84,-34,-32.49
24503,-85,-19,-34.82
24505,-85,-17,-34.15
24506,-86,-5,-33.48
24507,-86,-7,-32.81
24508,-86,0,-33.17
24510,-87,4,-32.53
24511,-87,7,-31.89
24512,-88,3,-31.25
24513,-88,6,-31.61
24515,-88,-2,-30.97
24516,-89,-2,-30.33
24517,-89,1,-29.69
24518,-90,0,-32.06
24520,-90,-3,-31.43
24521,-91,3,-30.8
24522,-91,3,-30.17
24523,-92,5,-28.55
24525,-92,3,-27.93
24526,-92,2,-27.31
24527,-92,6,-26.69
24528,-92,2,-23.15
24530,-92,-2,-22.61
24531,-92,-2,-22.07
24532,-92,0,-21.53
24533,-92,0,-21
24535,-92,-3,-20.47
24536,-92,1,-19.94
24537,-93,4,-19.41
24538,-93,0,-14.94
24540,-93,3,-14.47
24541,-94,-11,-14
24542,-94,0,-13.53
24543,-94,0,-8.13
24545,-94,0,-7.73
24546,-94,3,-7.33
24547,-94,-6,-6.93
24548,-94,-7,-0.64
24550,-94,8,-0.35
24551,-94,6,-0.06
24552,-95,7,0.23
24553,-95,3,9.42
24555,-95,4,9.61
24556,-95,-1,9.8
24557,-95,0,9.99
24558,-96,-2,14.1
24560,-96,-3,14.21
24561,-96,-1,14.32
24562,-95,-7,14.43
24563,-95,-2,22.43
24565,-95,6,22.43
24566,-95,4,22.43
24567,-94,0,22.43
24568,-94,32,32.33
24570,-93,27,32.23
24571,-93,-2,32.13
24572,-93,3,38.96
24573,-92,4,38.75
24575,-92,0,38.54
24576,-92,-25,38.33
24577,-91,-25,48.98
24578,-91,-17,48.63
24580,-91,-4,48.28
24581,-91,-7,47.93
24582,-91,35,47.54
24583,-90,21,52.1
24585,-90,22,51.66
24586,-89,15,51.22
24587,-89,10,50.78
24588,-88,4,64.17
24590,-87,0,63.56
24591,-87,-3,62.95
24592,-87,4,62.34
24593,-86,-31,71.63
24595,-86,-26,70.92
24596,-85,-21,70.21
24597,-84,26,69.5
24598,-84,19,77.66
24600,-82,10,76.82
24601,-81,5,75.98
24602,-79,10,75.14
24603,-77,6,86.14
24605,-75,-6,85.14
24606,-73,0,84.14
24607,-70,-13,83.14
24608,-68,-32,88.07
24610,-64,-25,87
24611,-61,-10,85.93
24612,-58,34,84.86
24613,-54,22,93.66
24615,-50,12,92.46
24616,-46,13,91.26
24617,-42,3,90.06
24618,-39,10,101.7
24620,-35,3,100.34
24621,-32,-9,98.98
24622,-29,-9,97.62
24623,-26,-36,101.18
24625,-23,-17,99.74
24626,-20,-13,98.3
24627,-17,-11,96.86
24628,-14,28,102.32
24630,-11,18,100.78
24631,-8,28,99.24
24632,-6,-20,97.7
24633,-3,-16,107.04
24635,-1,-11,105.38
24636,1,-13,103.72
24637,3,-10,102.06
24638,5,-7,110.29
24640,7,3,108.52
24641,9,3,106.75
24642,10,5,104.98
24643,12,3,107.14
24645,14,5,105.3
24646,15,5,103.46
24647,17,7,101.62
24648,18,2,105.73
24650,19,2,103.84
24651,21,0,101.95
24652,22,2,100.06
24653,22,1,106.12
24655,23,-3,104.18
24656,24,-2,102.24
24657,24,0,100.3
24658,24,1,104.3
24660,24,-2,102.3
24661,24,3,100.3
24662,24,0,98.3
24663,24,0,104.26
24665,24,5,102.22
24666,23,4,100.18
24667,23,-1,98.14
24668,23,1,99.12
24670,22,0,97.1
24671,22,-1,95.08
24672,21,0,93.06
24673,20,0,96.05
24675,19,-1,94.04
24676,18,-5,92.03
24677,17,1,90.02
24678,16,-2,94.04
24680,15,2,92.06
24681,14,-1,90.08
24682,14,0,88.1
24683,13,2,89.13
24685,12,2,87.16
24686,11,-1,85.19
24687,11,-1,83.22
24688,10,-1,85.29
24690,10,2,83.36
24691,9,8,81.43
24692,9,-2,79.5
24693,8,1,82.62
24695,7,0,80.74
24696,6,0,78.86
24697,5,-3,77.05
24698,4,-3,78.21
24700,3,-1,76.37
24701,2,2,74.53
24702,1,2,72.8
24703,0,1,70.08
24705,0,29,68.36
24706,-1,29,66.64
24707,-3,17,64.92
24708,-4,13,66.22
24710,-5,12,64.52
24711,-6,2,62.82
24712,-7,-10,61.12
24713,-9,-40,63.52
24715,-10,-27,61.92
24716,-12,-16,60.32
24717,-13,-16,58.72
24718,-15,16,59.2
24720,-17,18,57.68
24721,-18,18,56.16
24722,-20,6,53.65
24723,-21,4,52.23
24725,-22,1,50.81
24726,-24,-2,49.39
24727,-25,-32,45
24728,-26,-22,43.73
24730,-27,-20,42.46
24731,-28,-1,41.19
24732,-29,39,39.92
24733,-31,23,38.71
24735,-32,15,37.5
24736,-33,11,36.29
24737,-35,6,35.08
24738,-37,6,32.98
24740,-38,1,31.88
24741,-40,-3,30.78
24742,-43,-4,29.68
24743,-45,-29,28.71
24745,-47,-21,27.74
24746,-49,-21,26.77
24747,-51,20,25.8
24748,-54,14,21.91
24750,-56,13,21.02
24751,-57,19,20.13
24752,-59,5,19.24
24753,-61,-15,12.48
24755,-63,-18,11.72
24756,-65,-17,10.96
24757,-67,-14,10.2
24758,-70,-8,3.61
24760,-72,-3,3.02
24761,-75,-3,2.43
24762,-78,3,1.84
24763,-81,4,-1.62
24765,-83,4,-2.08
24766,-86,2,-2.54
24767,-88,5,-3
24768,-90,2,-10.35
24770,-92,-3,-10.7
24771,-94,3,-11.05
24772,-95,3,-11.4
24773,-96,0,-16.64
24775,-97,1,-16.88
24776,-97,-8,-17.12
24777,-97,9,-17.36
24778,-96,-6,-22.47
24780,-94,-15,-22.58
24781,-92,6,-22.69
24782,-89,4,-22.8
24783,-86,5,-32.75
24785,-82,7,-32.7
24786,-79,4,-32.65
24787,-74,6,-32.6
24788,-70,0,-34.45
24790,-65,-9,-34.3
24791,-60,4,-34.15
24792,-55,-11,-34
24793,-50,1,-40.75
24795,-46,4,-40.5
24796,-41,1,-40.25
24797,-37,4,-40
24798,-32,2,-44.65
24800,-28,3,-44.3
24801,-25,2,-43.95
24802,-21,-2,-43.6
24803,-18,-4,-49.13
24805,-14,0,-48.66
24806,-11,1,-48.19
24807,-8,0,-47.72
24808,-5,4,-51.18
24810,-2,2,-50.64
24811,0,6,-50.1
24812,2,-3,-49.56
24813,4,2,-52.94
24815,7,4,-52.32
24816,9,-2,-51.7
24817,11,0,-51.08
24818,13,2,-58.33
24820,14,1,-57.58
24821,16,-3,-56.83
24822,17,-4,-56.08
24823,18,25,-58.27
24825,20,9,-57.46
24826,21,13,-58.63
24827,21,15,-57.8
24828,22,4,-56.98
24830,22,-4,-56.16
24831,23,-13,-59.3
24832,23,-27,-58.44
24833,23,-19,-57.55
24835,23,-7,-56.66
24836,23,-6,-55.77
24837,23,22,-56.86
24838,24,14,-55.91
24840,24,21,-54.96
24841,24,3,-54.01
24842,24,16,-53.06
24843,24,0,-59.02
24845,25,-24,-57.98
24846,25,-16,-56.94
24847,25,-10,-55.91
24848,25,-9,-58.84
24850,26,-6,-57.77
24851,26,1,-56.7
24852,27,34,-57.64
24853,27,34,-56.58
24855,27,16,-55.52
24856,28,6,-54.46
24857,28,3,-57.36
24858,28,2,-56.26
24860,28,-2,-55.16
24861,28,-4,-54.06
24862,27,-20,-53.95
24863,26,-26,-52.85
24865,25,-23,-51.75
24866,23,-11,-50.65
24867,22,12,-53.51
24868,20,25,-52.37
24870,18,16,-51.23
24871,16,18,-50.09
24872,14,7,-51.92
24873,13,4,-50.78
24875,11,0,-49.64
24876,9,-26,-48.5
24877,7,-26,-48.35
24878,6,-27,-47.26
24880,4,-7,-46.17
24881,3,-12,-45.08
24882,2,-3,-47.95
24883,1,2,-46.88
24885,0,32,-45.81
24886,0,-1,-44.74
24887,0,33,-44.66
24888,-1,18,-43.61
24890,-1,15,-42.56
24891,-2,10,-41.51
24892,-2,-13,-43.43
24893,-3,-22,-42.42
24895,-3,-18,-41.41
24896,-4,-18,-40.4
24897,-4,-14,-42.36
24898,-5,-1,-41.37
24900,-5,1,-40.38
24901,-6,6,-39.39
24902,-6,3,-39.39
24903,-7,6,-38.44
24905,-9,3,-37.49
24906,-10,1,-36.54
24907,-11,-2,-40.54
24908,-13,0,-39.64
24910,-15,3,-38.74
24911,-16,3,-37.84
24912,-16,-6,-39.91
24913,-15,-1,-39
24915,-12,0,-38.09
24916,-8,1,-37.18
24917,-2,2,-38.25
24918,6,-2,-37.39
24920,15,3,-36.53
24921,26,2,-35.67
24922,41,4,-35.8
24923,60,2,-34.98
24925,81,2,-34.16
24926,104,2,-33.34
24927,133,2,-37.47
24928,164,0,-36.66
24930,199,-5,-35.85
24931,236,0,-35.04
24932,275,-6,-33.24
24933,317,-1,-32.48
24935,361,0,-31.72
24936,405,2,-30.96
24937,447,-10,-34.16
24938,486,8,-33.4
24940,523,-2,-32.64
24941,558,-2,-31.88
24942,588,8,-35.08
24943,613,1,-34.36
24945,635,0,-33.64
24946,653,2,-32.92
24947,664,1,-33.19
24948,670,-5,-32.49
24950,671,4,-31.79
24951,668,1,-31.11
24952,658,2,-34.39
24953,642,-4,-33.67
24955,621,3,-32.95
24956,597,-1,-32.27
24957,567,34,-34.56
24958,532,24,-33.85
24960,494,18,-33.14
24961,454,16,-32.43
24962,413,1,-34.71
24963,370,-2,-33.99
24965,328,-16,-33.27
24966,285,-39,-32.55
24967,243,-24,-32.82
24968,202,-19,-32.16
24970,163,-8,-31.5
24971,124,-3,-30.84
24972,87,27,-33.15
24973,52,26,-32.5
24975,19,15,-31.85
24976,-11,9,-35.16
24977,-41,6,-34.49
24978,-68,-3,-33.82
24980,-93,-4,-33.15
24981,-115,-20,-35.45
24982,-136,-28,-34.79
24983,-154,-18,-34.13
24985,-171,-15,-33.47
24986,-185,1,-32.81
24987,-197,30,-33.15
24988,-208,28,-32.49
24990,-217,19,-31.83
24991,-225,11,-31.17
24992,-231,9,-32.53
24993,-236,0,-31.89
24995,-239,8,-31.25
24996,-242,-1,-30.61
24997,-244,-19,-32.97
24998,-245,-33,-32.33
25000,-246,-20,-31.69
25001,-245,-15,-31.05
25002,-245,-1,-31.41
25003,-243,-5,-30.77
25005,-241,3,-30.13
25006,-239,5,-29.49
25007,-237,9,-30.87
25008,-234,4,-30.25
25010,-231,-2,-29.63
25011,-227,0,-29.01
25012,-224,2,-29.39
25013,-220,4,-28.77
25015,-217,-2,-28.15
25016,-213,2,-27.53
25017,-209,4,-31.89
25018,-206,4,-31.25
25020,-202,0,-30.61
25021,-199,0,-29.97
25022,-196,4,-33.32
25023,-192,3,-32.67
25025,-189,2,-32.02
25026,-186,2,-31.37
25027,-183,1,-30.73
25028,-180,0,-30.09
25030,-177,-1,-29.45
25031,-174,-1,-28.81
25032,-172,-1,-32.18
25033,-169,0,-31.55
25035,-167,-1,-30.92
25036,-165,1,-30.29
25037,-163,2,-31.67
25038,-162,-10,-31.05
25040,-160,3,-30.43
25041,-159,2,-29.81
25042,-158,-6,-29.21
25043,-156,2,-28.61
25045,-155,4,-28.01
25046,-154,2,-27.41
25047,-153,-10,-27.81
25048,-152,-1,-27.21
25050,-151,-9,-26.61
25051,-150,-4,-26.01
25052,-149,6,-27.44
25053,-148,4,-26.87
25055,-148,8,-26.3
25056,-147,5,-25.73
25057,-146,0,-27.13
25058,-146,3,-26.53
25060,-145,4,-25.93
25061,-144,1,-25.33
25062,-143,22,-25.76
25063,-142,29,-25.19
25065,-141,18,-24.62
25066,-141,4,-27.02
25067,-140,3,-26.46
25068,-139,1,-25.9
25070,-138,-4,-25.34
25071,-137,-14,-25.77
25072,-136,-43,-25.21
25073,-136,-26,-24.65
25075,-135,-7,-24.09
25076,-135,1,-23.53
25077,-134,30,-24.99
25078,-133,32,-24.45
25080,-132,32,-23.91
25081,-131,17,-23.37
25082,-131,12,-23.85
25083,-130,3,-23.33
25085,-129,-7,-22.81
25086,-129,-2,-22.29
25087,-128,-6,-21.8
25088,-128,-37,-21.31
25090,-127,-27,-20.82
25091,-126,-20,-20.33
25092,-126,15,-21.83
25093,-126,15,-21.33
25095,-125,12,-20.83
25096,-125,14,-20.33
25097,-125,9,-20.85
25098,-124,5,-20.37
25100,-124,-6,-19.89
25101,-124,-11,-19.45
25102,-123,-34,-20
25103,-123,-22,-19.55
25105,-122,-13,-19.1
25106,-122,-2,-18.68
25107,-121,37,-18.26
25108,-121,27,-17.84
25110,-120,16,-17.42
25111,-120,19,-17
25112,-119,7,-21.54
25113,-119,-2,-21.08
25115,-119,-2,-20.62
25116,-119,-6,-20.16
25117,-119,-4,-23.68
25118,-118,-29,-23.2
25120,-118,-19,-22.72
25121,-118,-11,-22.24
25122,-117,-5,-20.8
25123,-117,32,-20.36
25125,-117,15,-19.92
25126,-116,-15,-19.48
25127,-116,15,-22.02
25128,-116,5,-21.56
25130,-116,-20,-21.1
25131,-115,-15,-20.64
25132,-115,-14,-20.2
25133,-115,-10,-19.76
25135,-115,0,-19.32
25136,-115,-8,-18.88
25137,-114,3,-18.45
25138,-114,-3,-18.02
25140,-114,-11,-17.59
25141,-114,5,-17.16
25142,-113,-1,-15.79
25143,-113,5,-15.42
25145,-112,-2,-15.05
25146,-112,6,-14.68
25147,-112,10,-12.37
25148,-111,7,-12.06
25150,-111,5,-11.75
25151,-111,4,-11.44
25152,-110,1,-9.15
25153,-110,2,-8.86
25155,-110,2,-8.57
25156,-110,1,-8.28
25157,-109,-4,-5.06
25158,-109,0,-4.84
25160,-109,-1,-4.62
25161,-108,-10,-4.4
25162,-108,3,1.74
25163,-108,-1,1.88
25165,-108,-10,2.02
25166,-108,5,2.16
25167,-108,3,11.21
25168,-108,-8,11.26
25170,-108,7,11.31
25171,-108,7,11.36
25172,-108,3,16.35
25173,-108,6,16.34
25175,-108,3,16.33
25176,-108,0,16.32
25177,-108,-5,25.2
25178,-107,0,25.08
25180,-107,2,24.96
25181,-107,-5,24.84
25182,-107,-11,32.62
25183,-107,6,32.4
25185,-106,4,32.18
25186,-106,6,31.96
25187,-106,-2,44.6
25188,-105,-10,44.24
25190,-105,5,43.88
25191,-105,7,43.49
25192,-105,2,49.04
25193,-105,4,48.59
25195,-105,3,48.14
25196,-105,2,47.68
25197,-105,1,57.12
25198,-105,44,56.56
25200,-105,16,56
25201,-105,12,68.31
25202,-105,0,67.6
25203,-104,6,66.89
25205,-104,3,66.18
25206,-103,-19,77.35
25207,-102,-37,76.51
25208,-101,-21,75.67
25210,-100,-13,74.83
25211,-99,-13,81.91
25212,-98,36,80.99
25213,-96,27,80.07
25215,-95,21,79.15
25216,-94,22,78.23
25217,-92,8,89.17
25218,-90,-3,88.11
25220,-88,-10,87.05
25221,-86,-4,85.99
25222,-83,-1,93.83
25223,-81,-30,92.67
25225,-78,-27,91.51
25226,-75,-21,90.35
25227,-72,26,98.09
25228,-68,18,96.83
25230,-65,21,95.57
25231,-61,14,94.31
25232,-57,5,99.98
25233,-53,-3,98.65
25235,-50,-44,97.32
25236,-46,-28,95.99
25237,-42,-10,106.49
25238,-38,-5,104.99
25240,-34,-4,103.49
25241,-31,4,101.99
25242,-27,39,110.35
25243,-23,37,108.71
25245,-19,19,107.07
25246,-16,10,105.43
25247,-12,5,112.71
25248,-9,-4,110.99
25250,-6,-8,109.27
25251,-3,-3,107.55
25252,0,-13,115.7
25253,2,-24,113.85
25255,4,-16,112
25256,6,-21,110.15
25257,8,-3,117.21
25258,10,-7,115.27
25260,12,-12,113.33
25261,14,5,111.39
25262,16,4,115.39
25263,17,4,113.39
25265,19,6,111.39
25266,20,2,109.39
25267,21,7,114.33
25268,22,-3,112.27
25270,23,-2,110.21
25271,24,2,108.15
25272,25,-2,115.02
25273,25,-7,112.89
25275,25,1,110.76
25276,25,11,108.63
25277,25,2,113.45
25278,25,0,111.27
25280,25,-1,109.09
25281,24,1,106.91
25282,24,-5,109.71
25283,23,-1,107.51
25285,23,0,105.31
25286,22,4,103.11
25287,22,4,109.88
25288,22,-8,107.65
25290,21,3,105.42
25291,21,2,103.19
25292,21,4,104.02
25293,20,4,101.85
25295,20,1,99.68
25296,20,4,97.51
25297,19,-2,99.35
25298,18,1,97.19
25300,18,-1,95.03
25301,17,1,92.87
25302,16,1,95.75
25303,16,0,93.63
25305,15,2,91.51
25306,14,6,89.39
25307,13,-1,93.29
25308,12,0,91.19
25310,11,3,89.09
25311,10,0,86.99
25312,9,2,86.01
25313,8,0,84.03
25315,7,0,82.05
25316,6,1,80.07
25317,5,3,80.13
25318,3,29,78.19
25320,2,30,76.25
25321,1,8,77.28
25322,0,8,75.41
25323,-1,-1,73.54
25325,-2,-7,74.64
25326,-4,-14,72.87
25327,-6,-31,71.1
25328,-7,-26,69.33
25330,-9,-20,67.56
25331,-10,-16,64.92
25332,-12,25,63.28
25333,-14,24,61.64
25335,-16,20,60
25336,-17,33,58.44
25337,-19,9,60.84
25338,-21,7,59.24
25340,-23,-1,57.64
25341,-25,-4,56.04
25342,-27,-17,52.58
25343,-29,-24,51.12
25345,-31,-13,49.66
25346,-32,-18,48.2
25347,-34,34,42.87
25348,-36,16,41.54
25350,-37,17,40.21
25351,-38,6,38.88
25352,-39,0,34.67
25353,-41,0,33.46
25355,-42,-3,32.25
25356,-43,-4,31.04
25357,-45,-6,28.91
25358,-46,-23,27.78
25360,-48,-18,26.65
25361,-50,-12,25.52
25362,-51,26,21.54
25363,-53,16,20.56
25365,-54,15,19.58
25366,-56,11,10.68
25367,-58,8,9.88
25368,-60,6,9.08
25370,-61,-6,8.28
25371,-63,-9,4.51
25372,-66,-6,3.83
25373,-68,-31,3.15
25375,-70,-27,2.47
25376,-73,-7,-6.13
25377,-75,19,-6.63
25378,-78,2,-7.13
25380,-80,-10,-7.63
25381,-83,21,-14.07
25382,-85,-17,-14.42
25383,-88,-9,-14.77
25385,-90,-9,-15.12
25386,-91,-4,-18.44
25387,-93,1,-18.7
25388,-94,3,-18.96
25390,-96,-4,-19.22
25391,-96,10,-27.4
25392,-97,11,-27.51
25393,-97,-5,-27.62
25395,-97,-7,-27.73
25396,-96,3,-35.76
25397,-94,4,-35.7
25398,-93,3,-35.64
25400,-90,-6,-35.58
25401,-88,4,-40.47
25402,-85,3,-40.29
25403,-82,3,-40.11
25405,-79,3,-39.93
25406,-76,3,-44.7
25407,-72,2,-44.42
25408,-69,0,-44.14
25410,-66,-6,-43.86
25411,-62,1,-48.53
25412,-59,1,-48.11
25413,-55,3,-47.69
25415,-52,0,-47.27
25416,-49,0,-53.78
25417,-45,-1,-53.26
25418,-42,0,-52.74
25420,-39,1,-52.22
25421,-36,2,-56.65
25422,-32,0,-56.04
25423,-29,-9,-55.43
25425,-27,4,-54.82
25426,-24,-3,-59.16
25427,-21,4,-58.45
25428,-18,0,-57.74
25430,-16,2,-57.03
25431,-14,-2,-57.31
25432,-11,-4,-56.53
25433,-9,-9,-55.75
25435,-8,3,-54.97
25436,-6,3,-59.14
25437,-5,2,-58.3
25438,-3,-1,-57.46
25440,-2,5,-56.62
25441,-2,5,-58.75
25442,-1,6,-57.86
25443,0,4,-56.97
25445,0,2,-56.08
25446,0,0,-61.1
25447,1,-2,-60.12
25448,1,-9,-59.14
25450,2,3,-58.13
25451,2,5,-60.09
25452,3,2,-59.05
25453,3,-1,-58.01
25455,4,-4,-56.97
25456,4,28,-57.92
25457,5,25,-56.87
25458,5,23,-55.82
25460,6,10,-54.77
25461,6,3,-54.71
25462,6,9,-53.61
25463,6,-24,-52.51
25465,7,-22,-51.41
25466,7,-16,-57.24
25467,7,-19,-56.09
25468,7,21,-54.94
25470,7,10,-53.79
25471,7,5,-53.63
25472,6,8,-52.51
25473,6,3,-51.39
25475,5,4,-54.23
25476,4,-29,-53.07
25477,3,-26,-51.94
25478,1,-13,-50.81
25480,0,-2,-52.65
25481,-1,-20,-51.49
25482,-3,36,-50.34
25483,-5,25,-49.19
25485,-7,25,-48.04
25486,-10,17,-51.84
25487,-12,10,-50.67
25488,-14,1,-49.5
25490,-16,0,-48.33
25491,-19,-5,-48.23
25492,-21,-3,-47.13
25493,-23,-28,-46.03
25495,-26,-23,-44.93
25496,-28,-14,-45.84
25497,-30,14,-44.75
25498,-31,15,-43.66
25500,-33,17,-42.57
25501,-34,11,-43.54
25502,-36,-26,-42.51
25503,-37,-19,-41.48
25505,-38,-18,-40.45
25506,-39,-8,-42.45
25507,-40,-1,-41.45
25508,-40,-4,-40.45
25510,-40,4,-39.45
25511,-41,9,-39.47
25512,-41,5,-38.49
25513,-42,4,-37.51
25515,-42,4,-36.53
25516,-42,4,-40.58
25517,-43,1,-39.63
25518,-43,-10,-38.68
25520,-44,-7,-37.73
25521,-45,7,-38.84
25522,-46,-4,-37.95
25523,-48,1,-37.06
25525,-50,5,-36.17
25526,-52,5,-35.33
25527,-54,7,-34.49
25528,-57,12,-33.65
25530,-59,0,-32.81
25531,-60,-11,-33.01
25532,-59,0,-32.21
25533,-57,2,-31.41
25535,-54,4,-30.61
25536,-49,0,-31.84
25537,-42,0,-31.07
25538,-33,-1,-30.3
25540,-24,-9,-29.53
25541,-10,1,-30.81
25542,6,3,-30.09
25543,25,-1,-29.37
25545,47,0,-28.65
25546,74,3,-28.97
25547,104,4,-28.29
25548,138,1,-27.61
25550,174,0,-26.93
25551,214,1,-30.26
25552,256,2,-29.59
25553,300,-2,-28.92
25555,344,-8,-28.25
25556,387,4,-27.59
25557,428,0,-26.93
25558,466,-2,-26.27
25560,502,-7,-25.61
25561,534,0,-25.99
25562,561,6,-25.37
25563,584,3,-24.75
25565,604,2,-24.13
25566,617,2,-26.51
25567,624,2,-25.89
25568,627,1,-25.27
25570,625,2,-24.65
25571,616,0,-25.08
25572,601,-2,-24.51
25573,582,34,-23.94
25575,558,21,-23.37
25576,530,-2,-24.81
25577,496,10,-24.25
25578,460,-1,-23.69
25580,421,0,-27.09
25581,380,-27,-26.51
25582,338,-24,-25.93
25583,297,-13,-25.35
25585,255,-9,-26.75
25586,213,-9,-26.16
25587,173,35,-25.57
25588,133,24,-24.98
25590,95,22,-24.39
25591,59,9,-24.86
25592,24,9,-24.33
25593,-8,-7,-23.8
25595,-40,-29,-23.27
25596,-69,-19,-24.73
25597,-96,-16,-24.19
25598,-122,-8,-23.65
25600,-145,-1,-23.15
25601,-166,1,-23.64
25602,-185,17,-23.13
25603,-203,28,-22.62
25605,-218,16,-22.14
25606,-231,17,-23.64
25607,-243,5,-23.14
25608,-252,4,-22.64
25610,-261,1,-22.14
25611,-267,-2,-22.68
25612,-273,-6,-22.22
25613,-277,-31,-21.76
25615,-280,-24,-21.3
25616,-282,-11,-25.8
25617,-284,9,-25.3
25618,-284,5,-24.8
25620,-284,11,-24.3
25621,-284,16,-23.82
25622,-282,10,-23.34
25623,-281,7,-22.86
25625,-278,3,-22.38
25626,-276,2,-21.92
25627,-273,-4,-21.46
25628,-270,-29,-21
25630,-266,-24,-20.54
25631,-262,-12,-22.09
25632,-259,-5,-21.64
25633,-255,-5,-21.19
25635,-251,-3,-20.74
25636,-247,7,-24.26
25637,-244,-2,-23.78
25638,-240,8,-23.3
25640,-236,3,-22.82
25641,-233,1,-28.33
25642,-229,4,-27.84
25643,-226,0,-27.35
25645,-223,1,-26.86
25646,-220,3,-29.36
25647,-217,2,-28.86
25648,-214,-2,-28.36
25650,-211,1,-27.86
25651,-209,1,-27.36
25652,-206,1,-26.86
25653,-204,2,-26.36
25655,-201,2,-25.86
25656,-199,5,-28.34
25657,-197,-5,-27.82
25658,-196,3,-27.3
25660,-194,1,-26.78
25661,-192,3,-29.25
25662,-191,1,-28.72
25663,-189,1,-28.19
25665,-188,3,-27.66
25666,-187,0,-27.15
25667,-185,3,-26.64
25668,-184,-3,-26.13
25670,-182,-2,-25.62
25671,-181,-7,-30.07
25672,-180,1,-29.52
25673,-178,-2,-28.97
25675,-177,1,-28.42
25676,-176,6,-27.91
25677,-175,8,-27.4
25678,-174,-8,-26.89
25680,-174,2,-26.38
25681,-173,6,-28.84
25682,-172,1,-28.3
25683,-172,-1,-27.76
25685,-171,2,-27.22
25686,-170,-4,-26.69
25687,-170,2,-26.16
25688,-169,-4,-25.63
25690,-169,3,-25.1
25691,-168,2,-29.55
25692,-168,0,-29
25693,-168,34,-28.45
25695,-168,12,-27.9
25696,-167,12,-30.33
25697,-167,21,-29.76
25698,-167,3,-34.14
25700,-167,5,-33.52
25701,-167,-17,-32.92
25702,-167,-29,-32.32
25703,-167,-29,-31.72
25705,-167,-17,-30.17
25706,-167,-15,-29.62
25707,-166,28,-29.07
25708,-166,23,-28.52
25710,-165,19,-27.99
25711,-165,15,-32.41
25712,-164,7,-31.83
25713,-164,6,-31.25
25715,-163,-9,-30.67
25716,-162,-5,-33.07
25717,-162,2,-32.47
25718,-161,-30,-31.87
25720,-161,-19,-31.27
25721,-161,-11,-31.68
25722,-161,-10,-31.09
25723,-160,22,-30.5
25725,-160,17,-29.91
25726,-160,-21,-32.3
25727,-160,20,-31.69
25728,-159,17,-31.08
25730,-159,5,-30.47
25731,-159,2,-32.85
25732,-158,-2,-32.23
25733,-158,-21,-31.61
25735,-158,-20,-30.99
25736,-158,-12,-30.38
25737,-158,-10,-29.77
25738,-158,26,-29.16
25740,-158,20,-28.55
25741,-158,13,-33.93
25742,-158,16,-33.31
25743,-158,8,-32.69
25745,-158,3,-32.07
25746,-158,-3,-32.44
25747,-158,-4,-31.81
25748,-158,-30,-31.18
25750,-157,-26,-30.55
25751,-157,-13,-29.92
25752,-157,-9,-29.29
25753,-157,24,-28.66
25755,-156,-7,-28.03
25756,-156,32,-30.39
25757,-156,18,-29.75
25758,-155,18,-29.11
25760,-155,-21,-28.47
25761,-155,-16,-29.85
25762,-155,-17,-29.23
25763,-154,-5,-28.61
25765,-154,-14,-27.99
25766,-153,-6,-23.47
25767,-153,4,-22.95
25768,-153,2,-22.43
25770,-153,0,-21.91
25771,-153,6,-23.4
25772,-153,9,-22.89
25773,-153,4,-22.38
25775,-153,-2,-21.87
25776,-153,4,-19.38
25777,-153,3,-18.89
25778,-154,-2,-18.4
25780,-154,1,-17.91
25781,-154,0,-14.48
25782,-155,-4,-14.05
25783,-155,0,-13.62
25785,-156,2,-13.19
25786,-156,2,-9.82
25787,-156,-9,-9.45
25788,-156,2,-9.08
25790,-156,9,-8.71
25791,-156,0,-3.39
25792,-155,4,-3.07
25793,-155,1,-2.75
25795,-154,2,-2.43
25796,-154,-1,2.79
25797,-154,-4,3.01
25798,-154,1,3.23
25800,-154,-4,3.45
25801,-154,1,11.59
25802,-154,2,11.73
25803,-154,1,11.87
25805,-154,3,12.01
25806,-153,3,19.05
25807,-153,-2,19.09
25808,-153,-3,19.13
25810,-153,8,19.17
25811,-153,-7,26.14
25812,-153,0,26.11
25813,-153,5,26.08
25815,-153,-1,26.05
25816,-153,4,33.89
25817,-154,1,33.73
25818,-154,-3,33.57
25820,-154,-1,33.41
25821,-155,0,42.13
25822,-155,1,41.85
25823,-155,0,41.52
25825,-155,2,41.19
25826,-155,1,46.8
25827,-155,7,46.41
25828,-155,27,46.02
25830,-154,20,53.56
25831,-153,12,53.1
25832,-152,8,52.64
25833,-151,2,59.11
25835,-150,-2,58.58
25836,-148,-33,58
25837,-147,-40,57.42
25838,-145,-17,56.84
25840,-143,-9,64.18
25841,-141,-5,63.49
25842,-138,33,62.8
25843,-135,32,62.11
25845,-132,20,61.42
25846,-129,16,71.61
25847,-126,9,70.8
25848,-123,5,69.99
25850,-119,1,69.18
25851,-115,-8,75.27
25852,-112,-8,74.36
25853,-108,-28,73.45
25855,-105,-18,72.54
25856,-102,-23,77.54
25857,-99,19,76.54
25858,-96,15,75.54
25860,-93,13,74.54
25861,-91,15,82.45
25862,-88,9,81.36
25863,-86,1,80.27
25865,-84,0,79.18
25866,-82,-2,82.98
25867,-79,-2,81.78
25868,-77,-33,80.58
25870,-75,-25,79.38
25871,-73,-8,84.11
25872,-71,27,82.84
25873,-68,16,81.57
25875,-66,4,88.22
25876,-65,-16,86.87
25877,-63,24,85.52
25878,-61,9,84.17
25880,-60,-9,89.75
25881,-58,-24,88.3
25882,-57,-17,86.85
25883,-56,-7,85.4
25885,-55,-6,88.9
25886,-54,-5,87.38
25887,-52,-1,85.86
25888,-51,1,84.34
25890,-51,9,91.73
25891,-50,4,90.16
25892,-49,6,88.59
25893,-49,-2,87.02
25895,-48,-1,90.4
25896,-48,2,88.76
25897,-48,5,87.12
25898,-47,-3,85.48
25900,-47,1,88.79
25901,-47,-2,87.12
25902,-47,-5,85.45
25903,-48,-8,83.78
25905,-48,2,85.08
25906,-48,5,83.41
25907,-48,12,81.74
25908,-49,3,80.07
25910,-49,4,83.35
25911,-50,-1,81.66
25912,-50,-6,79.97
25913,-51,-6,78.28
25915,-51,-2,78.57
25916,-52,1,76.91
25917,-53,1,75.25
25918,-54,3,73.59
25920,-55,1,74.9
25921,-56,4,73.26
25922,-56,1,71.62
25923,-57,2,69.98
25925,-58,1,72.3
25926,-58,0,70.7
25927,-59,1,69.1
25928,-60,0,67.5
25930,-60,5,65.9
25931,-61,2,64.37
25932,-62,1,62.84
25933,-63,1,61.31
25935,-65,0,62.75
25936,-66,2,61.26
25937,-67,-4,59.77
25938,-69,0,58.28
25940,-70,-8,56.79
25941,-72,-3,55.38
25942,-73,-2,53.97
25943,-74,4,52.56
25945,-76,4,52.14
25946,-77,3,50.81
25947,-78,29,49.48
25948,-80,24,48.15
25950,-81,26,46.82
25951,-83,16,45.55
25952,-84,-8,44.28
25953,-86,-4,40.04
25955,-88,-3,38.88
25956,-89,-10,37.72
25957,-91,-30,36.56
25958,-93,-28,35.47
25960,-95,-17,33.39
25961,-97,-2,32.31
25962,-99,28,31.23
25963,-101,19,30.15
25965,-102,26,25.19
25966,-104,17,24.23
25967,-106,13,23.27
25968,-107,8,22.31
25970,-109,-4,21.35
25971,-110,-5,20.5
25972,-112,-12,19.65
25973,-113,-44,18.8
25975,-114,-29,13
25976,-115,-20,12.27
25977,-117,26,11.54
25978,-118,13,10.81
25980,-119,12,5.13
25981,-121,19,4.51
25982,-122,19,3.89
25983,-124,4,3.27
25985,-125,-1,-1.31
25986,-127,-8,-1.8
25987,-128,-9,-2.29
25988,-130,-30,-2.78
25990,-131,-17,-7.23
25991,-133,-18,-7.63
25992,-134,30,-8.03
25993,-136,23,-8.43
25995,-138,15,-16.75
25996,-140,12,-17.01
25997,-142,8,-17.27
25998,-145,9,-17.53
26000,-147,1,-25.63
26001,-149,-37,-25.73
26002,-151,-32,-25.83
26003,-154,-13,-25.93
26005,-155,-17,-30.91
26006,-157,-5,-30.89
26007,-158,-1,-30.87
26008,-159,0,-30.85
26010,-159,5,-38.7
26011,-159,4,-38.55
26012,-159,2,-38.4
26013,-158,7,-38.25
26015,-157,0,-40.98
26016,-155,2,-40.71
26017,-153,4,-40.44
26018,-151,-7,-40.17
26020,-149,5,-48.76
26021,-146,4,-48.35
26022,-142,4,-47.94
26023,-138,0,-47.53
26025,-134,-8,-53.01
26026,-130,4,-52.49
26027,-125,1,-51.97
26028,-121,2,-51.45
26030,-116,1,-55.85
26031,-112,0,-55.25
26032,-108,1,-54.65
26033,-104,-5,-54.05
26035,-100,0,-59.34
26036,-96,1,-58.63
26037,-92,2,-57.92
26038,-89,0,-57.21
26040,-85,3,-62.42
26041,-82,5,-61.63
26042,-78,3,-60.84
26043,-75,1,-60.05
26045,-72,3,-62.2
26046,-69,-3,-61.35
26047,-67,-4,-60.5
26048,-64,3,-59.65
26050,-61,-1,-65.69
26051,-59,-1,-64.73
26052,-57,3,-63.77
26053,-55,-3,-62.81
26055,-53,0,-64.82
26056,-52,-3,-63.83
26057,-50,0,-62.84
26058,-49,-1,-61.85
26060,-48,3,-65.78
26061,-48,2,-64.71
26062,-47,2,-63.64
26063,-46,4,-62.57
26065,-46,2,-64.47
26066,-45,-2,-63.37
26067,-45,18,-62.27
26068,-45,35,-61.17
26070,-44,18,-62.04
26071,-44,3,-60.91
26072,-43,3,-59.78
26073,-43,-5,-65.58
26075,-42,-1,-64.38
26076,-41,-16,-63.18
26077,-40,-31,-61.98
26078,-39,-24,-65.76
26080,-38,-20,-64.54
26081,-37,-5,-63.32
26082,-36,22,-62.1
26083,-35,27,-60.88
26085,-34,24,-64.62
26086,-33,13,-63.36
26087,-32,10,-62.1
26088,-32,8,-60.84
26090,-31,0,-61.6
26091,-31,0,-60.36
26092,-31,-15,-59.12
26093,-30,-29,-57.88
26095,-31,-23,-58.62
26096,-31,-14,-57.36
26097,-32,23,-56.1
26098,-32,22,-54.84
26100,-33,12,-57.59
26101,-35,11,-56.34
26102,-36,11,-55.09
26103,-37,7,-53.84
26105,-39,0,-56.6
26106,-41,-2,-55.36
26107,-43,-6,-54.12
26108,-45,-34,-52.88
26110,-47,-18,-55.64
26111,-49,-17,-54.4
26112,-51,25,-53.16
26113,-53,13,-51.92
26115,-55,17,-52.7
26116,-57,17,-51.48
26117,-59,2,-50.26
26118,-60,6,-49.04
26120,-61,-3,-50.87
26121,-62,0,-49.7
26122,-63,-8,-48.53
26123,-64,-35,-47.36
26125,-64,-13,-52.21
26126,-64,-12,-51.06
26127,-64,-9,-49.91
26128,-64,-4,-48.76
26130,-64,1,-48.65
26131,-63,2,-47.54
26132,-62,5,-46.43
26133,-62,-1,-45.32
26135,-61,0,-50.23
26136,-60,2,-49.14
26137,-59,-1,-48.05
26138,-58,0,-46.96
26140,-57,1,-47.88
26141,-58,3,-46.8
26142,-58,-9,-45.72
26143,-59,6,-44.64
26145,-61,5,-46.62
26146,-63,1,-45.6
26147,-66,2,-44.58
26148,-69,6,-43.56
26150,-71,0,-45.57
26151,-73,1,-44.58
26152,-73,-7,-43.59
26153,-73,-2,-42.6
26155,-70,2,-44.63
26156,-67,2,-43.66
26157,-62,1,-42.69
26158,-56,-4,-41.72
26160,-47,1,-39.82
26161,-34,4,-38.92
26162,-20,2,-38.02
26163,-3,-4,-37.12
26165,17,3,-45.19
26166,42,1,-44.26
26167,70,-1,-43.33
26168,100,2,-42.4
26170,133,3,-42.49
26171,168,4,-41.58
26172,206,-5,-40.67
26173,243,-2,-39.76
26175,280,1,-42.88
26176,315,0,-42
26177,348,1,-41.12
26178,378,-1,-40.24
26180,406,0,-43.35
26181,431,1,-42.46
26182,452,-2,-41.57
26183,472,4,-40.68
26185,486,0,-44.79
26186,496,-2,-43.9
26187,503,1,-43.01
26188,506,5,-42.12
26190,503,-1,-42.25
26191,494,2,-41.38
26192,481,-4,-40.51
26193,465,3,-39.64
26195,444,-1,-41.76
26196,419,2,-40.88
26197,391,4,-40
26198,361,5,-39.19
26200,330,0,-45.31
26201,297,1,-44.43
26202,264,7,-43.55
26203,231,29,-42.72
26205,198,13,-40.9
26206,165,9,-40.08
26207,132,15,-41.24
26208,99,-2,-40.4
26210,68,-5,-39.61
26211,37,-9,-38.82
26212,8,-34,-38.03
26213,-19,-25,-43.18
26215,-45,-15,-42.35
26216,-70,-3,-41.52
26217,-93,32,-40.69
26218,-114,27,-39.86
26220,-133,17,-39.05
26221,-150,13,-38.24
26222,-165,9,-37.43
26223,-179,8,-36.62
26225,-190,3,-37.83
26226,-200,-2,-37.04
26227,-209,-4,-36.25
26228,-216,-27,-35.46
26230,-223,-21,-37.68
26231,-228,-18,-36.9
26232,-232,14,-36.12
26233,-235,10,-35.34
26235,-238,16,-38.56
26236,-239,9,-37.78
26237,-240,5,-37
26238,-241,7,-36.22
26240,-241,8,-36.45
26241,-240,-2,-35.68
26242,-239,2,-34.91
26243,-237,-35,-34.14
26245,-235,-22,-36.37
26246,-233,-11,-35.6
26247,-230,26,-34.83
26248,-228,16,-34.06
26250,-225,9,-37.31
26251,-222,13,-36.56
26252,-219,7,-35.81
26253,-216,-23,-35.06
26255,-212,-22,-37.29
26256,-209,-25,-36.52
26257,-206,-22,-35.75
26258,-203,-3,-34.98
26260,-200,2,-36.25
26261,-197,1,-35.52
26262,-195,6,-34.79
26263,-192,7,-34.06
26265,-190,4,-38.3
26266,-187,4,-37.54
26267,-185,1,-36.78
26268,-182,2,-36.02
26270,-180,3,-37.27
26271,-178,2,-36.52
26272,-176,3,-35.77
26273,-174,-3,-35.02
26275,-172,-1,-35.29
26276,-170,3,-34.56
26277,-168,1,-33.83
26278,-166,0,-33.1
26280,-165,5,-33.39
26281,-163,-2,-32.68
26282,-162,0,-31.97
26283,-160,2,-31.26
26285,-159,-2,-36.48
26286,-158,-1,-35.7
26287,-157,-15,-34.92
26288,-156,-6,-34.14
26290,-155,4,-36.42
26291,-153,3,-35.7
26292,-152,1,-34.98
26293,-151,-3,-34.26
26295,-150,7,-38.5
26296,-148,-5,-37.74
26297,-147,-1,-36.98
26298,-146,-6,-36.22
26300,-145,4,-37.48
26301,-145,-3,-36.74
26302,-144,7,-36
26303,-143,6,-35.26
26305,-142,3,-37.53
26306,-141,5,-36.8
26307,-141,4,-36.07
26308,-140,1,-35.34
26310,-139,0,-33.67
26311,-138,2,-33
26312,-137,-2,-32.33
26313,-137,0,-31.66
26315,-136,2,-37.93
26316,-136,-2,-37.2
26317,-135,1,-36.47
26318,-134,0,-35.74
26320,-134,-1,-38.01
26321,-134,2,-37.28
26322,-134,-10,-36.55
26323,-133,33,-35.82
26325,-133,25,-36.15
26326,-133,14,-35.48
26327,-133,-1,-38.77
26328,-132,5,-38.06
26330,-132,4,-37.34
26331,-132,-9,-36.62
26332,-132,-29,-35.92
26333,-131,-21,-38.19
26335,-131,-10,-37.46
26336,-131,-7,-36.73
26337,-131,21,-36
26338,-130,25,-37.31
26340,-130,15,-36.62
26341,-130,28,-35.93
26342,-129,9,-35.24
26343,-128,9,-34.55
26345,-128,-4,-38.81
26346,-127,-1,-38.07
26347,-127,-5,-37.33
26348,-126,-34,-36.59
26350,-126,-24,-42.8
26351,-126,-12,-42.01
26352,-126,-11,-41.22
26353,-126,23,-40.43
26355,-126,16,-38.68
26356,-126,13,-37.93
26357,-127,16,-37.18
26358,-127,8,-36.43
26360,-128,7,-38.69
26361,-128,4,-37.95
26362,-128,-3,-37.21
26363,-129,-30,-36.47
26365,-129,-29,-38.71
26366,-129,-30,-37.95
26367,-129,-3,-37.19
26368,-129,20,-36.43
26370,-129,24,-39.66
26371,-129,20,-38.89
26372,-129,14,-38.12
26373,-129,5,-37.35
26375,-129,4,-38.6
26376,-128,-1,-37.85
26377,-128,-22,-37.1
26378,-128,-22,-38.33
26380,-128,-18,-37.59
26381,-127,-8,-36.85
26382,-127,-2,-36.11
26383,-127,-2,-32.4
26385,-126,-10,-31.71
26386,-126,4,-31.02
26387,-125,4,-30.33
26388,-125,-1,-26.67
26390,-124,6,-26.06
26391,-124,4,-25.45
26392,-124,4,-24.84
26393,-124,1,-24.23
26395,-123,0,-23.64
26396,-123,2,-23.05
26397,-123,-2,-22.46
26398,-123,0,-16.92
26400,-123,-7,-16.39
26401,-123,-3,-15.86
26402,-122,2,-15.33
26403,-122,8,-13.81
26405,-121,-1,-13.3
26406,-120,7,-12.79
26407,-120,-2,-12.28
26408,-119,0,-2.86
26410,-119,-1,-2.5
26411,-118,-1,-2.14
26412,-118,2,-1.78
26413,-117,-10,4.52
26415,-117,9,4.79
26416,-117,0,5.06
26417,-117,2,5.33
26418,-117,7,12.53
26420,-117,0,12.68
26421,-117,3,12.83
26422,-117,-4,12.98
26423,-117,5,19.07
26425,-117,1,19.14
26426,-118,5,19.21
26427,-118,-4,19.28
26428,-118,0,29.25
26430,-119,-4,29.19
26431,-119,-1,29.13
26432,-120,-1,29.07
26433,-121,4,34.95
26435,-122,4,34.84
26436,-123,3,34.73
26437,-124,-7,34.62
26438,-125,-2,47.38
26440,-126,0,47.07
26441,-127,2,46.76
26442,-128,-7,46.45
26443,-130,2,55.05
26445,-131,39,54.62
26446,-132,33,54.19
26447,-133,21,53.76
26448,-133,15,63.23
26450,-134,1,62.69
26451,-134,0,62.15
26452,-135,-5,61.57
26453,-135,-46,70.89
26455,-134,-25,70.21
26456,-134,-14,69.53
26457,-133,-11,68.85
26458,-132,15,75.07
26460,-130,16,74.29
26461,-127,8,73.51
26462,-124,16,84.61
26463,-120,12,83.69
26465,-116,2,82.77
26466,-112,-26,81.85
26467,-107,-27,85.88
26468,-102,-20,84.91
26470,-97,-2,83.89
26471,-92,14,82.87
26472,-86,27,81.85
26473,-81,18,95.68
26475,-75,15,94.44
26476,-70,9,93.2
26477,-64,7,91.96
26478,-59,-1,102.6
26480,-53,-3,101.25
26481,-47,-8,99.9
26482,-42,-9,98.55
26483,-36,-26,106.11
26485,-30,-27,104.64
26486,-24,-11,103.17
26487,-19,16,101.7
26488,-13,17,110.13
26490,-8,11,108.53
26491,-2,14,106.93
26492,2,25,105.33
26493,7,6,112.64
26495,12,-1,110.91
26496,17,-2,109.18
26497,21,-2,107.45
26498,25,-30,114.63
26500,29,-26,112.79
26501,32,-15,110.95
26502,36,15,109.11
26503,39,4,115.17
26505,42,-19,113.23
26506,45,15,111.29
26507,48,-14,109.35
26508,50,-6,115.36
26510,53,-9,113.37
26511,55,3,111.38
26512,58,6,109.39
26513,60,1,117.33
26515,62,5,115.27
26516,64,5,113.21
26517,65,0,111.15
26518,67,1,118.99
26520,68,2,116.83
26521,69,-3,114.67
26522,69,-4,112.51
26523,70,4,118.32
26525,70,6,116.13
26526,70,-1,113.94
26527,71,-3,111.75
26528,70,-1,118.48
26530,70,2,116.21
26531,70,4,113.94
26532,69,1,111.67
26533,69,0,114.44
26535,67,2,112.21
26536,66,-1,109.98
26537,65,3,107.75
26538,63,-1,112.51
26540,61,-1,110.27
26541,59,0,108.03
26542,57,1,105.79
26543,55,-3,106.59
26545,54,-1,104.39
26546,52,1,102.19
26547,50,0,99.99
26548,49,3,102.8
26550,47,4,100.61
26551,45,2,98.42
26552,43,2,96.23
26553,41,-2,102.06
26555,39,3,99.89
26556,37,-4,97.72
26557,36,1,95.55
26558,34,-9,95.42
26560,32,3,93.29
26561,31,2,91.16
26562,29,2,89.03
26563,28,-2,92.97
26565,26,0,90.91
26566,25,3,88.85
26567,24,1,86.79
26568,23,0,87.79
26570,22,2,85.79
26571,20,1,83.79
26572,19,2,81.79
26573,18,1,80.88
26575,17,2,78.97
26576,16,3,77.06
26577,14,5,75.15
26578,13,38,78.29
26580,12,16,76.43
26581,11,16,74.57
26582,10,2,70.73
26583,9,1,68.96
26585,7,-10,67.19
26586,5,-23,65.42
26587,2,-32,62.78
26588,0,-23,61.14
26590,-2,-12,59.5
26591,-5,-20,57.86
26592,-8,34,56.27
26593,-9,30,52.7
26595,-7,23,51.13
26596,-3,19,49.56
26597,2,6,47.99
26598,11,4,47.56
26600,24,3,46.13
26601,38,-7,44.7
26602,55,-6,43.27
26603,78,-26,40.97
26605,106,-22,39.67
26606,138,-14,38.37
26607,172,10,37.07
26608,213,21,32.89
26610,257,19,31.71
26611,304,14,30.53
26612,353,11,29.35
26613,403,1,24.31
26615,452,3,23.27
26616,500,-3,22.23
26617,547,-3,21.19
26618,590,-27,17.27
26620,629,-21,16.35
26621,664,-17,15.43
26622,696,-9,14.51
26623,721,29,10.71
26625,742,20,9.91
26626,757,-7,9.11
26627,768,27,8.31
26628,772,15,6.6
26630,768,-16,5.89
26631,758,-17,5.18
26632,744,-23,4.47
26633,722,-12,-2.1
26635,694,-9,-2.67
26636,662,-4,-3.24
26637,625,0,-3.81
26638,585,7,-7.25
26640,543,0,-7.69
26641,498,5,-8.13
26642,454,5,-8.57
26643,408,0,-13.86
26645,363,4,-14.15
26646,318,2,-14.44
26647,275,-1,-14.73
26648,232,-2,-16.92
26650,191,-3,-17.11
26651,152,3,-17.3
26652,115,2,-17.49
26653,80,-1,-19.57
26655,46,2,-19.65
26656,15,-11,-19.73
26657,-13,3,-19.81
26658,-40,3,-24.79
26660,-64,3,-24.77
26661,-86,5,-24.75
26662,-106,4,-24.73
26663,-124,4,-24.64
26665,-139,3,-24.55
26666,-152,1,-24.46
26667,-163,-3,-24.37
26668,-172,4,-27.22
26670,-179,-3,-27.07
26671,-185,0,-26.92
26672,-189,1,-26.77
26673,-192,-1,-29.54
26675,-194,1,-29.31
26676,-194,2,-29.08
26677,-193,-2,-28.85
26678,-192,-1,-28.54
26680,-190,2,-28.23
26681,-187,1,-27.92
26682,-183,-2,-27.61
26683,-179,1,-30.25
26685,-175,2,-29.89
26686,-171,2,-29.53
26687,-166,2,-29.17
26688,-161,0,-29.74
26690,-156,-1,-29.31
26691,-151,-3,-28.88
26692,-147,0,-28.45
26693,-142,1,-30.96
26695,-138,1,-30.47
26696,-134,-1,-29.98
26697,-130,-3,-29.49
26698,-126,20,-31.96
26700,-122,28,-31.43
26701,-118,13,-30.9
26702,-114,10,-32.35
26703,-111,0,-31.75
26705,-107,-2,-31.15
26706,-104,-2,-30.55
26707,-100,-33,-28.98
26708,-97,-20,-28.41
26710,-94,-22,-27.84
26711,-91,-6,-27.27
26712,-88,36,-31.66
26713,-86,34,-31.05
26715,-83,16,-30.44
26716,-81,18,-29.83
26717,-78,4,-29.22
26718,-76,-1,-29.62
26720,-74,-5,-29.02
26721,-73,-5,-28.42
26722,-71,-1,-27.82
26723,-69,-22,-27.21
26725,-68,-20,-26.6
26726,-66,-16,-25.99
26727,-65,1,-25.38
26728,-63,18,-26.76
26730,-61,20,-26.14
26731,-59,7,-25.52
26732,-57,10,-24.9
26733,-56,0,-26.29
26735,-54,-24,-25.68
26736,-52,-21,-25.07
26737,-50,-17,-24.46
26738,-48,-10,-27.85
26740,-47,-4,-27.24
26741,-45,-5,-26.63
26742,-43,27,-26.02
26743,-41,28,-24.45
26745,-40,23,-23.88
26746,-38,16,-23.31
26747,-36,5,-22.74
26748,-35,5,-24.18
26750,-33,-7,-23.62
26751,-32,-8,-23.06
26752,-30,-5,-22.5
26753,-29,-27,-20.96
26755,-28,-20,-20.42
26756,-27,-13,-19.88
26757,-26,-13,-19.34
26758,-25,-6,-24.8
26760,-24,0,-24.26
26761,-23,5,-23.72
26762,-23,1,-23.18
26763,-22,4,-18.71
26765,-22,5,-18.24
26766,-21,4,-17.77
26767,-21,4,-17.3
26768,-20,-3,-19.85
26770,-20,4,-19.4
26771,-20,3,-18.95
26772,-20,6,-18.5
26773,-20,1,-20.05
26775,-20,-12,-19.6
26776,-20,-11,-19.15
26777,-20,-6,-18.7
26778,-20,6,-21.24
26780,-21,4,-20.78
26781,-21,-7,-20.32
26782,-22,-2,-19.86
26783,-22,8,-17.47
26785,-23,5,-17.08
26786,-23,5,-16.69
26787,-23,-5,-16.3
26788,-23,7,-20.86
26790,-23,6,-20.42
26791,-23,-5,-19.98
26792,-23,3,-19.54
26793,-23,5,-19.13
26795,-22,0,-18.72
26796,-22,3,-18.31
26797,-22,-1,-17.9
26798,-22,-1,-20.49
26800,-22,-1,-20.08
26801,-22,2,-19.67
26802,-22,-6,-19.26
26803,-23,4,-19.84
26805,-23,-1,-19.42
26806,-23,2,-19
26807,-23,1,-18.58
26808,-23,1,-18.19
26810,-23,1,-17.8
26811,-23,2,-17.41
26812,-24,-2,-17.02
26813,-24,-1,-17.63
26815,-25,1,-17.24
26816,-25,6,-16.85
26817,-26,-2,-16.46
26818,-27,43,-17.09
26820,-27,27,-16.72
26821,-28,17,-16.35
26822,-29,6,-15.98
26823,-29,-1,-17.62
26825,-30,-3,-17.26
26826,-30,-43,-16.9
26827,-30,-27,-16.56
26828,-31,-14,-11.27
26830,-31,-15,-10.98
26831,-31,0,-10.69
26832,-31,5,-10.39
26833,-31,24,-9.1
26835,-31,24,-8.81
26836,-30,28,-4.56
26837,-29,-3,-4.36
26838,-29,0,-4.16
26840,-28,-2,-3.96
26841,-27,-5,-3.76
26842,-26,-36,-0.59
26843,-25,-24,-0.43
26845,-24,-15,-0.27
26846,-22,-10,-0.11
26847,-21,28,3.02
26848,-20,22,3.15
26850,-20,24,3.28
26851,-19,22,3.41
26852,-18,13,3.54
26853,-18,5,8.6
26855,-17,-4,8.66
26856,-17,-11,8.72
26857,-17,-7,8.78
26858,-16,-31,15.75
26860,-16,-20,15.72
26861,-16,-16,15.69
26862,-16,22,15.66
26863,-16,13,21.53
26865,-16,10,21.4
26866,-16,11,21.27
26867,-15,11,21.14
26868,-15,2,29.93
26870,-14,1,29.72
26871,-14,7,29.51
26872,-13,-4,29.3
26873,-12,-37,35.01
26875,-11,-22,34.72
26876,-10,-14,34.43
26877,-9,28,42.06
26878,-8,16,41.7
26880,-6,9,41.34
26881,-4,-11,40.98
26882,-2,17,50.52
26883,0,9,50
26885,2,-5,49.48
26886,5,-30,48.96
26887,8,-22,55.37
26888,11,-10,54.82
26890,14,-6,54.27
26891,17,-3,53.72
26892,21,-17,61.09
26893,24,6,60.43
26895,28,10,59.77
26896,31,6,59.11
26897,35,0,65.38
26898,38,5,64.63
26900,42,12,63.88
26901,45,4,63.13
26902,48,0,69.31
26903,51,3,68.46
26905,54,2,67.61
26906,57,-1,66.76
26907,60,3,71.85
26908,62,1,70.96
26910,64,-10,70.07
26911,66,3,69.18
26912,68,0,80.17
26913,70,3,79.11
26915,71,2,78.05
26916,73,7,76.99
26917,74,-2,78.9
26918,75,2,77.81
26920,76,2,76.72
26921,76,-1,75.63
26922,77,0,79.49
26923,78,1,78.32
26925,79,0,77.15
26926,79,6,75.98
26927,80,5,78.77
26928,80,2,77.55
26930,81,-2,76.33
26931,81,-1,75.11
26932,81,-1,78.84
26933,81,0,77.57
26935,80,-1,76.3
26936,80,0,75.03
26937,79,0,78.71
26938,78,-1,77.38
26940,77,-13,76.05
26941,76,-2,74.72
26942,75,3,76.36
26943,74,4,74.99
26945,73,5,73.62
26946,73,1,72.25
26947,72,3,75.83
26948,71,2,74.39
26950,70,2,72.95
26951,69,1,71.51
26952,67,2,74.03
26953,66,1,72.6
26955,65,10,71.17
26956,64,34,69.74
26957,63,22,70.29
26958,62,10,68.85
26960,61,8,67.41
26961,61,14,66.01
26962,60,-31,62.63
26963,59,-37,61.25
26965,59,-21,59.87
26966,58,-15,58.49
26967,58,8,62.09
26968,58,28,60.69
26970,57,15,59.29
26971,56,10,54.92
26972,55,2,53.58
26973,54,0,52.24
26975,53,-1,50.9
26976,52,-21,48.57
26977,50,-24,47.24
26978,49,-14,45.96
26980,47,-13,44.68
26981,46,1,43.4
26982,44,36,42.12
26983,43,27,40.91
26985,42,24,39.7
26986,41,14,38.49
26987,40,5,33.32
26988,40,4,32.21
26990,39,5,31.1
26991,39,-1,29.99
26992,38,-10,25.91
26993,38,-35,24.92
26995,37,-24,23.93
26996,36,-16,22.94
26997,36,26,18.98
26998,35,8,18.08
27000,35,5,17.18
27001,34,-19,16.28
27002,34,16,12.49
27003,33,12,11.7
27005,33,-17,10.91
27006,33,-22,10.12
27007,32,-9,4.48
27008,32,-4,3.84
27010,32,-2,3.2
27011,32,-6,2.56
27012,32,2,-1.97
27013,31,3,-2.5
27015,31,8,-3.03
27016,31,2,-3.56
27017,31,-8,-8.96
27018,31,1,-9.36
27020,31,0,-9.76
27021,31,0,-10.16
27022,31,2,-18.41
27023,31,-2,-18.66
27025,31,-12,-18.91
27026,31,5,-19.16
27027,31,4,-24.29
27028,31,5,-24.42
27030,30,3,-24.55
27031,30,2,-24.68
27032,30,5,-31.68
27033,29,0,-31.68
27035,29,1,-31.68
27036,28,1,-31.68
27037,28,-6,-34.53
27038,27,-1,-34.38
27040,27,3,-34.23
27041,26,0,-34.08
27042,26,1,-38.85
27043,26,1,-38.62
27045,26,-1,-38.39
27046,26,2,-38.16
27047,26,1,-41.84
27048,27,3,-41.52
27050,27,1,-41.2
27051,28,-8,-40.88
27052,28,-4,-46.46
27053,29,-4,-46.04
27055,29,1,-45.62
27056,30,2,-45.2
27057,30,3,-49.68
27058,30,2,-49.16
27060,30,5,-48.64
27061,31,-7,-48.12
27062,31,3,-56.46
27063,31,1,-55.8
27065,31,1,-55.14
27066,32,-1,-54.48
27067,32,2,-56.76
27068,32,2,-56.04
27070,32,0,-55.32
27071,32,2,-54.6
27072,32,24,-58.78
27073,32,34,-57.96
27075,32,20,-57.14
27076,32,-1,-60.28
27077,32,2,-59.38
27078,32,2,-58.48
27080,31,-5,-57.58
27081,31,-4,-60.64
27082,31,-30,-59.68
27083,30,-21,-58.72
27085,30,-19,-57.76
27086,30,-13,-56.8
27087,29,19,-58.83
27088,29,21,-57.86
27090,29,24,-56.89
27091,28,16,-55.92
27092,28,13,-58.86
27093,28,2,-57.8
27095,27,-29,-56.74
27096,27,-27,-55.71
27097,27,-16,-55.67
27098,27,-10,-54.63
27100,27,-8,-53.59
27101,27,-10,-52.56
27102,27,39,-55.49
27103,27,31,-54.42
27105,27,18,-53.35
27106,27,20,-52.28
27107,27,11,-57.15
27108,27,1,-56.02
27110,27,-3,-54.89
27111,27,-8,-53.76
27112,27,-15,-53.66
27113,27,-36,-52.56
27115,26,-19,-51.46
27116,26,-14,-50.36
27117,26,30,-55.23
27118,25,14,-54.1
27120,25,21,-52.97
27121,25,13,-51.84
27122,24,3,-54.7
27123,24,3,-53.56
27125,24,2,-52.42
27126,24,-8,-51.28
27127,23,-16,-51.16
27128,23,-28,-50.04
27130,23,-25,-48.92
27131,22,-12,-47.8
27132,22,-2,-49.7
27133,22,-4,-48.6
27135,21,1,-47.5
27136,21,-8,-46.4
27137,21,10,-49.3
27138,21,7,-48.2
27140,21,1,-47.1
27141,21,3,-46
27142,21,14,-46.93
27143,21,-2,-45.86
27145,22,3,-44.79
27146,22,0,-43.72
27147,23,2,-45.7
27148,23,1,-44.68
27150,24,-2,-43.66
27151,24,0,-42.64
27152,25,1,-43.65
27153,25,3,-42.66
27155,25,-3,-41.67
27156,25,1,-40.68
27157,25,1,-45.7
27158,25,-3,-44.72
27160,24,3,-43.74
27161,24,2,-42.76
27162,24,0,-43.79
27163,24,-2,-42.82
27165,24,-9,-41.85
27166,24,-3,-40.88
27167,25,0,-41.94
27168,25,-1,-41
27170,25,0,-40.06
27171,25,2,-39.12
27172,25,1,-40.2
27173,25,0,-39.28
27175,25,4,-38.36
27176,25,4,-37.44
27177,25,-2,-40.54
27178,24,2,-39.64
27180,24,3,-38.74
27181,23,5,-37.84
27182,22,3,-37.98
27183,21,1,-37.12
27185,20,2,-36.26
27186,19,2,-35.4
27187,18,-2,-37.6
27188,17,-5,-36.8
27190,16,1,-36
27191,14,3,-35.2
27192,13,-5,-39.38
27193,11,31,-38.56
27195,10,15,-37.74
27196,8,10,-37.91
27197,5,10,-37.13
27198,3,2,-36.35
27200,0,-1,-35.57
27201,-1,-10,-38.79
27202,-4,-30,-38.01
27203,-7,-25,-37.23
27205,-9,-14,-36.45
27206,-12,-7,-36.7
27207,-15,33,-35.95
27208,-18,28,-35.2
27210,-21,18,-34.45
27211,-24,31,-33.7
27212,-26,11,-35.95
27213,-29,1,-35.2
27215,-32,1,-34.45
27216,-34,-6,-33.7
27217,-37,-4,-33.98
27218,-39,-32,-33.26
27220,-41,-22,-32.54
27221,-43,-18,-31.82
27222,-44,-16,-34.08
27223,-45,26,-33.34
27225,-46,9,-32.6
27226,-47,-16,-31.86
27227,-47,25,-33.14
27228,-47,18,-32.42
27230,-46,12,-31.7
27231,-46,12,-30.98
27232,-44,5,-32.3
27233,-42,-20,-31.62
27235,-40,-13,-30.94
27236,-38,-17,-30.26
27237,-35,-25,-32.56
27238,-31,28,-31.86
27240,-27,23,-31.16
27241,-23,16,-30.46
27242,-19,6,-32.79
27243,-15,3,-32.12
27245,-10,7,-31.45
27246,-6,-4,-30.78
27247,-1,-1,-33.12
27248,2,-33,-32.46
27250,6,-21,-31.8
27251,10,-12,-31.14
27252,14,-11,-30.49
27253,18,34,-29.84
27255,22,-24,-29.19
27256,25,28,-28.54
27257,28,24,-32.87
27258,31,21,-32.2
27260,34,3,-31.53
27261,37,-29,-30.86
27262,39,-26,-34.19
27263,41,-24,-33.52
27265,43,-20,-32.85
27266,45,-11,-32.18
27267,47,-3,-32.52
27268,48,8,-31.86
27270,50,10,-31.2
27271,51,8,-30.54
27272,51,4,-31.89
27273,52,4,-31.24
27275,52,1,-30.59
27276,53,-3,-29.94
27277,53,-15,-31.29
27278,53,0,-30.64
27280,52,-3,-29.99
27281,52,-8,-29.34
27282,51,2,-27.76
27283,50,-5,-27.18
27285,49,6,-26.6
27286,48,11,-26.02
27287,47,13,-30.41
27288,45,7,-29.8
27290,44,3,-29.19
27291,42,3,-28.58
27292,40,-7,-30.96
27293,39,0,-30.34
27295,37,1,-29.72
27296,35,-1,-29.1
27297,34,2,-29.49
27298,32,1,-28.88
27300,30,3,-28.27
27301,29,6,-27.66
27302,28,6,-31.05
27303,26,-6,-30.44
27305,25,-2,-29.83
27306,24,2,-29.22
27307,23,0,-29.61
27308,22,-1,-29
27310,22,-1,-28.39
27311,21,1,-27.78
27312,20,-10,-26.21
27313,20,-10,-25.64
27315,19,4,-25.07
27316,19,3,-24.5
27317,18,6,-26.95
27318,18,0,-26.4
27320,17,1,-25.85
27321,17,6,-25.31
27322,17,2,-30.71
27323,16,2,-30.11
27325,16,2,-29.51
27326,16,0,-28.95
27327,16,-5,-26.41
27328,16,31,-25.87
27330,16,19,-25.33
27331,15,11,-29.75
27332,14,3,-29.17
27333,13,10,-28.59
27335,11,6,-27.02
27336,10,-5,-26.45
27337,10,-34,-25.91
27338,9,-23,-25.37
27340,9,-13,-24.83
27341,11,5,-28.25
27342,15,32,-27.68
27343,20,19,-27.11
27345,26,23,-26.54
27346,34,14,-25.97
27347,43,1,-28.4
27348,55,7,-27.83
27350,68,-7,-27.26
27351,82,-10,-26.69
27352,101,-11,-26.14
27353,123,-28,-25.59
27355,149,-21,-25.04
27356,176,-14,-24.49
27357,208,26,-27.92
27358,244,15,-27.35
27360,281,13,-26.78
27361,321,1,-26.21
27362,362,17,-26.66
27363,404,-1,-26.11
27365,447,2,-25.56
27366,489,-8,-25.01
27367,528,-10,-28.45
27368,564,-22,-27.89
27370,596,-18,-27.33
27371,625,-16,-26.77
27372,649,20,-27.23
27373,669,21,-26.69
27375,685,16,-26.15
27376,698,16,-25.61
27377,703,11,-28.04
27378,702,-25,-27.47
27380,696,-22,-26.9
27381,686,-21,-26.33
27382,669,-15,-27.79
27383,645,-12,-27.25
27385,617,-3,-26.71
27386,584,2,-29.14
27387,547,8,-28.61
27388,507,4,-28.08
27390,465,3,-27.55
27391,422,3,-27.02
27392,379,0,-26.5
27393,335,2,-25.98
27395,292,-3,-25.46
27396,250,3,-25.93
27397,208,3,-25.42
27398,168,2,-24.91
27400,130,-2,-24.4
27401,94,2,-25.87
27402,59,1,-25.36
27403,26,3,-24.85
27405,-3,1,-24.34
27406,-31,0,-25.81
27407,-57,4,-25.27
27408,-81,-2,-24.73
27410,-103,0,-24.19
27411,-122,2,-26.62
27412,-139,2,-26.1
27413,-155,-10,-25.58
27415,-168,0,-25.06
27416,-180,2,-28.5
27417,-189,4,-27.97
27418,-198,-4,-27.44
27420,-204,3,-26.91
27421,-210,7,-23.41
27422,-214,0,-22.92
27423,-217,4,-22.43
27425,-219,1,-21.94
27426,-220,-2,-27.39
27427,-221,-1,-26.88
27428,-220,-4,-26.37
27430,-219,-1,-25.86
27431,-218,1,-25.35
27432,-216,6,-24.85
27433,-214,-5,-24.35
27435,-211,2,-23.85
27436,-209,-6,-27.31
27437,-206,3,-26.76
27438,-203,1,-26.21
27440,-200,0,-25.66
27441,-197,0,-24.12
27442,-194,0,-23.61
27443,-190,0,-23.1
27445,-187,3,-22.59
27446,-184,-4,-28.02
27447,-181,6,-27.51
27448,-178,34,-27
27450,-175,21,-26.49
27451,-173,9,-26.97
27452,-170,8,-26.43
27453,-167,-6,-25.89
27455,-165,-7,-28.32
27456,-162,-20,-27.8
27457,-160,-34,-27.28
27458,-158,-15,-26.76
27460,-156,-4,-26.23
27461,-154,3,-25.7
27462,-152,28,-25.17
27463,-150,25,-24.64
27465,-148,18,-24.11
27466,-147,17,-26.59
27467,-145,4,-26.07
27468,-143,4,-25.55
27470,-142,-1,-25.03
27471,-140,0,-24.51
27472,-139,1,-24.02
27473,-138,-32,-23.53
27475,-136,-22,-23.04
27476,-135,-12,-24.53
27477,-134,15,-24.02
27478,-133,21,-23.51
27480,-132,19,-23
27481,-130,7,-25.46
27482,-129,10,-24.96
27483,-128,12,-24.46
27485,-127,-2,-23.96
27486,-126,-7,-24.45
27487,-125,1,-23.95
27488,-124,-31,-23.45
27490,-123,-24,-22.95
27491,-123,-28,-26.41
27492,-122,10,-25.91
27493,-121,21,-25.41
27495,-120,20,-24.91
27496,-119,15,-25.4
27497,-119,12,-24.9
27498,-118,6,-24.4
27500,-118,0,-23.9
27501,-118,4,-28.35
27502,-118,-17,-27.83
27503,-117,-27,-27.31
27505,-117,-19,-26.79
27506,-117,-11,-25.28
27507,-116,-20,-24.79
27508,-116,-1,-24.3
27510,-115,0,-23.81
27511,-115,1,-26.32
27512,-114,4,-25.83
27513,-113,-7,-25.34
27515,-112,10,-24.85
27516,-112,5,-27.33
27517,-111,-1,-26.81
27518,-110,0,-26.29
27520,-110,0,-25.77
27521,-109,2,-28.23
27522,-109,0,-27.69
27523,-108,2,-27.15
27525,-107,-11,-26.61
27526,-107,6,-29.06
27527,-106,4,-28.51
27528,-105,-2,-27.96
27530,-104,4,-27.41
27531,-103,2,-27.87
27532,-103,2,-27.33
27533,-102,3,-26.79
27535,-102,-1,-26.25
27536,-101,4,-26.73
27537,-101,4,-26.21
27538,-101,3,-25.69
27540,-101,1,-25.17
27541,-100,-4,-27.66
27542,-100,0,-27.15
27543,-100,-2,-26.64
27545,-100,3,-26.13
27546,-100,-3,-26.58
27547,-101,-1,-26.03
27548,-101,0,-25.48
27550,-101,3,-24.93
27551,-101,-6,-22.46
27552,-101,3,-21.99
27553,-100,4,-21.52
27555,-100,3,-21.05
27556,-100,-1,-17.61
27557,-100,8,-17.17
27558,-100,2,-16.73
27560,-99,1,-16.29
27561,-99,0,-14.9
27562,-99,-5,-14.51
27563,-99,1,-14.12
27565,-99,2,-13.73
27566,-99,-3,-9.37
27567,-99,4,-9.01
27568,-99,41,-8.65
27570,-99,31,-8.29
27571,-99,26,-3.04
27572,-99,11,-2.79
27573,-99,3,-2.54
27575,-99,3,-2.29
27576,-99,-1,5.87
27577,-99,-13,6.03
27578,-99,-40,6.19
27580,-99,-25,6.32
27581,-99,-16,18.33
27582,-99,-18,18.34
27583,-98,21,18.35
27585,-98,20,18.36
27586,-98,21,23.32
27587,-97,11,23.28
27588,-97,7,34.13
27590,-96,0,33.98
27591,-96,-21,33.8
27592,-96,-30,33.62
27593,-95,-23,33.44
27595,-95,-14,43.16
27596,-95,-15,42.88
27597,-95,31,42.6
27598,-94,21,42.32
27600,-94,25,42.04
27601,-94,13,53.62
27602,-94,10,53.2
27603,-94,10,52.78
27605,-94,2,52.36
27606,-94,-2,64.78
27607,-94,-8,64.2
27608,-93,-39,63.62
27610,-93,-23,63.04
27611,-93,-15,74.33
27612,-93,13,73.62
27613,-93,20,72.91
27615,-93,15,72.2
27616,-94,12,83.33
27617,-94,15,82.46
27618,-94,8,81.59
27620,-95,3,80.72
27621,-95,-11,94.69
27622,-96,-10,93.66
27623,-96,-37,92.63
27625,-97,-19,91.6
27626,-97,-10,100.42
27627,-98,-8,99.24
27628,-98,25,98.06
27630,-99,-5,96.88
27631,-99,20,110.56
27632,-100,-6,109.24
27633,-100,-9,107.92
27635,-101,-7,106.6
27636,-101,-7,117.13
27637,-102,-6,115.66
27638,-103,4,114.19
27640,-104,2,112.72
27641,-104,4,120.13
27642,-105,5,118.54
27643,-105,3,116.95
27645,-106,-6,115.36
27646,-106,2,124.63
27647,-106,5,122.9
27648,-105,7,121.17
27650,-105,3,119.44
27651,-104,2,129.56
27652,-103,-2,127.68
27653,-101,-6,125.8
27655,-100,-2,123.92
27656,-98,1,134.9
27657,-96,1,132.88
27658,-93,0,130.86
27660,-91,2,128.84
27661,-89,7,138.69
27662,-86,1,136.54
27663,-83,0,134.39
27665,-80,0,132.24
27666,-77,0,138.97
27667,-74,4,136.7
27668,-71,1,134.43
27670,-68,-4,132.16
27671,-65,0,140.77
27672,-63,-1,138.38
27673,-60,1,135.99
27675,-58,3,133.6
27676,-55,-3,141.13
27677,-53,3,138.66
27678,-51,1,136.19
27680,-49,-2,133.72
27681,-47,3,139.2
27682,-45,6,136.68
27683,-43,-11,134.16
27685,-41,2,131.64
27686,-39,3,140.02
27687,-37,1,137.4
27688,-35,-2,134.78
27690,-33,-1,132.16
27691,-31,2,138.49
27692,-30,3,135.82
27693,-28,6,133.15
27695,-26,1,130.48
27696,-24,0,135.78
27697,-22,-3,133.08
27698,-21,-4,130.38
27700,-19,-2,127.68
27701,-18,-5,134.96
27702,-16,2,132.24
27703,-15,1,129.52
27705,-14,39,126.8
27706,-12,26,132.12
27707,-11,21,129.44
27708,-10,12,126.76
27710,-9,7,124.08
27711,-8,9,127.39
27712,-7,-6,124.7
27713,-6,-44,122.12
27715,-6,-26,119.54
27716,-5,-19,120.92
27717,-4,-14,118.3
27718,-4,26,115.68
27720,-3,15,113.16
27721,-2,17,117.57
27722,-2,10,114.98
27723,-1,5,116.35
27725,-1,-1,113.72
27726,0,-9,111.21
27727,0,-27,108.7
27728,0,-24,106.19
27730,0,-16,110.61
27731,0,-5,108.16
27732,0,24,105.71
27733,0,28,103.26
27735,0,18,100.81
27736,0,26,101.45
27737,0,17,99.09
27738,0,16,96.73
27740,-1,0,94.37
27741,-2,-9,94.11
27742,-2,-15,91.85
27743,-3,-45,89.59
27745,-4,-26,87.33
27746,-4,-23,87.2
27747,-5,19,85.07
27748,-5,17,82.94
27750,-6,13,80.81
27751,-6,13,83.73
27752,-7,16,81.65
27753,-7,-19,79.57
27755,-8,-19,77.49
27756,-9,-20,76.55
27757,-10,-15,74.61
27758,-11,-5,72.67
27760,-12,-8,70.73
27761,-13,0,68.91
27762,-14,9,67.09
27763,-15,2,65.27
27765,-16,2,63.45
27766,-17,5,63.7
27767,-18,1,61.95
27768,-18,1,60.2
27770,-19,2,58.45
27771,-20,1,53.84
27772,-21,5,52.23
27773,-22,-1,50.62
27775,-23,3,49.01
27776,-24,1,44.55
27777,-25,-4,43.09
27778,-26,0,41.63
27780,-27,4,40.17
27781,-28,2,38.84
27782,-30,2,37.51
27783,-31,0,36.18
27785,-32,-7,34.85
27786,-33,1,30.67
27787,-34,-4,29.49
27788,-35,2,28.31
27790,-36,4,27.13
27791,-37,1,22.08
27792,-38,-3,21.03
27793,-39,2,19.98
27795,-39,0,18.93
27796,-40,3,17
27797,-41,1,16.07
27798,-42,2,15.14
27800,-43,4,14.21
27801,-44,2,7.44
27802,-45,1,6.67
27803,-46,1,5.9
27805,-47,0,5.13
27806,-48,0,-2.49
27807,-48,-1,-3.11
27808,-49,-1,-3.73
27810,-50,-2,-4.35
27811,-51,-6,-8.82
27812,-51,0,-9.29
27813,-52,1,-9.76
27815,-52,-1,-10.23
27816,-53,-1,-15.56
27817,-53,3,-15.89
27818,-54,3,-16.22
27820,-55,2,-16.55
27821,-56,4,-21.75
27822,-57,-1,-21.95
27823,-58,35,-22.15
27825,-59,18,-22.35
27826,-60,11,-28.39
27827,-62,-2,-28.43
27828,-63,4,-34.41
27830,-65,2,-34.39
27831,-67,-6,-34.29
27832,-69,-34,-34.19
27833,-71,-23,-34.09
27835,-73,-13,-39.93
27836,-76,-11,-39.71
27837,-78,33,-39.49
27838,-80,19,-39.27
27840,-83,25,-39.05
27841,-85,16,-41.76
27842,-87,10,-41.47
27843,-89,5,-41.18
27845,-91,-59,-40.89
27846,-92,-24,-46.47
27847,-93,-8,-46.05
27848,-95,-12,-45.59
27850,-95,-4,-45.13
27851,-96,5,-51.6
27852,-96,35,-51.07
27853,-96,34,-50.54
27855,-96,16,-49.94
27856,-95,13,-54.29
27857,-94,8,-53.64
27858,-92,5,-52.99
27860,-90,1,-52.34
27861,-88,-7,-52.65
27862,-85,-11,-51.96
27863,-82,-31,-51.27
27865,-78,-22,-50.58
27866,-74,-26,-52.84
27867,-70,32,-52.1
27868,-65,12,-51.36
27870,-60,7,-50.62
27871,-56,10,-55.8
27872,-51,14,-54.98
27873,-46,12,-54.16
27875,-41,-10,-53.34
27876,-37,-5,-56.43
27877,-32,-4,-55.52
27878,-28,-31,-54.61
27880,-24,-25,-53.7
27881,-21,-12,-54.76
27882,-17,-8,-53.82
27883,-14,-5,-52.88
27885,-11,0,-51.94
27886,-8,5,-52.98
27887,-5,12,-52.02
27888,-2,2,-51.06
27890,0,0,-53.07
27891,3,-1,-52.06
27892,5,4,-51.05
27893,8,3,-50.04
27895,11,-1,-49.03
27896,13,4,-49.04
27897,15,3,-48.05
27898,18,5,-47.06
27900,19,4,-48.05
27901,21,6,-47.07
27902,22,1,-46.09
27903,24,-2,-45.11
27905,25,1,-48.09
27906,26,-2,-47.07
27907,27,-1,-46.05
27908,29,-5,-45.03
27910,30,-6,-45
27911,31,2,-44
27912,32,1,-43
27913,33,1,-42
27915,33,4,-42.98
27916,33,2,-42
27917,34,6,-41.02
27918,34,3,-40.04
27920,33,-3,-42.03
27921,33,-7,-41.03
27922,33,-2,-40.03
27923,32,3,-39.03
27925,32,3,-41
27926,31,2,-40.03
27927,30,3,-39.06
27928,30,2,-38.09
27930,29,0,-37.12
27931,28,-3,-36.22
27932,27,2,-35.32
27933,25,2,-34.42
27935,24,-3,-35.5
27936,23,3,-34.62
27937,21,-1,-33.74
27938,20,2,-32.86
27940,19,2,-34.95
27941,17,-1,-34.09
27942,16,16,-33.23
27943,14,47,-32.37
27945,12,23,-34.48
27946,11,-7,-33.64
27947,9,-3,-32.8
27948,8,-6,-34.93
27950,6,-11,-34.06
27951,5,-14,-33.25
27952,4,-28,-32.44
27953,2,-21,-31.69
27955,1,-11,-34.9
27956,0,-10,-34.11
27957,0,27,-33.32
27958,0,22,-32.53
27960,-1,15,-28.83
27961,-1,15,-28.13
27962,-2,13,-27.43
27963,-2,15,-26.73
27965,-2,-3,-29.99
27966,-2,-7,-29.28
27967,-2,-15,-28.57
27968,-2,-33,-27.86
27970,-2,-20,-27.15
27971,-2,-17,-26.5
27972,-3,28,-25.85
27973,-3,26,-25.2
27975,-3,22,-29.5
27976,-4,13,-28.87
27977,-4,7,-28.24
27978,-4,4,-27.61
27980,-5,-1,-27.97
27981,-5,-8,-27.38
27982,-6,-15,-26.79
27983,-7,-34,-26.2
27985,-8,-17,-24.62
27986,-9,-15,-24.05
27987,-11,24,-23.48
27988,-13,20,-22.91
27990,-14,16,-23.33
27991,-14,21,-22.78
27992,-14,7,-22.23
27993,-13,2,-21.68
27995,-10,-2,-24.1
27996,-5,-10,-23.58
27997,0,-7,-23.06
27998,8,-29,-22.54
28000,18,-24,-23.01
28001,31,-21,-22.52
28002,45,-4,-22.03
28003,61,0,-21.54
28005,82,-3,-25.01
28006,108,5,-24.5
28007,137,6,-23.99
28008,168,3,-23.48
28010,204,7,-22.97
28011,243,-1,-22.48
28012,285,-9,-21.99
28013,327,0,-21.5
28015,371,5,-22.03
28016,415,3,-21.56
28017,458,-3,-21.09
28018,500,8,-20.62
28020,539,6,-20.15
28021,574,10,-19.69
28022,605,5,-19.23
28023,632,0,-18.77
28025,654,2,-20.31
28026,672,-2,-19.85
28027,685,-1,-19.39
28028,694,-10,-18.93
28030,696,6,-20.49
28031,691,-1,-20.05
28032,681,2,-19.61
28033,667,-4,-19.17
28035,645,3,-20.72
28036,617,3,-20.27
28037,585,1,-19.82
28038,549,-3,-19.37
28040,510,2,-18.94
28041,469,6,-18.51
28042,426,1,-18.08
28043,383,1,-17.65
28045,339,1,-20.22
28046,296,0,-19.79
28047,253,-1,-19.36
28048,212,3,-18.93
28050,171,-2,-19.52
28051,132,4,-19.11
28052,95,-9,-18.7
28053,59,1,-18.29
28055,26,1,-17.88
28056,-5,0,-17.47
28057,-35,1,-17.06
28058,-62,2,-16.65
28060,-88,2,-17.25
28061,-111,3,-16.85
28062,-132,9,-16.45
28063,-151,35,-16.05
28065,-168,20,-19.64
28066,-183,17,-19.23
28067,-196,1,-18.82
28068,-207,1,-18.41
28070,-217,-2,-18.03
28071,-225,-17,-17.65
28072,-231,-36,-17.27
28073,-236,-25,-19.89
28075,-240,-22,-19.51
28076,-243,-9,-19.13
28077,-245,29,-18.75
28078,-246,20,-18.37
28080,-246,29,-19.02
28081,-246,27,-18.67
28082,-244,6,-18.32
28083,-243,4,-17.97
28085,-240,-3,-15.61
28086,-237,-9,-15.25
28087,-234,-1,-14.89
28088,-231,-40,-14.53
28090,-228,-16,-17.18
28091,-224,-12,-16.83
28092,-221,10,-16.48
28093,-218,29,-16.13
28095,-215,8,-18.75
28096,-212,-28,-18.37
28097,-209,24,-17.99
28098,-206,10,-17.61
28100,-203,17,-19.26
28101,-200,5,-18.91
28102,-198,-6,-18.56
28103,-195,-26,-18.21
28105,-192,-13,-20.84
28106,-189,-24,-20.47
28107,-186,22,-20.1
28108,-183,25,-19.73
28110,-180,13,-18.36
28111,-178,20,-17.99
28112,-175,-1,-17.62
28113,-173,3,-17.25
28115,-170,-6,-19.86
28116,-168,-9,-19.47
28117,-166,-9,-19.08
28118,-164,-30,-18.69
28120,-162,-21,-18.33
28121,-160,-16,-17.97
28122,-159,5,-17.61
28123,-157,19,-17.25
28125,-156,17,-20.86
28126,-154,17,-20.47
28127,-153,13,-20.08
28128,-152,-11,-19.69
28130,-151,-25,-20.33
28131,-150,-17,-19.97
28132,-149,-13,-19.61
28133,-148,-8,-19.25
28135,-147,-1,-20.87
28136,-146,5,-20.49
28137,-145,14,-20.11
28138,-144,2,-19.73
28140,-143,-2,-20.35
28141,-142,-1,-19.97
28142,-140,0,-19.59
28143,-139,-9,-19.21
28145,-138,-11,-20.81
28146,-137,5,-20.41
28147,-135,7,-20.01
28148,-134,4,-19.61
28150,-133,6,-21.21
28151,-132,6,-20.81
28152,-131,-4,-20.41
28153,-130,3,-20.01
28155,-129,-6,-22.6
28156,-129,3,-22.19
28157,-128,4,-21.78
28158,-127,0,-21.37
28160,-126,2,-22.96
28161,-126,4,-22.55
28162,-126,2,-22.14
28163,-125,1,-21.73
28165,-125,0,-22.31
28166,-124,-11,-21.89
28167,-124,-1,-21.47
28168,-123,-10,-21.05
28170,-123,5,-24.62
28171,-122,5,-24.19
28172,-122,3,-23.76
28173,-122,-10,-23.33
28175,-121,3,-22.91
28176,-121,2,-22.49
28177,-120,6,-22.07
28178,-120,0,-21.65
28180,-119,5,-28.16
28181,-119,3,-27.67
28182,-118,4,-27.18
28183,-118,0,-26.69
28185,-118,6,-25.22
28186,-117,-1,-24.75
28187,-117,0,-24.28
28188,-117,-3,-23.81
28190,-117,-7,-25.36
28191,-117,-1,-24.91
28192,-117,0,-24.46
28193,-117,2,-24.01
28195,-118,0,-27.52
28196,-118,4,-27.03
28197,-118,-17,-26.54
28198,-118,31,-26.08
28200,-119,25,-27.6
28201,-119,11,-27.12
28202,-119,12,-29.61
28203,-119,8,-29.1
28205,-120,2,-28.6
28206,-120,-7,-28.1
28207,-120,-33,-27.6
28208,-120,-20,-30.07
28210,-120,-13,-29.52
28211,-121,-9,-28.97
28212,-121,21,-28.42
28213,-122,23,-27.87
28215,-122,22,-29.33
28216,-123,16,-28.79
28217,-123,11,-28.25
28218,-124,9,-27.71
28220,-124,-6,-25.22
28221,-124,-1,-24.73
28222,-124,-5,-24.24
28223,-125,-28,-23.75
28225,-125,-17,-27.24
28226,-125,-24,-26.73
28227,-124,19,-26.22
28228,-124,20,-25.71
28230,-124,14,-23.25
28231,-124,15,-22.79
28232,-124,11,-22.33
28233,-124,11,-21.87
28235,-124,-9,-18.43
28236,-124,-3,-17.99
28237,-124,1,-17.55
28238,-124,-32,-17.11
28240,-124,-23,-13.73
28241,-124,-16,-13.35
28242,-125,15,-12.97
28243,-125,22,-12.59
28245,-125,15,-9.24
28246,-125,10,-8.89
28247,-125,14,-8.54
28248,-124,9,-8.19
28250,-124,0,-3.92
28251,-124,-3,-3.65
28252,-124,-8,-3.38
28253,-124,-30,-3.11
28255,-124,-19,3.09
28256,-123,-21,3.29
28257,-123,-9,3.49
28258,-123,-5,3.69
28260,-123,3,10.8
28261,-123,2,10.91
28262,-123,3,11.02
28263,-123,-3,11.13
28265,-123,4,20.14
28266,-123,3,20.15
28267,-123,3,20.16
28268,-122,4,20.17
28270,-122,4,26.1
28271,-122,-8,26.03
28272,-122,5,25.96
28273,-122,1,25.89
28275,-123,2,35.7
28276,-123,-2,35.51
28277,-123,1,35.32
28278,-123,1,35.13
28280,-123,1,42.83
28281,-123,1,42.53
28282,-122,-6,42.23
28283,-122,-1,41.93
28285,-122,1,49.53
28286,-121,0,49.13
28287,-120,2,48.73
28288,-120,-11,48.33
28290,-119,6,52.87
28291,-118,6,52.41
28292,-117,4,51.95
28293,-117,9,51.49
28295,-116,2,62.87
28296,-115,1,62.25
28297,-114,-3,61.63
28298,-113,2,61.01
28300,-112,0,69.3
28301,-111,-2,68.59
28302,-109,1,67.88
28303,-108,-12,67.17
28305,-107,1,73.32
28306,-105,4,72.47
28307,-104,2,71.62
28308,-102,5,70.77
28310,-101,3,79.83
28311,-99,2,78.89
28312,-97,0,77.95
28313,-95,1,77.01
28315,-94,1,82.98
28316,-92,-2,81.95
28317,-90,1,80.92
28318,-88,-1,79.89
28320,-86,39,86.74
28321,-84,28,85.59
28322,-82,20,84.44
28323,-80,12,83.29
28325,-78,10,92.02
28326,-75,5,90.75
28327,-73,-4,89.45
28328,-70,-39,88.15
28330,-68,-23,94.77
28331,-66,-10,93.39
28332,-64,-15,92.01
28333,-62,15,90.6
28335,-60,14,92.16
28336,-58,10,90.72
28337,-57,4,100.17
28338,-55,7,98.62
28340,-54,2,97.05
28341,-53,-1,95.48
28342,-52,-35,93.91
28343,-51,-18,99.27
28345,-50,-18,97.65
28346,-49,-15,96.03
28347,-48,38,94.41
28348,-48,20,98.73
28350,-47,17,97.01
28351,-46,18,95.29
28352,-46,8,93.57
28353,-45,5,91.85
28355,-44,3,95.1
28356,-44,-2,93.35
28357,-43,-5,91.6
28358,-43,-33,89.85
28360,-42,-23,93.08
28361,-42,-16,91.31
28362,-42,28,89.54
28363,-42,13,87.77
28365,-42,27,91.97
28366,-42,6,90.17
28367,-42,14,88.37
28368,-42,7,86.57
28370,-42,2,86.78
28371,-42,-6,84.99
28372,-43,-2,83.2
28373,-43,-28,81.41
28375,-44,-26,89.56
28376,-45,-15,87.71
28377,-45,-11,85.86
28378,-46,25,84.01
28380,-47,22,84.2
28381,-47,19,82.39
28382,-48,-15,80.58
28383,-48,-24,78.77
28385,-48,-16,81.98
28386,-49,-13,80.19
28387,-49,-22,78.4
28388,-50,0,76.61
28390,-50,-1,76.89
28391,-51,4,75.17
28392,-52,7,73.45
28393,-53,4,73.71
28395,-54,1,72.03
28396,-55,6,70.35
28397,-56,0,68.67
28398,-57,2,66.99
28400,-58,3,66.4
28401,-59,0,64.81
28402,-61,-1,63.22
28403,-62,-10,61.63
28405,-63,4,62.1
28406,-64,4,60.57
28407,-65,5,59.04
28408,-66,2,57.51
28410,-67,3,56.06
28411,-68,-7,54.61
28412,-70,4,53.16
28413,-71,3,49.73
28415,-73,0,48.35
28416,-74,1,46.97
28417,-76,2,45.59
28418,-77,-1,43.22
28420,-79,1,41.97
28421,-80,5,40.72
28422,-82,1,39.47
28423,-83,-1,37.23
28425,-85,-6,36.08
28426,-86,-4,34.93
28427,-88,-1,33.78
28428,-90,0,32.63
28430,-91,1,31.55
28431,-93,2,30.47
28432,-95,2,29.39
28433,-97,-3,26.33
28435,-99,1,25.37
28436,-101,3,24.41
28437,-104,1,23.45
28438,-106,7,19.52
28440,-109,1,18.66
28441,-111,-2,17.8
28442,-114,0,16.94
28443,-116,1,14.1
28445,-119,-4,13.34
28446,-121,1,12.58
28447,-123,-2,11.82
28448,-126,1,6.11
28450,-128,2,5.5
28451,-130,-3,4.89
28452,-132,2,4.28
28453,-134,2,-2.27
28455,-136,-11,-2.74
28456,-138,32,-3.21
28457,-140,38,-3.68
28458,-142,27,-8.11
28460,-144,7,-8.51
28461,-146,8,-8.91
28462,-148,8,-9.2
28463,-149,-30,-14.44
28465,-150,-31,-14.68
28466,-150,-19,-14.92
28467,-150,-22,-15.16
28468,-149,25,-20.28
28470,-148,11,-20.4
28471,-146,4,-20.52
28472,-144,8,-26.58
28473,-141,6,-26.58
28475,-139,-2,-26.58
28476,-136,-16,-26.58
28477,-133,-29,-34.5
28478,-130,-27,-34.42
28480,-126,-3,-34.29
28481,-122,-3,-34.16
28482,-118,32,-34.03
28483,-114,31,-34.89
28485,-110,21,-34.7
28486,-106,10,-34.51
28487,-102,11,-34.32
28488,-99,2,-43.04
28490,-95,-4,-42.7
28491,-91,-4,-42.36
28492,-88,-7,-42.02
28493,-85,-29,-45.64
28495,-82,-24,-45.24
28496,-79,-13,-44.84
28497,-77,11,-44.44
28498,-74,13,-47.01
28500,-72,14,-46.48
28501,-69,3,-45.95
28502,-67,-11,-45.42
28503,-65,-20,-47.86
28505,-63,-12,-47.28
28506,-61,-7,-46.7
28507,-59,-6,-46.12
28508,-58,-1,-50.49
28510,-56,3,-49.81
28511,-55,6,-49.13
28512,-53,7,-48.45
28513,-52,-3,-51.73
28515,-51,-2,-50.99
28516,-50,-10,-50.25
28517,-49,6,-49.51
28518,-48,5,-52.71
28520,-47,5,-51.91
28521,-46,-2,-51.11
28522,-45,-5,-50.31
28523,-45,7,-55.45
28525,-44,4,-54.58
28526,-43,1,-53.71
28527,-43,-5,-52.84
28528,-42,-4,-55.93
28530,-41,2,-55
28531,-40,4,-54.07
28532,-39,3,-53.14
28533,-38,6,-56.17
28535,-37,3,-55.2
28536,-36,5,-54.23
28537,-35,4,-53.26
28538,-34,1,-54.29
28540,-34,2,-53.32
28541,-33,2,-52.35
28542,-33,-3,-51.38
28543,-33,-3,-55.37
28545,-33,2,-54.36
28546,-33,-3,-53.35
28547,-33,3,-52.34
28548,-33,3,-51.34
28550,-33,3,-50.34
28551,-33,2,-49.34
28552,-34,0,-48.34
28553,-34,-3,-53.28
28555,-36,-1,-52.22
28556,-37,0,-51.16
28557,-39,-7,-50.1
28558,-41,4,-53.02
28560,-43,3,-51.94
28561,-46,1,-50.86
28562,-48,6,-49.78
28563,-50,0,-49.72
28565,-52,-3,-48.66
28566,-54,2,-47.6
28567,-57,1,-46.54
28568,-59,-2,-48.47
28570,-61,-1,-47.4
28571,-63,2,-46.33
28572,-65,-2,-45.26
28573,-67,30,-49.19
28575,-68,16,-48.12
28576,-70,6,-47.05
28577,-72,10,-51.92
28578,-73,-2,-50.85
28580,-74,5,-49.78
28581,-76,-25,-48.71
28582,-77,-28,-50.61
28583,-78,-16,-49.55
28585,-79,-8,-48.49
28586,-80,-17,-47.43
28587,-81,32,-46.37
28588,-81,29,-47.34
28590,-81,26,-46.31
28591,-82,14,-45.28
28592,-81,4,-44.25
28593,-81,-1,-47.23
28595,-82,-39,-46.21
28596,-82,-16,-45.19
28597,-82,-12,-44.23
28598,-83,-6,-46.24
28600,-84,-1,-45.25
28601,-86,-7,-44.26
28602,-88,31,-43.35
28603,-89,30,-44.42
28605,-90,21,-43.49
28606,-90,13,-42.56
28607,-90,9,-41.63
28608,-88,-2,-43.68
28610,-85,-3,-42.73
28611,-81,-10,-41.78
28612,-75,-4,-40.83
28613,-68,-21,-42.94
28615,-58,-20,-42.05
28616,-47,-9,-41.16
28617,-35,21,-40.27
28618,-18,17,-43.38
28620,2,12,-42.49
28621,26,10,-41.6
28622,53,8,-40.71
28623,85,-1,-44.8
28625,120,1,-43.89
28626,158,-5,-42.98
28627,199,-38,-42.07
28628,240,-32,-45.15
28630,281,-16,-44.23
28631,322,-5,-43.31
28632,362,-1,-42.39
28633,399,-9,-42.51
28635,433,4,-41.63
28636,463,11,-40.75
28637,491,9,-39.87
28638,514,1,-43.98
28640,532,1,-43.09
28641,547,2,-42.2
28642,559,5,-41.31
28643,564,-4,-43.43
28645,563,0,-42.55
28646,557,1,-41.67
28647,547,3,-40.79
28648,530,7,-41.95
28650,508,-7,-41.11
28651,481,5,-40.27
28652,450,0,-39.43
28653,417,-1,-45.56
28655,381,-4,-44.69
28656,343,2,-43.82
28657,305,9,-42.95
28658,266,-2,-44.1
28660,227,3,-43.25
28661,188,2,-42.4
28662,150,-16,-41.55
28663,113,3,-44.68
28665,77,8,-43.81
28666,42,5,-42.94
28667,8,1,-42.07
28668,-23,-1,-41.25
28670,-53,3,-40.43
28671,-81,3,-39.61
28672,-108,-2,-38.79
28673,-132,2,-43.91
28675,-155,0,-43.03
28676,-176,2,-42.15
28677,-194,0,-41.27
28678,-211,-2,-42.43
28680,-226,-8,-41.59
28681,-239,-1,-40.75
28682,-250,6,-39.91
28683,-260,2,-44.06
28685,-268,1,-43.21
28686,-274,2,-42.36
28687,-279,-1,-41.51
28688,-283,4,-41.66
28690,-285,1,-40.81
28691,-287,-6,-39.96
28692,-289,40,-39.11
28693,-289,24,-41.26
28695,-289,14,-40.41
28696,-288,10,-39.56
28697,-287,-2,-39.7
28698,-286,-2,-38.89
28700,-284,-8,-38.08
28701,-281,-17,-37.27
28702,-279,-34,-40.48
28703,-276,-25,-39.69
28705,-273,-10,-38.9
28706,-271,-6,-38.11
28707,-268,23,-37.35
28708,-265,29,-40.55
28710,-262,17,-39.75
28711,-259,-6,-38.95
28712,-256,17,-38.15
28713,-254,11,-42.32
28715,-251,2,-41.49
28716,-249,-2,-40.66
28717,-247,4,-39.83
28718,-244,-31,-41.02
28720,-242,-20,-40.21
28721,-240,-21,-39.4
28722,-238,13,-38.59
28723,-236,17,-40.78
28725,-233,17,-39.97
28726,-231,13,-39.16
28727,-229,5,-38.35
28728,-227,5,-44.49
28730,-225,10,-43.63
28731,-223,2,-42.77
28732,-221,-4,-41.91
28733,-220,-24,-42.07
28735,-218,-19,-41.23
28736,-217,-16,-40.39
28737,-215,-17,-39.55
28738,-214,22,-43.69
28740,-213,20,-42.83
28741,-212,23,-41.97
28742,-210,10,-41.11
28743,-209,6,-43.26
28745,-208,3,-42.41
28746,-206,-4,-41.56
28747,-205,-7,-40.71
28748,-204,-31,-41.89
28750,-203,-21,-41.07
28751,-202,-12,-40.25
28752,-202,17,-39.43
28753,-201,-20,-43.6
28755,-200,28,-42.77
28756,-199,15,-41.94
28757,-199,19,-41.11
28758,-198,-17,-44.25
28760,-197,-17,-43.39
28761,-196,-18,-42.53
28762,-196,-7,-41.67
28763,-195,-11,-43.83
28765,-194,0,-42.99
28766,-194,3,-42.15
28767,-194,3,-41.31
28768,-193,0,-44.46
28770,-193,4,-43.61
28771,-193,-5,-42.76
28772,-193,3,-41.91
28773,-193,-1,-47.02
28775,-193,3,-46.13
28776,-193,5,-45.24
28777,-193,4,-44.35
28778,-193,-1,-47.49
28780,-193,0,-46.63
28781,-193,6,-45.77
28782,-192,7,-44.91
28783,-192,2,-47.04
28785,-192,1,-46.17
28786,-191,1,-45.3
28787,-191,2,-44.43
28788,-190,-2,-48.55
28790,-189,-5,-47.67
28791,-188,-1,-46.79
28792,-187,-1,-45.91
28793,-186,4,-49.98
28795,-185,1,-49.05
28796,-184,1,-48.12
28797,-183,-3,-47.19
28798,-183,2,-50.28
28800,-182,2,-49.37
28801,-182,0,-48.46
28802,-181,-1,-47.55
28803,-181,-1,-50.62
28805,-180,3,-49.69
28806,-180,0,-48.76
28807,-180,5,-47.83
28808,-180,-13,-51.9
28810,-181,-1,-50.97
28811,-181,5,-50.04
28812,-181,3,-49.11
28813,-181,2,-50.17
28815,-182,4,-49.23
28816,-182,-1,-48.29
28817,-182,5,-47.35
28818,-183,-1,-53.37
28820,-183,-3,-52.39
28821,-183,1,-51.41
28822,-183,3,-50.44
28823,-183,1,-52.44
28825,-183,0,-51.44
28826,-182,1,-50.44
28827,-182,38,-49.48
28828,-182,16,-52.48
28830,-181,19,-51.48
28831,-181,8,-50.48
28832,-181,1,-49.48
28833,-181,-9,-48.52
28835,-181,-5,-47.56
28836,-181,-1,-46.6
28837,-181,-47,-47.62
28838,-182,-15,-46.69
28840,-182,-13,-45.76
28841,-183,-8,-44.83
28842,-183,19,-45.88
28843,-184,23,-44.95
28845,-184,25,-44.02
28846,-184,21,-43.09
28847,-185,4,-42.16
28848,-185,5,-44.23
28850,-185,4,-43.3
28851,-185,0,-42.37
28852,-185,6,-41.44
28853,-186,-28,-36.62
28855,-186,-27,-35.8
28856,-186,-16,-34.98
28857,-186,29,-34.16
28858,-186,19,-32.36
28860,-186,8,-31.56
28861,-185,2,-30.76
28862,-185,4,-29.96
28863,-184,5,-28.22
28865,-184,0,-27.48
28866,-183,-12,-26.74
28867,-183,-6,-26
28868,-183,-33,-22.32
28870,-182,-22,-21.64
28871,-182,-14,-20.96
28872,-181,17,-20.28
28873,-181,20,-13.68
28875,-181,20,-13.08
28876,-180,15,-12.48
28877,-180,19,-11.88
28878,-179,-27,-8.36
28880,-179,-17,-7.84
28881,-179,-15,-7.32
28882,-178,-15,-6.8
28883,-178,-12,0.61
28885,-178,1,1.02
28886,-177,1,1.43
28887,-177,3,1.84
28888,-176,5,7.17
28890,-176,3,7.5
28891,-175,4,7.83
28892,-175,0,14.1
28893,-174,1,14.33
28895,-173,1,14.56
28896,-173,-2,14.79
28897,-172,4,15.02
28898,-171,-2,23.11
28900,-170,2,23.2
28901,-169,2,23.29
28902,-168,-2,23.38
28903,-166,1,28.38
28905,-165,1,28.38
28906,-163,2,28.38
28907,-162,3,36.3
28908,-160,-2,36.19
28910,-158,0,36.08
28911,-156,1,35.97
28912,-154,5,44.77
28913,-152,-1,44.52
28915,-151,2,44.27
28916,-149,-1,44.02
28917,-147,-1,50.7
28918,-145,-2,50.33
28920,-142,-2,49.96
28921,-140,0,49.59
28922,-137,1,58.13
28923,-134,-2,57.63
28925,-131,-10,57.13
28926,-128,4,56.63
28927,-124,1,62.07
28928,-121,1,61.47
28930,-117,3,60.87
28931,-114,1,60.27
28932,-110,-1,68.58
28933,-107,-13,67.84
28935,-104,3,67.1
28936,-101,1,66.36
28937,-98,7,74.53
28938,-95,0,73.68
28940,-92,4,72.83
28941,-89,3,71.98
28942,-86,4,78.06
28943,-83,-1,77.07
28945,-81,-1,76.08
28946,-78,-4,75.09
28947,-75,-2,79.05
28948,-73,37,77.98
28950,-71,31,76.91
28951,-69,23,75.84
28952,-67,8,83.68
28953,-65,3,82.48
28955,-64,-27,81.28
28956,-63,-33,80.08
28957,-62,-24,85.81
28958,-60,-18,84.54
28960,-59,-6,83.27
28961,-58,-1,82
28962,-57,15,87.64
28963,-56,33,86.28
28965,-55,18,84.92
28966,-55,13,88.51
28967,-54,0,87.08
28968,-53,-5,85.65
28970,-52,-2,84.22
28971,-51,-17,86.75
28972,-50,-25,85.28
28973,-49,-12,83.78
28975,-49,-23,82.28
28976,-48,0,80.78
28977,-47,34,84.23
28978,-47,19,82.72
28980,-46,24,81.21
28981,-45,16,79.7
28982,-45,6,84.13
28983,-45,4,82.57
28985,-45,1,81.01
28986,-45,-2,79.45
28987,-45,-10,81.85
28988,-46,-34,80.26
28990,-47,-18,78.67
28991,-47,-17,77.08
28992,-49,-12,79.45
28993,-50,25,77.85
28995,-51,24,76.25
28996,-52,-12,74.65
28997,-53,27,75.03
28998,-55,22,73.47
29000,-56,14,71.91
29001,-57,-10,70.35
29002,-59,-22,75.72
29003,-60,-20,74.12
29005,-62,-12,72.52
29006,-63,-14,70.92
29007,-64,-9,69.32
29008,-65,-11,67.79
29010,-66,2,66.26
29011,-67,8,64.73
29012,-68,5,64.19
29013,-69,7,62.7
29015,-69,6,61.21
29016,-70,0,59.72
29017,-71,2,60.27
29018,-72,0,58.82
29020,-73,4,57.37
29021,-73,1,55.92
29022,-74,-2,55.46
29023,-75,4,54.08
29025,-75,3,52.7
29026,-76,0,51.32
29027,-76,-3,48.95
29028,-76,-12,47.63
29030,-77,3,46.31
29031,-77,0,44.99
29032,-77,-1,44.74
29033,-78,3,43.49
29035,-78,3,42.24
29036,-79,4,40.99
29037,-81,5,37.85
29038,-82,0,36.71
29040,-84,0,35.57
29041,-86,1,34.43
29042,-88,-8,35.34
29043,-90,2,34.25
29045,-92,3,33.16
29046,-94,5,32.07
29047,-95,-2,25.13
29048,-97,1,24.19
29050,-98,2,23.25
29051,-100,0,22.31
29052,-101,1,19.45
29053,-103,-1,18.59
29055,-104,-3,17.73
29056,-106,0,16.87
29057,-107,-9,15.11
29058,-109,2,14.35
29060,-111,4,13.59
29061,-113,4,12.83
29062,-115,5,5.23
29063,-117,6,4.63
29065,-119,4,4.03
29066,-122,0,3.43
29067,-124,-1,-1.06
29068,-126,-2,-1.55
29070,-128,33,-2.04
29071,-130,28,-2.53
29072,-132,12,-7.92
29073,-134,9,-8.31
29075,-135,9,-8.7
29076,-137,-3,-9.09
29077,-138,-4,-15.33
29078,-140,-35,-15.57
29080,-141,-26,-15.81
29081,-142,-16,-16.05
29082,-142,-3,-21.17
29083,-142,20,-21.29
29085,-142,10,-21.41
29086,-141,9,-27.47
29087,-139,11,-27.46
29088,-137,4,-27.45
29090,-135,7,-27.44
29091,-132,-13,-32.33
29092,-129,-37,-32.22
29093,-126,-19,-32.11
29095,-122,-10,-32
29096,-118,-38,-31.85
29097,-114,32,-33.68
29098,-110,26,-33.51
29100,-106,25,-33.34
29101,-102,18,-33.17
29102,-98,9,-40.87
29103,-94,10,-40.57
29105,-90,2,-40.27
29106,-87,-7,-39.97
29107,-83,-7,-43.57
29108,-80,-31,-43.17
29110,-76,-22,-42.77
29111,-73,-12,-42.37
29112,-70,33,-46.88
29113,-67,15,-46.39
29115,-64,15,-45.9
29116,-61,13,-45.41
29117,-58,7,-50.82
29118,-56,4,-50.23
29120,-54,-5,-49.64
29121,-51,-4,-49.05
29122,-49,-8,-51.41
29123,-47,-24,-50.77
29125,-45,-26,-50.13
29126,-44,-17,-49.49
29127,-42,0,-52.74
29128,-40,-1,-51.99
29130,-38,-4,-51.24
29131,-35,-3,-50.49
29132,-34,4,-54.69
29133,-32,6,-53.89
29135,-30,8,-53.09
29136,-29,6,-52.29
29137,-28,1,-55.44
29138,-27,5,-54.59
29140,-25,0,-53.74
29141,-25,2,-52.89
29142,-24,4,-55.98
29143,-23,-1,-55.07
29145,-22,2,-54.16
29146,-22,3,-53.25
29147,-21,1,-54.31
29148,-20,0,-53.37
29150,-19,-6,-52.43
29151,-19,3,-51.49
29152,-18,0,-55.51
29153,-17,-2,-54.53
29155,-16,2,-53.55
29156,-15,-1,-52.57
29157,-15,0,-56.53
29158,-14,-5,-55.49
29160,-14,0,-54.45
29161,-13,4,-53.41
29162,-12,5,-53.38
29163,-12,3,-52.35
29165,-12,-9,-51.32
29166,-11,3,-50.29
29167,-11,0,-52.21
29168,-11,9,-51.13
29170,-11,1,-50.05
29171,-11,-3,-48.97
29172,-12,2,-48.94
29173,-13,3,-47.91
29175,-14,-4,-46.88
29176,-16,-1,-45.85
29177,-17,4,-47.81
29178,-19,0,-46.77
29180,-21,-8,-45.73
29181,-22,0,-44.69
29182,-24,0,-45.64
29183,-26,1,-44.59
29185,-27,1,-43.54
29186,-29,0,-42.49
29187,-31,7,-48.44
29188,-32,-1,-47.39
29190,-34,27,-46.34
29191,-35,32,-45.29
29192,-37,15,-42.3
29193,-38,12,-41.31
29195,-39,6,-40.32
29196,-40,5,-39.33
29197,-41,1,-43.34
29198,-42,-37,-42.35
29200,-43,-23,-41.36
29201,-43,-16,-40.37
29202,-44,-25,-40.43
29203,-44,16,-39.49
29205,-44,9,-38.55
29206,-44,19,-40.58
29207,-43,10,-39.66
29208,-42,7,-38.74
29210,-41,2,-37.82
29211,-41,-1,-36.96
29212,-41,-43,-36.1
29213,-42,-19,-35.24
29215,-43,-30,-34.38
29216,-45,30,-36.54
29217,-47,27,-35.7
29218,-50,24,-34.86
29220,-54,18,-34.02
29221,-57,13,-33.18
29222,-60,8,-31.37
29223,-62,4,-30.56
29225,-63,-2,-29.75
29226,-64,-7,-28.94
29227,-63,-4,-31.18
29228,-60,-29,-30.42
29230,-56,-25,-29.66
29231,-51,-12,-28.9
29232,-43,17,-30.16
29233,-33,18,-29.42
29235,-20,12,-28.68
29236,-6,11,-27.94
29237,12,10,-30.22
29238,33,1,-29.5
29240,58,0,-28.78
29241,84,-6,-28.06
29242,113,-3,-27.4
29243,146,-26,-26.74
29245,180,-21,-26.08
29246,215,-21,-25.42
29247,250,27,-27.76
29248,284,20,-27.1
29250,316,20,-26.44
29251,347,9,-25.78
29252,375,10,-27.14
29253,400,-29,-26.5
29255,422,-21,-25.86
29256,442,-16,-25.22
29257,458,-11,-24.63
29258,471,-6,-24.04
29260,481,2,-23.45
29261,488,3,-22.86
29262,490,3,-25.28
29263,487,6,-24.7
29265,480,-2,-24.12
29266,470,1,-23.54
29267,454,0,-23
29268,435,3,-22.46
29270,412,2,-21.92
29271,387,0,-21.38
29272,359,4,-20.86
29273,330,0,-20.34
29275,301,4,-19.82
29276,270,-3,-19.3
29277,240,0,-20.81
29278,209,-3,-20.32
29280,179,2,-19.83
29281,149,0,-19.34
29282,120,4,-16.92
29283,92,3,-16.5
29285,65,3,-16.08
29286,39,-2,-15.66
29287,15,1,-20.2
29288,-7,-2,-19.74
29290,-29,2,-19.28
29291,-49,1,-18.82
29292,-68,1,-17.4
29293,-85,-2,-16.98
29295,-101,3,-16.56
29296,-115,-4,-16.14
29297,-128,3,-12.76
29298,-140,2,-12.38
29300,-150,3,-12
29301,-158,2,-11.62
29302,-166,-4,-15.23
29303,-171,-4,-14.84
29305,-176,1,-14.45
29306,-180,-2,-14.06
29307,-182,-5,-13.69
29308,-184,2,-13.32
29310,-184,8,-12.95
29311,-184,11,-12.58
29312,-184,0,-11.29
29313,-182,-1,-11
29315,-181,3,-10.71
29316,-179,-5,-10.42
29317,-176,-3,-10.11
29318,-173,-3,-9.8
29320,-170,4,-9.49
29321,-167,0,-9.18
29322,-163,26,-10.9
29323,-160,29,-10.62
29325,-156,15,-10.34
29326,-152,4,-10.06
29327,-147,2,-9.79
29328,-143,-7,-9.52
29330,-139,-6,-9.25
29331,-134,2,-9.01
29332,-130,-34,-8.77
29333,-126,-22,-8.53
29335,-122,-16,-8.29
29336,-118,-12,-11.02
29337,-115,24,-10.75
29338,-111,24,-10.48
29340,-108,19,-10.21
29341,-105,19,-9.97
29342,-101,10,-9.73
29343,-98,2,-9.49
29345,-96,-3,-9.25
29346,-93,-2,-9.01
29347,-90,1,-10.74
29348,-87,-33,-10.47
29350,-85,-30,-10.2
29351,-82,-22,-9.93
29352,-80,15,-10.68
29353,-78,20,-10.43
29355,-76,13,-10.18
29356,-74,15,-9.93
29357,-73,15,-10.69
29358,-71,10,-10.45
29360,-69,-8,-10.21
29361,-68,3,-9.97
29362,-66,3,-11.74
29363,-65,-34,-11.51
29365,-63,-17,-11.28
29366,-61,-13,-11.05
29367,-60,21,-10.82
29368,-58,12,-10.59
29370,-56,13,-10.36
29371,-54,8,-10.13
29372,-52,9,-9.93
29373,-51,8,-9.73
29375,-49,-1,-9.53
29376,-48,-2,-9.33
29377,-47,-2,-12.12
29378,-47,-29,-11.91
29380,-46,-15,-11.7
29381,-46,-26,-11.49
29382,-45,-13,-10.29
29383,-45,-10,-10.09
29385,-44,-4,-9.89
29386,-44,4,-13.65
29387,-43,6,-13.44
29388,-43,7,-13.23
29390,-42,1,-13.02
29391,-42,7,-12.81
29392,-41,-4,-10.62
29393,-41,8,-10.43
29395,-40,8,-10.24
29396,-39,-1,-10.05
29397,-39,3,-10.85
29398,-38,2,-10.65
29400,-37,0,-10.45
29401,-36,-6,-12.23
29402,-35,0,-12.03
29403,-35,-1,-11.83
29405,-34,4,-11.63
29406,-32,3,-10.44
29407,-31,1,-10.23
29408,-30,3,-10.02
29410,-29,4,-9.81
29411,-28,-1,-11.58
29412,-27,1,-11.4
29413,-26,1,-11.22
29415,-25,2,-11.04
29416,-24,1,-11.85
29417,-24,1,-11.65
29418,-23,-3,-11.45
29420,-22,0,-11.25
29421,-22,1,-14.02
29422,-22,1,-13.76
29423,-22,-1,-13.5
29425,-22,-1,-13.24
29426,-22,3,-11
29427,-22,-1,-10.8
29428,-22,-3,-10.6
29430,-22,-1,-10.4
29431,-22,3,-14.16
29432,-22,2,-13.92
29433,-22,-2,-13.68
29435,-22,-1,-13.44
29436,-22,2,-9.24
29437,-22,3,-9.03
29438,-22,2,-8.82
29440,-22,4,-8.61
29441,-22,5,-9.39
29442,-21,-2,-9.17
29443,-21,35,-8.95
29445,-20,17,-8.73
29446,-20,9,-9.5
29447,-19,7,-9.29
29448,-19,1,-9.08
29450,-19,-9,-9.86
29451,-18,-29,-9.64
29452,-18,-32,-9.42
29453,-18,-15,-9.2
29455,-17,-8,-7
29456,-17,-6,-6.8
29457,-17,30,-6.6
29458,-17,24,-6.4
29460,-17,27,-6.2
29461,-17,11,-4.05
29462,-17,9,-3.9
29463,-16,-6,-3.75
29465,-16,5,-3.6
29466,-15,5,0.51
29467,-15,2,0.62
29468,-14,-29,0.73
29470,-14,-23,0.84
29471,-14,-11,5.9
29472,-14,16,5.94
29473,-13,9,5.98
29475,-13,11,6.02
29476,-13,11,5.07
29477,-13,5,5.11
29478,-13,-2,5.15
29480,-13,2,5.19
29481,-12,-8,17.11
29482,-12,-1,17.02
29483,-12,-29,16.93
29485,-11,-14,16.84
29486,-10,-10,19.72
29487,-10,-1,19.58
29488,-9,16,19.44
29490,-8,17,19.3
29491,-8,17,24.11
29492,-7,11,23.92
29493,-6,8,23.73
29495,-6,1,23.54
29496,-5,-8,34.24
29497,-5,3,33.94
29498,-4,-24,33.64
29500,-4,-27,33.34
29501,-3,-12,40.96
29502,-2,22,40.55
29503,-2,-12,40.14
29505,-1,8,39.73
29506,-1,17,45.26
29507,0,-10,44.8
29508,0,-13,44.34
29510,0,-13,43.88
29511,0,-18,56.25
29512,1,-2,55.62
29513,1,2,54.99
29515,1,2,54.36
29516,2,10,60.66
29517,3,7,59.98
29518,3,6,59.3
29520,4,5,58.62
29521,5,1,68.83
29522,6,-6,68.03
29523,8,-1,67.23
29525,9,-19,66.43
29526,11,5,74.52
29527,12,5,73.61
29528,14,-2,72.7
29530,16,2,71.79
29531,18,4,78.81
29532,21,3,77.83
29533,23,2,76.85
29535,26,1,75.87
29536,28,2,82.79
29537,31,-1,81.71
29538,34,-4,80.63
29540,38,-1,79.55
29541,41,1,89.35
29542,45,3,88.15
29543,48,4,86.95
29545,52,-4,85.75
29546,56,4,92.44
29547,59,3,91.13
29548,63,4,89.82
29550,67,2,88.51
29551,70,-2,94.15
29552,74,1,92.79
29553,77,1,91.43
29555,80,1,90.07
29556,84,3,98.57
29557,87,4,97.07
29558,89,2,95.57
29560,92,2,94.07
29561,95,2,102.51
29562,97,-1,100.95
29563,100,2,99.39
29565,102,-2,97.83
29566,104,1,99.23
29567,106,2,97.63
29568,108,-1,96.03
29570,110,0,94.43
29571,112,6,100.74
29572,113,0,99.05
29573,115,-1,97.36
29575,116,0,95.66
29576,117,0,101.88
29577,117,6,100.1
29578,118,26,98.32
29580,118,14,101.51
29581,118,13,99.7
29582,118,14,97.89
29583,118,-1,96.08
29585,118,1,99.22
29586,118,-16,97.38
29587,117,-38,95.54
29588,117,-22,93.7
29590,116,-13,97.8
29591,115,-6,95.94
29592,114,28,94.08
29593,113,23,92.22
29595,112,17,90.36
29596,111,-30,95.48
29597,110,20,93.6
29598,110,11,91.72
29600,109,7,89.84
29601,108,3,91.91
29602,107,1,89.98
29603,106,-25,88.05
29605,105,-19,86.12
29606,104,-11,88.27
29607,103,1,86.42
29608,103,13,84.57
29610,102,14,82.72
29611,101,12,82.88
29612,100,12,81.04
29613,99,9,79.2
29615,98,5,77.36
29616,97,-2,85.47
29617,95,-6,83.58
29618,94,-30,81.69
29620,92,-22,79.8
29621,91,-12,77.03
29622,90,-17,75.26
29623,88,23,73.49
29625,87,26,71.72
29626,86,9,73
29627,84,-13,71.28
29628,83,-14,69.56
29630,82,-6,67.84
29631,81,-9,68.16
29632,79,-12,66.48
29633,78,0,64.8
29635,76,1,63.12
29636,75,6,62.56
29637,73,7,61
29638,72,-1,59.44
29640,70,5,57.88
29641,69,4,58.37
29642,67,0,56.86
29643,66,-1,55.35
29645,65,3,53.84
29646,64,4,48.48
29647,63,0,47.12
29648,62,-5,45.76
29650,61,3,44.4
29651,60,5,46.1
29652,59,-7,44.8
29653,58,-4,43.5
29655,57,3,42.2
29656,55,6,37.02
29657,53,2,35.84
29658,51,3,34.66
29660,50,5,33.48
29661,48,2,33.37
29662,46,2,32.26
29663,44,-5,31.15
29665,42,2,30.04
29666,40,1,25.08
29667,38,-4,24.12
29668,36,-1,23.16
29670,33,4,22.2
29671,31,2,21.32
29672,28,4,20.44
29673,26,0,19.56
29675,23,4,18.68
29676,21,1,11.93
29677,18,-7,11.18
29678,15,2,10.43
29680,13,0,9.68
29681,10,1,6.06
29682,7,-2,5.44
29683,5,3,4.82
29685,3,4,4.2
29686,0,-1,-0.28
29687,-1,-6,-0.76
29688,-4,0,-1.24
29690,-6,4,-1.72
29691,-8,1,-5.14
29692,-11,-2,-5.56
29693,-13,2,-5.98
29695,-15,2,-6.4
29696,-17,-8,-12.68
29697,-18,40,-12.96
29698,-20,10,-13.24
29700,-22,14,-13.52
29701,-23,5,-20.65
29702,-24,0,-20.78
29703,-25,2,-20.91
29705,-25,-5,-27.92
29706,-25,-9,-27.93
29707,-24,-32,-27.94
29708,-23,-20,-27.95
29710,-21,-9,-32.86
29711,-20,-6,-32.77
29712,-17,28,-32.68
29713,-15,20,-32.59
29715,-12,20,-32.44
29716,-10,21,-38.23
29717,-7,7,-38.02
29718,-4,2,-37.81
29720,-1,2,-37.6
29721,1,-8,-44.25
29722,4,-8,-43.9
29723,7,-29,-43.55
29725,10,-15,-43.2
29726,13,-12,-49.74
29727,16,26,-49.28
29728,19,17,-48.82
29730,22,17,-48.36
29731,25,11,-53.8
29732,27,8,-53.24
29733,30,6,-52.68
29735,32,2,-52.12
29736,35,-5,-57.48
29737,37,-1,-56.84
29738,39,-26,-56.2
29740,41,-16,-55.56
29741,43,-14,-58.78
29742,45,20,-58
29743,47,15,-57.22
29745,49,5,-56.44
29746,51,10,-62.6
29747,53,9,-61.76
29748,55,6,-60.92
29750,57,-3,-60.08
29751,58,-7,-61.19
29752,60,-2,-60.3
29753,61,-28,-59.41
29755,63,-20,-58.52
29756,64,-21,-63.55
29757,65,-12,-62.58
29758,66,18,-61.61
29760,67,19,-60.64
29761,67,20,-62.63
29762,68,15,-61.62
29763,69,9,-60.61
29765,69,-17,-59.6
29766,70,-13,-66.49
29767,70,-11,-65.38
29768,71,-12,-64.27
29770,71,-10,-63.16
29771,72,-6,-64.07
29772,72,2,-62.98
29773,73,2,-61.89
29775,73,3,-60.8
29776,74,1,-62.65
29777,74,4,-61.5
29778,74,2,-60.35
29780,75,9,-59.2
29781,75,1,-64.03
29782,75,2,-62.86
29783,74,-11,-61.69
29785,74,-2,-60.52
29786,73,3,-63.3
29787,72,3,-62.08
29788,72,0,-60.86
29790,71,3,-59.64
29791,70,1,-60.44
29792,68,4,-59.24
29793,67,-1,-58.04
29795,66,0,-56.84
29796,64,3,-60.59
29797,62,-5,-59.34
29798,60,-3,-58.09
29800,58,0,-56.84
29801,56,0,-59.61
29802,54,0,-58.38
29803,52,2,-57.15
29805,49,1,-55.92
29806,47,3,-54.72
29807,45,5,-53.52
29808,43,-2,-52.32
29810,41,1,-51.12
29811,40,0,-55.9
29812,38,-1,-54.68
29813,37,0,-53.46
29815,35,-1,-52.24
29816,34,5,-53.03
29817,33,1,-51.82
29818,32,-8,-50.61
29820,31,3,-49.4
29821,31,0,-53.2
29822,30,3,-52
29823,30,0,-50.8
29825,30,1,-49.6
29826,30,2,-54.41
29827,31,-2,-53.22
29828,31,0,-52.03
29830,32,-3,-50.91
29831,32,1,-51.77
29832,32,7,-50.63
29833,32,0,-49.49
29835,32,39,-48.4
29836,31,27,-53.25
29837,30,12,-52.1
29838,28,13,-50.95
29840,26,2,-49.8
29841,24,-3,-50.69
29842,23,-6,-49.58
29843,23,-40,-48.47
29845,22,-28,-47.36
29846,24,-20,-51.27
29847,28,-14,-50.18
29848,32,30,-49.09
29850,40,13,-51.96
29851,49,7,-50.9
29852,61,3,-49.84
29853,77,6,-51.75
29855,98,-1,-50.66
29856,123,8,-49.63
29857,150,-24,-48.6
29858,178,-20,-47.57
29860,211,-15,-49.51
29861,246,-15,-48.51
29862,284,27,-47.51
29863,322,20,-46.51
29865,361,19,-45.51
29866,401,14,-47.52
29867,440,10,-46.53
29868,478,9,-45.54
29870,516,2,-44.55
29871,549,-8,-49.57
29872,579,-3,-48.59
29873,605,-27,-47.61
29875,628,-17,-46.63
29876,646,-9,-50.62
29877,661,-10,-49.61
29878,672,20,-48.6
29880,679,20,-47.59
29881,681,5,-47.63
29882,677,-1,-46.67
29883,668,-10,-45.71
29885,656,-13,-44.75
29886,637,-17,-49.76
29887,612,-16,-48.77
29888,583,3,-47.78
29890,551,4,-46.79
29891,516,0,-50.83
29892,478,6,-49.87
29893,438,6,-48.91
29895,398,-9,-46.96
29896,357,3,-46.03
29897,316,2,-45.1
29898,276,2,-44.17
29900,237,6,-43.24
29901,199,1,-47.29
29902,162,7,-46.34
29903,127,-5,-45.39
29905,93,4,-47.41
29906,61,4,-46.49
29907,31,1,-45.57
29908,3,3,-44.65
29910,-22,0,-45.71
29911,-46,0,-44.81
29912,-68,0,-43.91
29913,-88,5,-43.01
29915,-106,3,-45.08
29916,-123,0,-44.17
29917,-137,2,-43.26
29918,-150,2,-42.35
29920,-161,1,-43.42
29921,-171,0,-42.54
29922,-179,-3,-41.66
29923,-186,-6,-40.78
29925,-191,5,-44.85
29926,-195,2,-43.96
29927,-198,0,-43.07
29928,-200,0,-42.18
29930,-202,-1,-44.26
29931,-202,-4,-43.34
29932,-202,2,-42.42
29933,-201,2,-41.5
29935,-199,-2,-42.56
29936,-197,3,-41.68
29937,-194,1,-40.8
29938,-191,-8,-39.92
29940,-188,5,-41.02
29941,-185,2,-40.14
29942,-181,2,-39.26
29943,-177,-10,-38.38
29945,-173,3,-39.48
29946,-169,-5,-38.63
29947,-165,-2,-37.78
29948,-161,1,-36.93
29950,-157,4,-38.06
29951,-153,6,-37.25
29952,-149,6,-36.44
29953,-145,-3,-35.63
29955,-142,2,-40.76
29956,-138,45,-39.91
29957,-135,16,-39.06
29958,-131,9,-38.21
29960,-128,14,-36.37
29961,-125,9,-35.59
29962,-122,1,-34.81
29963,-119,-36,-34.03
29965,-117,-29,-37.21
29966,-114,-17,-36.41
29967,-112,-3,-35.61
29968,-109,19,-34.81
29970,-107,13,-35.99
29971,-105,6,-35.22
29972,-103,9,-34.45
29973,-101,4,-33.68
29975,-100,-3,-32.95
29976,-98,-13,-32.22
29977,-97,-27,-31.49
29978,-96,-25,-35.74
29980,-94,-14,-34.99
29981,-93,-7,-34.24
29982,-92,31,-33.49
29983,-90,31,-32.74
29985,-89,20,-36.97
29986,-88,21,-36.2
29987,-87,10,-35.43
29988,-86,5,-34.66
29990,-85,3,-33.89
29991,-85,-8,-33.15
29992,-84,-12,-32.41
29993,-84,-32,-31.67
29995,-84,-21,-34.89
29996,-84,-18,-34.17
29997,-84,8,-33.45
29998,-85,16,-32.73
30000,-85,14,-34.98
